﻿;uuid;keywords;new_kw_present;languages;multiple_languages;type;new_kw_de;new_kw_fr;new_kw_en;new_kw_it
0;4ed5290b-95d5-49eb-b41f-130d0e764acf;['Toleranzstufe', 'Administrative Einteilung', 'Politische Grenze', 'Administrative Grenze', 'Planeinteilung', 'Rutschung', 'Amtliche Vermessung AV'];no;['ger'];ger;gemet;Verwaltungsgrenze;limite administrative;administrative boundary;confine amministrativo
1;820f4839-7a08-447b-8bca-b557741a8353;['Politische Grenze', 'Amtliche Vermessung AV', 'Toleranzstufe', 'Rutschung', 'Planeinteilung', 'Administrative Grenze', 'Administrative Einteilung'];no;['ger'];ger;gemet;Verwaltungsgrenze;limite administrative;administrative boundary;confine amministrativo
2;36c3c072-3c19-4c4a-a2c7-68f3b90607e2;['Rutschung', 'Administrative Grenze', 'Administrative Einteilung', 'Planeinteilung', 'Politische Grenze', 'Amtliche Vermessung AV', 'Toleranzstufe'];no;['ger'];ger;gemet;Verwaltungsgrenze;limite administrative;administrative boundary;confine amministrativo
3;2a09a85c-2e60-4757-97a0-e8bd2e72fcd4;['Administrative Einteilung', 'Rutschung', 'Planeinteilung', 'Administrative Grenze', 'Toleranzstufe', 'Amtliche Vermessung AV', 'Politische Grenze'];no;['ger'];ger;gemet;Verwaltungsgrenze;limite administrative;administrative boundary;confine amministrativo
4;89c404b4-c6d4-47db-af0e-4b0843dea70f;['Administrative Einteilung', 'Administrative Grenze', 'Planeinteilung', 'Amtliche Vermessung AV', 'Rutschung', 'Toleranzstufe', 'Politische Grenze'];no;['ger'];ger;gemet;Verwaltungsgrenze;limite administrative;administrative boundary;confine amministrativo
5;069129bb-9403-4755-a541-4ffa65954fc7;['Rutschung', 'Amtliche Vermessung AV', 'Planeinteilung', 'Politische Grenze', 'Toleranzstufe', 'Administrative Einteilung', 'Administrative Grenze'];no;['ger'];ger;gemet;Verwaltungsgrenze;limite administrative;administrative boundary;confine amministrativo
6;bd2b5cbf-745f-42ce-8eae-6a8190ee0fce;['Politische Grenze', 'Administrative Grenze', 'Rutschung', 'Toleranzstufe', 'Administrative Einteilung', 'Amtliche Vermessung AV', 'Planeinteilung'];no;['ger'];ger;gemet;Verwaltungsgrenze;limite administrative;administrative boundary;confine amministrativo
7;85126e7e-448d-4af2-8e76-10bf2b650e18;['Amtliche Vermessung AV', 'Politische Grenze', 'Rutschung', 'Toleranzstufe', 'Administrative Grenze', 'Administrative Einteilung', 'Planeinteilung'];no;['ger'];ger;gemet;Verwaltungsgrenze;limite administrative;administrative boundary;confine amministrativo
8;7ea9fc01-e0ee-41f5-acbd-7314ce178042;['Politische Grenze', 'Toleranzstufe', 'Administrative Einteilung', 'Rutschung', 'Planeinteilung', 'Administrative Grenze', 'Amtliche Vermessung AV'];no;['ger'];ger;gemet;Verwaltungsgrenze;limite administrative;administrative boundary;confine amministrativo
9;1cc1d399-ec7f-4a6e-81c7-101cb67555e0;['Administrative Grenze', 'Planeinteilung', 'Rutschung', 'Politische Grenze', 'Amtliche Vermessung AV', 'Toleranzstufe', 'Administrative Einteilung'];no;['ger'];ger;gemet;Verwaltungsgrenze;limite administrative;administrative boundary;confine amministrativo
10;d4f182b4-9e5e-44c1-9586-52f7fd26b729;['Rutschung', 'Planeinteilung', 'Toleranzstufe', 'Administrative Einteilung', 'Amtliche Vermessung AV', 'Politische Grenze', 'Administrative Grenze'];no;['ger'];ger;gemet;Verwaltungsgrenze;limite administrative;administrative boundary;confine amministrativo
11;4aa954c6-2d71-4d96-ab85-cb5fb128be8e;['Bezirk', 'district', 'distretto', 'district', 'Kantonal', 'Cantonal', 'Cantonale', 'Cantonal', 'Grossregion', 'grande région', 'grande regione', 'major region', 'Administrative Grenze', 'frontière administrative', 'confine amministrativo', 'administrative boundary', 'Politische Grenze', 'limite politique', 'confine politico', 'political boundary', 'Kartografische Generalisierung', 'généralisation cartographique', 'generalizzazione cartografica', 'cartographic generalisation', 'Gemeinde', 'commune', 'comune', 'municipality', 'See', 'lac', 'lago', 'lake', 'Region', 'région', 'regione', 'region', 'FSDI Federal Spatial Data Infrastructure', 'BGDI Bundesgeodaten-Infrastruktur', 'IFDG Infrastruttura federale dei dati geografici', 'IFDG l’Infrastructure Fédérale de données géographiques'];no;['FR', 'IT', 'EN', 'RM', 'DE'];multiple;gemet;Verwaltungsgrenze;limite administrative;administrative boundary;confine amministrativo
12;68924d22-bc42-425e-bbcc-a2f75c5c796c;['Grossregion', 'grande région', 'grande regione', 'major region', 'Bezirk', 'district', 'distretto', 'district', 'Kartografische Generalisierung', 'généralisation cartographique', 'generalizzazione cartografica', 'cartographic generalisation', 'Politische Grenze', 'limite politique', 'confine politico', 'political boundary', 'Kantonal', 'Cantonal', 'Cantonale', 'Cantonal', 'Administrative Grenze', 'frontière administrative', 'confine amministrativo', 'administrative boundary', 'See', 'lac', 'lago', 'lake', 'Gemeinde', 'commune', 'comune', 'municipality', 'Region', 'région', 'regione', 'region', 'FSDI Federal Spatial Data Infrastructure', 'BGDI Bundesgeodaten-Infrastruktur', 'IFDG Infrastruttura federale dei dati geografici', 'IFDG l’Infrastructure Fédérale de données géographiques'];no;['FR', 'IT', 'EN', 'RM', 'DE'];multiple;gemet;Verwaltungsgrenze;limite administrative;administrative boundary;confine amministrativo
13;43c4eb8b-a9b8-417f-a9c5-838fb2517f9b;"['Administrative Einteilung', 'division administrative', 'divisione amministrativa', 'administrative division', 'Administrative Grenze', 'frontière administrative', 'confine amministrativo', 'administrative boundary', 'Quartier', 'quartier', 'quartiere', 'quarter', 'Aufbewahrungs- und Archivierungsplanung AAP - Bund', ""Planification de la conservation et de l'archivage AAP - Conféderation"", 'Pianificazione della conservazione e dell’archiviazione AAP - Confederazione', 'Conservation and archiving planning AAP - Confederation', 'Geobasisdaten', 'géodonnées de base', 'geodati di base', 'official geodata', 'Stadtgebiet', 'zone urbaine', 'area urbana', 'urban area', 'Grenze', 'bordure', 'frontiera', 'border', 'Verwaltungsgrenze', 'limite administrative', 'confine amministrativo', 'administrative boundary']";yes;['FR', 'IT', 'EN', 'DE'];multiple;gemet;Verwaltungsgrenze;limite administrative;administrative boundary;confine amministrativo
14;6518b96f-bbe4-4c65-ab58-74e008d1d6f1;"['Administrative Grenze', 'frontière administrative', 'confine amministrativo', 'administrative boundary', 'Kartografische Generalisierung', 'généralisation cartographique', 'generalizzazione cartografica', 'cartographic generalisation', 'Politische Grenze', 'limite politique', 'confine politico', 'political boundary', 'Grossregion', 'grande région', 'grande regione', 'major region', 'Bezirk', 'district', 'distretto', 'district', 'opendata.swiss', 'opendata.swiss', 'opendata.swiss', 'opendata.swiss', 'opendata.swiss', 'opendata.swiss', 'opendata.swiss', 'opendata.swiss', 'opendata.swiss', 'opendata.swiss', 'Kantonal', 'Cantonal', 'Cantonale', 'Cantonal', 'Aufbewahrungs- und Archivierungsplanung AAP - Bund', ""Planification de la conservation et de l'archivage AAP - Conféderation"", 'Pianificazione della conservazione e dell’archiviazione AAP - Confederazione', 'Conservation and archiving planning AAP - Confederation', 'See', 'lac', 'lago', 'lake', 'Gemeinde', 'commune', 'comune', 'municipality', 'Region', 'région', 'regione', 'region']";no;['FR', 'IT', 'EN', 'RM', 'DE'];multiple;gemet;Verwaltungsgrenze;limite administrative;administrative boundary;confine amministrativo
15;3d920e2b-fd7d-4dc8-b1ce-f43973fb0ae7;['Landesgrenze', 'Amtliche Vermessung AV', 'Administrative Grenze', 'Hoheitsgrenze', 'Politische Grenze', 'Grenze', 'Verwaltungsgrenze', 'Raumplanung', 'Kanton', 'Bezirk', 'Gemeinde'];yes;['ger'];ger;gemet;Verwaltungsgrenze;limite administrative;administrative boundary;confine amministrativo
16;532284b4-49ea-47aa-b277-ca21340ae341;['Administrative Grenze', 'Landesgrenze', 'Hoheitsgrenze', 'Amtliche Vermessung AV', 'Politische Grenze', 'Grenze', 'Verwaltungsgrenze', 'Raumplanung', 'Kanton', 'Bezirk', 'Gemeinde'];yes;['ger'];ger;gemet;Verwaltungsgrenze;limite administrative;administrative boundary;confine amministrativo
17;4b75eeb5-609a-4dba-b9fa-2da9142e1ada;['Hoheitsgrenze', 'Administrative Grenze', 'Politische Grenze', 'Amtliche Vermessung AV', 'Landesgrenze', 'Raumplanung', 'Grenze', 'Verwaltungsgrenze', 'Kanton', 'Bezirk', 'Gemeinde'];yes;['ger'];ger;gemet;Verwaltungsgrenze;limite administrative;administrative boundary;confine amministrativo
18;e62c6abf-df00-452a-bb25-fe1a9110b994;['Landesgrenze', 'Politische Grenze', 'Administrative Grenze', 'Hoheitsgrenze', 'Amtliche Vermessung AV', 'Verwaltungsgrenze', 'Grenze', 'Raumplanung', 'Kanton', 'Bezirk', 'Gemeinde'];yes;['ger'];ger;gemet;Verwaltungsgrenze;limite administrative;administrative boundary;confine amministrativo
19;a32d7aab-a192-494a-abc9-f79d23648627;['Amtliche Vermessung AV', 'Politische Grenze', 'Hoheitsgrenze', 'Landesgrenze', 'Administrative Grenze', 'Grenze', 'Verwaltungsgrenze', 'Raumplanung', 'Kanton', 'Bezirk', 'Gemeinde'];yes;['ger'];ger;gemet;Verwaltungsgrenze;limite administrative;administrative boundary;confine amministrativo
20;362f4606-2e8c-4e6d-955c-ab24a685906c;['Hoheitsgrenze', 'Administrative Grenze', 'Landesgrenze', 'Amtliche Vermessung AV', 'Politische Grenze', 'Grenze', 'Raumplanung', 'Verwaltungsgrenze', 'Kanton', 'Bezirk', 'Gemeinde'];yes;['ger'];ger;gemet;Verwaltungsgrenze;limite administrative;administrative boundary;confine amministrativo
21;9c42b306-52cc-4b66-9398-e523c70fb98c;['Amtliche Vermessung AV', 'Politische Grenze', 'Landesgrenze', 'Hoheitsgrenze', 'Administrative Grenze', 'Grenze', 'Verwaltungsgrenze', 'Raumplanung', 'Kanton', 'Bezirk', 'Gemeinde'];yes;['ger'];ger;gemet;Verwaltungsgrenze;limite administrative;administrative boundary;confine amministrativo
22;1773174c-fed1-4106-97c8-e33fd45fb5e3;['Amtliche Vermessung AV', 'Landesgrenze', 'Hoheitsgrenze', 'Administrative Grenze', 'Politische Grenze', 'Grenze', 'Verwaltungsgrenze', 'Raumplanung', 'Kanton', 'Bezirk', 'Gemeinde'];yes;['ger'];ger;gemet;Verwaltungsgrenze;limite administrative;administrative boundary;confine amministrativo
23;b2832a47-254f-4521-9962-18109a4fce3c;['Landesgrenze', 'Politische Grenze', 'Hoheitsgrenze', 'Amtliche Vermessung AV', 'Administrative Grenze', 'Grenze', 'Raumplanung', 'Verwaltungsgrenze', 'Kanton', 'Bezirk', 'Gemeinde'];yes;['ger'];ger;gemet;Verwaltungsgrenze;limite administrative;administrative boundary;confine amministrativo
24;86ca9db1-cee1-413d-a696-982d019fafed;['Politische Grenze', 'Administrative Grenze', 'Amtliche Vermessung AV', 'Hoheitsgrenze', 'Landesgrenze', 'Verwaltungsgrenze', 'Grenze', 'Raumplanung', 'Kanton', 'Bezirk', 'Gemeinde'];yes;['ger'];ger;gemet;Verwaltungsgrenze;limite administrative;administrative boundary;confine amministrativo
25;223329c8-ee90-4b13-851b-b1a9bfc74737;['Hoheitsgrenze', 'Amtliche Vermessung AV', 'Administrative Grenze', 'Politische Grenze', 'Landesgrenze', 'Verwaltungsgrenze', 'Raumplanung', 'Grenze', 'Kanton', 'Bezirk', 'Gemeinde'];yes;['ger'];ger;gemet;Verwaltungsgrenze;limite administrative;administrative boundary;confine amministrativo
26;41d1940c-55ea-45ab-bf5b-418713f37a51;['Hoheitsgrenze', 'Landesgrenze', 'Politische Grenze', 'Amtliche Vermessung AV', 'Administrative Grenze', 'Grenze', 'Raumplanung', 'Verwaltungsgrenze', 'Kanton', 'Bezirk', 'Gemeinde'];yes;['ger'];ger;gemet;Verwaltungsgrenze;limite administrative;administrative boundary;confine amministrativo
27;f90d0f46-0006-496b-957c-5151c314bfb6;['Hoheitsgrenze', 'Landesgrenze', 'Amtliche Vermessung AV', 'Politische Grenze', 'Administrative Grenze', 'Verwaltungsgrenze', 'Grenze', 'Raumplanung', 'Kanton', 'Bezirk', 'Gemeinde'];yes;['ger'];ger;gemet;Verwaltungsgrenze;limite administrative;administrative boundary;confine amministrativo
28;bea2b29b-2847-48a9-b3ad-e446460aa6d4;['Hoheitsgrenze', 'Politische Grenze', 'Administrative Grenze', 'Amtliche Vermessung AV', 'Landesgrenze', 'Raumplanung', 'Verwaltungsgrenze', 'Grenze', 'Kanton', 'Bezirk', 'Gemeinde'];yes;['ger'];ger;gemet;Verwaltungsgrenze;limite administrative;administrative boundary;confine amministrativo
29;168a5ee6-588d-4f51-af82-016a96c8faa2;['Landesgrenze', 'Administrative Grenze', 'Hoheitsgrenze', 'Politische Grenze', 'Amtliche Vermessung AV', 'Raumplanung', 'Verwaltungsgrenze', 'Grenze', 'Kanton', 'Bezirk', 'Gemeinde'];yes;['ger'];ger;gemet;Verwaltungsgrenze;limite administrative;administrative boundary;confine amministrativo
30;165779cf-977c-40a6-bdc7-bbc4725a01f5;['Landesgrenze', 'Amtliche Vermessung AV', 'Politische Grenze', 'Hoheitsgrenze', 'Administrative Grenze', 'Grenze', 'Raumplanung', 'Verwaltungsgrenze', 'Kanton', 'Bezirk', 'Gemeinde'];yes;['ger'];ger;gemet;Verwaltungsgrenze;limite administrative;administrative boundary;confine amministrativo
31;a8aa974b-fe1b-4e69-89c9-fa6066dcafae;['Amtliche Vermessung AV', 'Landesgrenze', 'Administrative Grenze', 'Hoheitsgrenze', 'Politische Grenze', 'Grenze', 'Verwaltungsgrenze', 'Raumplanung', 'Kanton', 'Bezirk', 'Gemeinde'];yes;['ger'];ger;gemet;Verwaltungsgrenze;limite administrative;administrative boundary;confine amministrativo
32;e14bcb8f-3c2b-4003-8cea-6f9d805bb5ec;['Landesgrenze', 'Administrative Grenze', 'Politische Grenze', 'Hoheitsgrenze', 'Amtliche Vermessung AV', 'Verwaltungsgrenze', 'Grenze', 'Raumplanung', 'Kanton', 'Bezirk', 'Gemeinde'];yes;['ger'];ger;gemet;Verwaltungsgrenze;limite administrative;administrative boundary;confine amministrativo
33;56e59a48-5bde-491d-a7e6-a8ff6338487a;['Landesgrenze', 'Administrative Grenze', 'Politische Grenze', 'Hoheitsgrenze', 'Amtliche Vermessung AV', 'Raumplanung', 'Verwaltungsgrenze', 'Grenze', 'Kanton', 'Bezirk', 'Gemeinde'];yes;['ger'];ger;gemet;Verwaltungsgrenze;limite administrative;administrative boundary;confine amministrativo
34;5dd085ea-cc2b-475c-8612-a3af2f3e9f0d;['Hoheitsgrenze', 'Politische Grenze', 'Amtliche Vermessung AV', 'Administrative Grenze', 'Landesgrenze', 'Verwaltungsgrenze', 'Raumplanung', 'Grenze', 'Kanton', 'Bezirk', 'Gemeinde'];yes;['ger'];ger;gemet;Verwaltungsgrenze;limite administrative;administrative boundary;confine amministrativo
35;fb72213e-e986-443f-beca-1001869ab08c;['opendata.swiss', 'opendata.swiss', 'opendata.swiss', 'opendata.swiss', 'Geodaten', 'géodonnées', 'geodati', 'geodata', 'Hochspannungsleitung', 'ligne à haute tension', 'linea elettrica a alta tensione', 'high voltage line', 'Rohrleitung', 'conduite', 'condotta', 'pipeline', 'Energie', 'énergie', 'energia', 'energy', 'Gebäude', 'bâtiment', 'edificio', 'building', 'Bauwesen und gebaute Umwelt', 'bâtiment', 'edilizia', 'building', 'Gebäude', 'Bâtiments', 'Edifici', 'Buildings', 'Administrative Grenze', 'frontière administrative', 'confine amministrativo', 'administrative boundary', 'Verwaltungsgrenze', 'limite administrative', 'confine amministrativo', 'administrative boundary', 'Höhe', 'altitude', 'altitudine', 'altitude', 'Höhe', 'Altitude', 'Elevazione', 'Elevation', 'Ortsbestimmung', 'identification du lieu (SIG)', 'identificazione della scena', 'scene identification', 'Bodennutzung', 'utilisation du sol', 'uso del suolo', 'soil use', 'Bodennutzung', 'Usage des sols', 'Utilizzo del territorio', 'Land use', 'Grundbuch', 'cadastre', 'catasto dei terreni e delle proprietà', 'land and property register', 'Kataster', 'cadastre', 'catasto dei terreni', 'land register'];yes;['FR', 'IT', 'EN', 'DE'];multiple;gemet;Verwaltungsgrenze;limite administrative;administrative boundary;confine amministrativo
36;419833d1-4c97-47d3-a3de-3598378b75a2;['official geodata', 'géodonnées de base', 'geodati di base', 'Geobasisdaten', 'administrative boundary', 'frontière administrative', 'confine amministrativo', 'Administrative Grenze', 'INSPIRE', 'INSPIRE', 'INSPIRE', 'INSPIRE', 'opendata.swiss', 'opendata.swiss', 'opendata.swiss', 'opendata.swiss', 'opendata.swiss', 'Administrative units', 'Unités administratives', 'Unità amministrative', 'Verwaltungseinheiten', 'National', 'Nationales', 'Nazionali', 'National'];no;['FR', 'IT', 'RM', 'DE', 'EN'];multiple;gemet;Verwaltungsgrenze;limite administrative;administrative boundary;confine amministrativo
37;fc2c80e5-fc87-415a-ac05-b2520957d155;['administrative boundary', 'Administrative Grenze', 'confine amministrativo', 'frontière administrative', 'official geodata', 'Geobasisdaten', 'geodati di base', 'géodonnées de base', 'opendata.swiss', 'opendata.swiss', 'opendata.swiss', 'opendata.swiss', 'INSPIRE', 'INSPIRE', 'INSPIRE', 'INSPIRE', 'National', 'National', 'Nazionali', 'Nationales', 'Administrative units', 'Verwaltungseinheiten', 'Unità amministrative', 'Unités administratives', 'FSDI Federal Spatial Data Infrastructure', 'BGDI Bundesgeodaten-Infrastruktur', 'IFDG Infrastruttura federale dei dati geografici', 'IFDG l’Infrastructure Fédérale de données géographiques'];no;['DE', 'IT', 'FR', 'EN'];multiple;gemet;Verwaltungsgrenze;limite administrative;administrative boundary;confine amministrativo
38;256659fd-16b5-48fa-a4cd-6ca35b167504;['frontière nationale', 'Staatsgrenze', 'confine nazionale', 'national boundary', 'frontière administrative', 'Administrative Grenze', 'confine amministrativo', 'administrative boundary'];no;['DE', 'IT', 'EN', 'FR'];multiple;gemet;Verwaltungsgrenze;limite administrative;administrative boundary;confine amministrativo
39;721E8560-D7C1-4AAD-B323-805988881DBB;['division administrative', 'Administrative Einteilung', 'divisione amministrativa', 'administrative division', 'frontière administrative', 'Administrative Grenze', 'confine amministrativo', 'administrative boundary', 'limite administrative', 'Verwaltungsgrenze', 'confine amministrativo', 'administrative boundary'];yes;['DE', 'IT', 'EN', 'FR'];multiple;gemet;Verwaltungsgrenze;limite administrative;administrative boundary;confine amministrativo
40;ecba5938-eb06-4583-8fd4-69117768105e;['frontière administrative', 'Administrative Grenze', 'confine amministrativo', 'administrative boundary', 'mensuration officielle MO', 'Amtliche Vermessung AV', 'misurazione ufficiale MU', 'cadastral surveying', 'limite territoriale', 'Hoheitsgrenze', 'confine giurisdizionale', 'sovereign border', 'limite administrative', 'Verwaltungsgrenze', 'confine amministrativo', 'administrative boundary'];yes;['DE', 'IT', 'EN', 'FR'];multiple;gemet;Verwaltungsgrenze;limite administrative;administrative boundary;confine amministrativo
41;44405b05-ddb0-4e2b-83fc-ae969d0bb1fd;['canton', 'Kanton', 'cantone', 'canton', 'frontière administrative', 'Administrative Grenze', 'confine amministrativo', 'administrative boundary', 'mensuration officielle MO', 'Amtliche Vermessung AV', 'misurazione ufficiale MU', 'cadastral surveying', 'limite administrative', 'Verwaltungsgrenze', 'confine amministrativo', 'administrative boundary', 'Bezirk', 'disctrict', 'distretto', 'disctrict', 'Gemeinde', 'commune', 'comune', 'municipality'];yes;['DE', 'IT', 'EN', 'FR'];multiple;gemet;Verwaltungsgrenze;limite administrative;administrative boundary;confine amministrativo
42;c82ae22d-82b6-4976-b3ea-65c5421022f6;['canton', 'Kanton', 'cantone', 'canton', 'fond de plan', 'Grundplan', 'piano di base', 'basic plan', 'frontière administrative', 'Administrative Grenze', 'confine amministrativo', 'administrative boundary', 'limite administrative', 'Verwaltungsgrenze', 'confine amministrativo', 'administrative boundary', 'lac', 'See', 'lago', 'lake', 'Bezirk', 'disctrict', 'distretto', 'disctrict', 'Gemeinde', 'commune', 'comune', 'municipality'];yes;['DE', 'IT', 'EN', 'FR'];multiple;gemet;Verwaltungsgrenze;limite administrative;administrative boundary;confine amministrativo
43;ca06b9cc-0a71-4326-a792-fb1efdbf5f32;['canton', 'Kanton', 'cantone', 'canton', 'fond de plan', 'Grundplan', 'piano di base', 'basic plan', 'frontière administrative', 'Administrative Grenze', 'confine amministrativo', 'administrative boundary', 'limite administrative', 'Verwaltungsgrenze', 'confine amministrativo', 'administrative boundary', 'lac', 'See', 'lago', 'lake', 'Bezirk', 'disctrict', 'distretto', 'disctrict', 'Gemeinde', 'commune', 'comune', 'municipality'];yes;['DE', 'IT', 'EN', 'FR'];multiple;gemet;Verwaltungsgrenze;limite administrative;administrative boundary;confine amministrativo
44;0c6d388c-a7da-419c-9802-42ae464963d0;['canton', 'Kanton', 'cantone', 'canton', 'fond de plan', 'Grundplan', 'piano di base', 'basic plan', 'frontière administrative', 'Administrative Grenze', 'confine amministrativo', 'administrative boundary', 'limite administrative', 'Verwaltungsgrenze', 'confine amministrativo', 'administrative boundary', 'lac', 'See', 'lago', 'lake', 'Bezirk', 'disctrict', 'distretto', 'disctrict', 'Gemeinde', 'commune', 'comune', 'municipality'];yes;['DE', 'IT', 'EN', 'FR'];multiple;gemet;Verwaltungsgrenze;limite administrative;administrative boundary;confine amministrativo
45;7611d7a3-95d7-436e-ab88-f9573c5c4588;['Cantonal', 'Kantonal', 'Cantonale', 'Cantonal', 'fond de plan', 'Grundplan', 'piano di base', 'basic plan', 'frontière administrative', 'Administrative Grenze', 'confine amministrativo', 'administrative boundary', 'plan de situation', 'Situationsplan', 'piano di situazione', 'situation plan', 'limite administrative', 'Verwaltungsgrenze', 'confine amministrativo', 'administrative boundary', 'lac', 'See', 'lago', 'lake', 'Kanton', 'canton', 'cantone', 'canton', 'Bezirk', 'disctrict', 'distretto', 'disctrict', 'Gemeinde', 'commune', 'comune', 'municipality'];yes;['DE', 'IT', 'EN', 'FR'];multiple;gemet;Verwaltungsgrenze;limite administrative;administrative boundary;confine amministrativo
