﻿;uuid;keywords;new_kw_present;languages;multiple_languages;type;new_kw_de;new_kw_fr;new_kw_en;new_kw_it
0;1f2c30c0-926b-437c-b4c8-f2dd67ebde40;['Geografische Bezeichnungen', 'Dénominations géographiques', 'Nomi geografici', 'Geographical names', 'Bergname', 'nom de montagne', 'nome di montagna', 'mountain name'];no;['FR', 'IT', 'EN', 'RM', 'DE'];multiple;gemet;Berg;montagne;mountain;montagna
1;acddeb3c-012c-4d4f-86c7-169676fdaf2b;['Geografische Bezeichnungen', 'Dénominations géographiques', 'Nomi geografici', 'Geographical names', 'Bergname', 'nom de montagne', 'nome di montagna', 'mountain name'];no;['FR', 'IT', 'EN', 'RM', 'DE'];multiple;gemet;Berg;montagne;mountain;montagna
2;f606fd9f-0fe1-4d49-9042-a0269ac57e02;"['Toponymie', 'toponymie', 'toponomastica', 'toponymy', 'GIS (Geografisches Informationssystem)', ""SIG (Système d'Information Géographique)"", 'SIG (Sistema Informativo Geografico)', 'GIS (Geographic Information System)', 'Landeskarte', 'carte nationale', 'carta nazionale', 'national map', 'Ort', 'localité', 'località', 'place', 'Ortsname', 'nom de lieu', 'nome del luogo', 'place name', 'Bergname', 'nom de montagne', 'nome di montagna', 'mountain name', 'Geographisches Informationssystem', ""système d'information géographique"", 'sistema informativo geografico', 'geographic information system']";no;['FR', 'IT', 'EN', 'DE'];multiple;gemet;Berg;montagne;mountain;montagna
3;ab24e5cc-7f53-451a-820a-f113fa545943;"['Geobasisdaten', 'géodonnées de base', 'geodati di base', 'official geodata', 'opendata.swiss', 'opendata.swiss', 'opendata.swiss', 'opendata.swiss', 'opendata.swiss', 'Bergname', 'nom de montagne', 'nome di montagna', 'mountain name', 'Aufbewahrungs- und Archivierungsplanung AAP - Bund', ""Planification de la conservation et de l'archivage AAP - Conféderation"", 'Pianificazione della conservazione e dell’archiviazione AAP - Confederazione', 'Conservation and archiving planning AAP - Confederation', 'Geografische Bezeichnungen', 'Dénominations géographiques', 'Nomi geografici', 'Geographical names', 'BGDI Bundesgeodaten-Infrastruktur', 'IFDG l’Infrastructure Fédérale de données géographiques', 'IFDG Infrastruttura federale dei dati geografici', 'FSDI Federal Spatial Data Infrastructure']";no;['FR', 'IT', 'EN', 'RM', 'DE'];multiple;gemet;Berg;montagne;mountain;montagna
4;a74c18d6-8546-4dca-96d9-cb098a4f1980;"['Ort', 'localité', 'località', 'place', 'Bergname', 'nom de montagne', 'nome di montagna', 'mountain name', 'Landeskarte', 'carte nationale', 'carta nazionale', 'national map', 'Ortsname', 'nom de lieu', 'nome del luogo', 'place name', 'GIS (Geografisches Informationssystem)', ""SIG (Système d'Information Géographique)"", 'SIG (Sistema Informativo Geografico)', 'GIS (Geographic Information System)', 'Toponymie', 'toponymie', 'toponomastica', 'toponymy', 'Geodaten', 'géodonnées', 'geodati', 'geodata', 'Geographisches Informationssystem', ""système d'information géographique"", 'sistema informativo geografico', 'geographic information system']";no;['FR', 'IT', 'EN', 'DE'];multiple;gemet;Berg;montagne;mountain;montagna
5;14a2ab54-9647-4f8d-9d70-d82548d31871;"['GIS (Geografisches Informationssystem)', ""SIG (Système d'Information Géographique)"", 'SIG (Sistema Informativo Geografico)', 'GIS (Geographic Information System)', 'Ortsname', 'nom de lieu', 'nome del luogo', 'place name', 'Bergname', 'nom de montagne', 'nome di montagna', 'mountain name', 'Toponymie', 'toponymie', 'toponomastica', 'toponymy', 'Landeskarte', 'carte nationale', 'carta nazionale', 'national map', 'Ort', 'localité', 'località', 'place', 'Geodaten', 'géodonnées', 'geodati', 'geodata', 'Geographisches Informationssystem', ""système d'information géographique"", 'sistema informativo geografico', 'geographic information system']";no;['FR', 'IT', 'EN', 'DE'];multiple;gemet;Berg;montagne;mountain;montagna
6;ae3ad8ff-5a06-4b21-b30e-df18aa771465;"['Ortsname', 'nom de lieu', 'nome del luogo', 'place name', 'GIS (Geografisches Informationssystem)', ""SIG (Système d'Information Géographique)"", 'SIG (Sistema Informativo Geografico)', 'GIS (Geographic Information System)', 'Ort', 'localité', 'località', 'place', 'Geodaten', 'géodonnées', 'geodati', 'geodata', 'Bergname', 'nom de montagne', 'nome di montagna', 'mountain name', 'Landeskarte', 'carte nationale', 'carta nazionale', 'national map', 'Toponymie', 'toponymie', 'toponomastica', 'toponymy', 'Geographisches Informationssystem', ""système d'information géographique"", 'sistema informativo geografico', 'geographic information system']";no;['FR', 'IT', 'EN', 'DE'];multiple;gemet;Berg;montagne;mountain;montagna
7;4e9128a0-746a-42d8-b8a4-3b8e6ac9f228;"['Ortsname', 'nom de lieu', 'nome del luogo', 'place name', 'Bergname', 'nom de montagne', 'nome di montagna', 'mountain name', 'Toponymie', 'toponymie', 'toponomastica', 'toponymy', 'Geodaten', 'géodonnées', 'geodati', 'geodata', 'Ort', 'localité', 'località', 'place', 'Landeskarte', 'carte nationale', 'carta nazionale', 'national map', 'GIS (Geografisches Informationssystem)', ""SIG (Système d'Information Géographique)"", 'SIG (Sistema Informativo Geografico)', 'GIS (Geographic Information System)', 'Geographisch kodierte Daten', 'données géoréférencées', 'dati geo-referenziati', 'geo-referenced data', 'Geographisch kodierte Information', 'informations géoréférencées', 'informazione geo-referenziata', 'geo-referenced information', 'Geographisches Informationssystem', ""système d'information géographique"", 'sistema informativo geografico', 'geographic information system']";no;['FR', 'IT', 'EN', 'DE'];multiple;gemet;Berg;montagne;mountain;montagna
8;b17744cc-ce85-439f-b205-6c80cff34306;"['Bergname', 'nom de montagne', 'nome di montagna', 'mountain name', 'Ort', 'localité', 'località', 'place', 'Geodaten', 'géodonnées', 'geodati', 'geodata', 'Landeskarte', 'carte nationale', 'carta nazionale', 'national map', 'Ortsname', 'nom de lieu', 'nome del luogo', 'place name', 'Toponymie', 'toponymie', 'toponomastica', 'toponymy', 'GIS (Geografisches Informationssystem)', ""SIG (Système d'Information Géographique)"", 'SIG (Sistema Informativo Geografico)', 'GIS (Geographic Information System)', 'Geographisches Informationssystem', ""système d'information géographique"", 'sistema informativo geografico', 'geographic information system']";no;['FR', 'IT', 'EN', 'DE'];multiple;gemet;Berg;montagne;mountain;montagna
9;7e35ba71-7ec0-4e37-ba87-fd881c12ae85;"['Luftbild', 'photographie aérienne', 'fotografia aerea (immagine)', 'aerial photograph', 'Wanderweg', 'sentier de randonnée', 'sentiero escursionistico', 'hiking trail', 'Kartographie', 'cartographie', 'cartografia', 'cartography', 'Gebiet', 'province', 'provincia', 'province', 'Nomenklatur', 'nomenclature', 'nomenclatura', 'nomenclature', 'Bergname', 'nom de montagne', 'nome di montagna', 'mountain name', 'Mobiltelefonie', 'téléphonie mobile', 'telefonia mobile', 'mobile telephony', 'Skitour', 'randonnée à ski', 'escursione con gli sci', 'ski tour', 'GPS (Global Positioning System)', 'GPS (Global Positioning System)', 'GPS (Global Positioning System)', 'GPS (Global Positioning System)', 'Topografische Karte', 'Carte topographique', 'carta topografica', 'Topographic map', 'Landeskarte', 'carte nationale', 'carta nazionale', 'national map', 'Ortsname', 'nom de lieu', 'nome del luogo', 'place name', 'Gewässername', ""Nom de cours d'eau"", ""nome di corso d'acqua"", 'River name', 'Geografische Bezeichnungen', 'Dénominations géographiques', 'Nomi geografici', 'Geographical names']";no;['FR', 'IT', 'EN', 'RM', 'DE'];multiple;gemet;Berg;montagne;mountain;montagna
10;c6effda8-9297-45fb-b600-b32ad63e8419;"['Kartographie', 'cartographie', 'cartografia', 'cartography', 'Skifahren', 'skier', 'sci', 'skiing', 'Schutzgebiet', 'espace protégé', 'area protetta', 'protected area', 'Landeskarte', 'carte nationale', 'carta nazionale', 'national map', 'Bergname', 'nom de montagne', 'nome di montagna', 'mountain name', 'Gebietsname', 'nom de territoire', 'nome di territorio', 'area name', 'Gewässername', ""Nom de cours d'eau"", ""nome di corso d'acqua"", 'River name', 'Ortsname', 'nom de lieu', 'nome del luogo', 'place name', 'Hangneigung', 'déclivité', 'acclività', 'gradient', 'GPS (Global Positioning System)', 'GPS (Global Positioning System)', 'GPS (Global Positioning System)', 'GPS (Global Positioning System)', 'Schneeschuh', 'raquette à neige', 'racchetta da neve', 'snowshoe', 'Skitour', 'randonnée à ski', 'escursione con gli sci', 'ski tour', 'Topografische Karte', 'Carte topographique', 'carta topografica', 'Topographic map', 'Schneesport', 'sport de neige', 'sport della neve', 'snowsport']";no;['FR', 'IT', 'EN', 'DE'];multiple;gemet;Berg;montagne;mountain;montagna
11;d12f970f-6a83-4c33-8cfe-7504b6a5dca9;"['Gewässername', ""Nom de cours d'eau"", ""nome di corso d'acqua"", 'River name', 'Bergname', 'nom de montagne', 'nome di montagna', 'mountain name', 'Historische Karte', 'carte historique', 'carta storica', 'historic map', 'Topografische Karte', 'Carte topographique', 'carta topografica', 'Topographic map', 'Einzelsignatur', 'symbole individuel', 'simbolo individuale', 'individual Symbol', 'Geobasisdaten', 'géodonnées de base', 'geodati di base', 'official geodata', 'Geländedarstellung', 'représentation du terrain', 'rappresentazione del terreno', 'terrain representation', 'Landeskarte', 'carte nationale', 'carta nazionale', 'national map', 'Aufbewahrungs- und Archivierungsplanung AAP - Bund', ""Planification de la conservation et de l'archivage AAP - Conféderation"", 'Pianificazione della conservazione e dell’archiviazione AAP - Confederazione', 'Conservation and archiving planning AAP - Confederation', 'e-geo.ch', 'e-geo.ch', 'e-geo.ch', 'e-geo.ch', 'Ortsname', 'nom de lieu', 'nome del luogo', 'place name', 'Fels', 'roche', 'roccia', 'rock', 'Relief', 'relief', 'rilievo', 'relief (land)', 'Geschichte', 'histoire', 'storia', 'history', 'Gebiet', 'province', 'provincia', 'province', 'Nomenklatur', 'nomenclature', 'nomenclatura', 'nomenclature', 'Geografische Bezeichnungen', 'Dénominations géographiques', 'Nomi geografici', 'Geographical names', 'FSDI Federal Spatial Data Infrastructure', 'BGDI Bundesgeodaten-Infrastruktur', 'IFDG Infrastruttura federale dei dati geografici', 'IFDG l’Infrastructure Fédérale de données géographiques']";no;['FR', 'IT', 'EN', 'RM', 'DE'];multiple;gemet;Berg;montagne;mountain;montagna
12;d3b21424-70a4-4984-a693-aa7f11813c53;"['Weg', 'chemin', 'cammino', 'path', 'Landesgrenze', 'frontière nationale', 'confine nazionale', 'national border', 'Höhenkote', ""cote d'altitude"", 'quota altimetrica', 'spot height', 'Topografische Karte', 'Carte topographique', 'carta topografica', 'Topographic map', 'Landeskarte', 'carte nationale', 'carta nazionale', 'national map', 'Einzelsignatur', 'symbole individuel', 'simbolo individuale', 'individual Symbol', 'Fluss', 'rivière', 'fiume', 'river', 'Aufbewahrungs- und Archivierungsplanung AAP - Bund', ""Planification de la conservation et de l'archivage AAP - Conféderation"", 'Pianificazione della conservazione e dell’archiviazione AAP - Confederazione', 'Conservation and archiving planning AAP - Confederation', 'Historische Karte', 'carte historique', 'carta storica', 'historic map', 'e-geo.ch', 'e-geo.ch', 'e-geo.ch', 'e-geo.ch', 'GIS (Geografisches Informationssystem)', ""SIG (Système d'Information Géographique)"", 'SIG (Sistema Informativo Geografico)', 'GIS (Geographic Information System)', 'Gewässername', ""Nom de cours d'eau"", ""nome di corso d'acqua"", 'River name', 'Geländedarstellung', 'représentation du terrain', 'rappresentazione del terreno', 'terrain representation', 'Geobasisdaten', 'géodonnées de base', 'geodati di base', 'official geodata', 'Bergname', 'nom de montagne', 'nome di montagna', 'mountain name', 'Höhenkurve', 'courbe de niveau', 'curva di livello', 'contour line', 'Geografische Bezeichnungen', 'Dénominations géographiques', 'Nomi geografici', 'Geographical names', 'Bodenbedeckung', 'Occupation des terres', 'Copertura del suolo', 'Land cover', 'Straße', 'route', 'strada', 'road', 'Fels', 'roche', 'roccia', 'rock', 'Gewässer', 'eaux (géographie)', 'acque (geografia)', 'water (geographic)', 'Kartographie', 'cartographie', 'cartografia', 'cartography', 'Bach', 'ruisseau', 'ruscello', 'brook', 'Gebiet', 'province', 'provincia', 'province', 'Nomenklatur', 'nomenclature', 'nomenclatura', 'nomenclature', 'FSDI Federal Spatial Data Infrastructure', 'BGDI Bundesgeodaten-Infrastruktur', 'IFDG Infrastruttura federale dei dati geografici', 'IFDG l’Infrastructure Fédérale de données géographiques']";no;['FR', 'IT', 'EN', 'RM', 'DE'];multiple;gemet;Berg;montagne;mountain;montagna
