﻿;uuid;keywords;new_kw_present;languages;multiple_languages;type;new_kw_de;new_kw_fr;new_kw_en;new_kw_it
0;7a0f05bb-3c54-4932-9aca-d9595587d21d;['Grenze', 'Bezirksgrenze'];no;['ger'];ger;geocat;Bezirk;disctrict;disctrict;distretto
1;e1b8837d-8c19-4b65-a8b5-21aaff44fa91;['Verwaltungseinheiten', 'Unités administratives', 'Unità amministrative', 'Administrative units', 'opendata.swiss', 'opendata.swiss', 'opendata.swiss', 'opendata.swiss', 'opendata.swiss', 'Bezirk', 'district', 'distretto', 'district', 'Bezirksgrenze', 'Limite de district', 'confine di distretto', 'District boundary', 'BGDI Bundesgeodaten-Infrastruktur', 'IFDG l’Infrastructure Fédérale de données géographiques', 'IFDG Infrastruttura federale dei dati geografici', 'FSDI Federal Spatial Data Infrastructure'];yes;['FR', 'IT', 'EN', 'RM', 'DE'];multiple;geocat;Bezirk;disctrict;disctrict;distretto
2;4b7c4c56-7ce8-4123-9f59-adc7d84fd63a;"['Landesgrenze', 'frontière nationale', 'confine nazionale', 'national border', 'Aufbewahrungs- und Archivierungsplanung AAP - Bund', ""Planification de la conservation et de l'archivage AAP - Conféderation"", 'Pianificazione della conservazione e dell’archiviazione AAP - Confederazione', 'Conservation and archiving planning AAP - Confederation', 'Gemeindegrenze', 'Limite de commune', 'confine di comune', 'Municipal boundary', 'Bezirksgrenze', 'Limite de district', 'confine di distretto', 'District boundary', 'Grenze', 'bordure', 'frontiera', 'border', 'Verwaltungsgrenze', 'limite administrative', 'confine amministrativo', 'administrative boundary', 'Kartographie', 'cartographie', 'cartografia', 'cartography', 'Verwaltungseinheiten', 'Unités administratives', 'Unità amministrative', 'Administrative units', 'FSDI Federal Spatial Data Infrastructure', 'BGDI Bundesgeodaten-Infrastruktur', 'IFDG Infrastruttura federale dei dati geografici', 'IFDG l’Infrastructure Fédérale de données géographiques', 'Kanton', 'canton', 'cantone', 'canton']";no;['FR', 'IT', 'EN', 'RM', 'DE'];multiple;geocat;Bezirk;disctrict;disctrict;distretto
3;74d8c1de-81ed-48bf-8742-667b67b1364d;"['Gemeindegrenze', 'Limite de commune', 'confine di comune', 'Municipal boundary', 'GIS (Geografisches Informationssystem)', ""SIG (Système d'Information Géographique)"", 'SIG (Sistema Informativo Geografico)', 'GIS (Geographic Information System)', 'Bezirksgrenze', 'Limite de district', 'confine di distretto', 'District boundary', 'Landschaftsmodell', 'modèle du territoire', 'modello del territorio', 'landscape model', 'Grenze', 'bordure', 'frontiera', 'border', 'See', 'lac', 'lago', 'lake', 'Geographisches Informationssystem', ""système d'information géographique"", 'sistema informativo geografico', 'geographic information system', 'Kanton', 'canton', 'cantone', 'canton', 'Verwaltungsgrenze', 'limite administrative', 'confine amministrativo', 'administrative boundary']";no;['FR', 'IT', 'EN', 'DE'];multiple;geocat;Bezirk;disctrict;disctrict;distretto
4;3d920e2b-fd7d-4dc8-b1ce-f43973fb0ae7;['Gemeindegrenze', 'Landesgrenze', 'Amtliche Vermessung AV', 'Administrative Grenze', 'Bezirksgrenze', 'Hoheitsgrenze', 'Politische Grenze', 'Grenze', 'Verwaltungsgrenze', 'Raumplanung', 'Kanton'];no;['ger'];ger;geocat;Bezirk;disctrict;disctrict;distretto
5;e62c6abf-df00-452a-bb25-fe1a9110b994;['Gemeindegrenze', 'Landesgrenze', 'Politische Grenze', 'Administrative Grenze', 'Hoheitsgrenze', 'Bezirksgrenze', 'Amtliche Vermessung AV', 'Verwaltungsgrenze', 'Grenze', 'Raumplanung', 'Kanton'];no;['ger'];ger;geocat;Bezirk;disctrict;disctrict;distretto
6;9c42b306-52cc-4b66-9398-e523c70fb98c;['Amtliche Vermessung AV', 'Politische Grenze', 'Bezirksgrenze', 'Landesgrenze', 'Hoheitsgrenze', 'Gemeindegrenze', 'Administrative Grenze', 'Grenze', 'Verwaltungsgrenze', 'Raumplanung', 'Kanton'];no;['ger'];ger;geocat;Bezirk;disctrict;disctrict;distretto
7;532284b4-49ea-47aa-b277-ca21340ae341;['Bezirksgrenze', 'Administrative Grenze', 'Landesgrenze', 'Hoheitsgrenze', 'Gemeindegrenze', 'Amtliche Vermessung AV', 'Politische Grenze', 'Grenze', 'Verwaltungsgrenze', 'Raumplanung', 'Kanton'];no;['ger'];ger;geocat;Bezirk;disctrict;disctrict;distretto
8;1773174c-fed1-4106-97c8-e33fd45fb5e3;['Amtliche Vermessung AV', 'Landesgrenze', 'Hoheitsgrenze', 'Administrative Grenze', 'Gemeindegrenze', 'Politische Grenze', 'Bezirksgrenze', 'Grenze', 'Verwaltungsgrenze', 'Raumplanung', 'Kanton'];no;['ger'];ger;geocat;Bezirk;disctrict;disctrict;distretto
9;4b75eeb5-609a-4dba-b9fa-2da9142e1ada;['Gemeindegrenze', 'Hoheitsgrenze', 'Bezirksgrenze', 'Administrative Grenze', 'Politische Grenze', 'Amtliche Vermessung AV', 'Landesgrenze', 'Raumplanung', 'Grenze', 'Verwaltungsgrenze', 'Kanton'];no;['ger'];ger;geocat;Bezirk;disctrict;disctrict;distretto
10;a32d7aab-a192-494a-abc9-f79d23648627;['Amtliche Vermessung AV', 'Politische Grenze', 'Hoheitsgrenze', 'Bezirksgrenze', 'Gemeindegrenze', 'Landesgrenze', 'Administrative Grenze', 'Grenze', 'Verwaltungsgrenze', 'Raumplanung', 'Kanton'];no;['ger'];ger;geocat;Bezirk;disctrict;disctrict;distretto
11;362f4606-2e8c-4e6d-955c-ab24a685906c;['Hoheitsgrenze', 'Administrative Grenze', 'Landesgrenze', 'Bezirksgrenze', 'Gemeindegrenze', 'Amtliche Vermessung AV', 'Politische Grenze', 'Grenze', 'Raumplanung', 'Verwaltungsgrenze', 'Kanton'];no;['ger'];ger;geocat;Bezirk;disctrict;disctrict;distretto
12;223329c8-ee90-4b13-851b-b1a9bfc74737;['Hoheitsgrenze', 'Amtliche Vermessung AV', 'Gemeindegrenze', 'Administrative Grenze', 'Politische Grenze', 'Landesgrenze', 'Bezirksgrenze', 'Verwaltungsgrenze', 'Raumplanung', 'Grenze', 'Kanton'];no;['ger'];ger;geocat;Bezirk;disctrict;disctrict;distretto
13;f90d0f46-0006-496b-957c-5151c314bfb6;['Hoheitsgrenze', 'Landesgrenze', 'Bezirksgrenze', 'Amtliche Vermessung AV', 'Politische Grenze', 'Administrative Grenze', 'Gemeindegrenze', 'Verwaltungsgrenze', 'Grenze', 'Raumplanung', 'Kanton'];no;['ger'];ger;geocat;Bezirk;disctrict;disctrict;distretto
14;b2832a47-254f-4521-9962-18109a4fce3c;['Landesgrenze', 'Politische Grenze', 'Gemeindegrenze', 'Hoheitsgrenze', 'Amtliche Vermessung AV', 'Administrative Grenze', 'Bezirksgrenze', 'Grenze', 'Raumplanung', 'Verwaltungsgrenze', 'Kanton'];no;['ger'];ger;geocat;Bezirk;disctrict;disctrict;distretto
15;5dd085ea-cc2b-475c-8612-a3af2f3e9f0d;['Gemeindegrenze', 'Bezirksgrenze', 'Hoheitsgrenze', 'Politische Grenze', 'Amtliche Vermessung AV', 'Administrative Grenze', 'Landesgrenze', 'Verwaltungsgrenze', 'Raumplanung', 'Grenze', 'Kanton'];no;['ger'];ger;geocat;Bezirk;disctrict;disctrict;distretto
16;41d1940c-55ea-45ab-bf5b-418713f37a51;['Hoheitsgrenze', 'Landesgrenze', 'Bezirksgrenze', 'Politische Grenze', 'Amtliche Vermessung AV', 'Administrative Grenze', 'Gemeindegrenze', 'Grenze', 'Raumplanung', 'Verwaltungsgrenze', 'Kanton'];no;['ger'];ger;geocat;Bezirk;disctrict;disctrict;distretto
17;bea2b29b-2847-48a9-b3ad-e446460aa6d4;['Hoheitsgrenze', 'Politische Grenze', 'Administrative Grenze', 'Amtliche Vermessung AV', 'Landesgrenze', 'Bezirksgrenze', 'Gemeindegrenze', 'Raumplanung', 'Verwaltungsgrenze', 'Grenze', 'Kanton'];no;['ger'];ger;geocat;Bezirk;disctrict;disctrict;distretto
18;86ca9db1-cee1-413d-a696-982d019fafed;['Politische Grenze', 'Administrative Grenze', 'Amtliche Vermessung AV', 'Hoheitsgrenze', 'Bezirksgrenze', 'Gemeindegrenze', 'Landesgrenze', 'Verwaltungsgrenze', 'Grenze', 'Raumplanung', 'Kanton'];no;['ger'];ger;geocat;Bezirk;disctrict;disctrict;distretto
19;168a5ee6-588d-4f51-af82-016a96c8faa2;['Landesgrenze', 'Administrative Grenze', 'Hoheitsgrenze', 'Politische Grenze', 'Amtliche Vermessung AV', 'Gemeindegrenze', 'Bezirksgrenze', 'Raumplanung', 'Verwaltungsgrenze', 'Grenze', 'Kanton'];no;['ger'];ger;geocat;Bezirk;disctrict;disctrict;distretto
20;165779cf-977c-40a6-bdc7-bbc4725a01f5;['Landesgrenze', 'Amtliche Vermessung AV', 'Gemeindegrenze', 'Bezirksgrenze', 'Politische Grenze', 'Hoheitsgrenze', 'Administrative Grenze', 'Grenze', 'Raumplanung', 'Verwaltungsgrenze', 'Kanton'];no;['ger'];ger;geocat;Bezirk;disctrict;disctrict;distretto
21;a8aa974b-fe1b-4e69-89c9-fa6066dcafae;['Amtliche Vermessung AV', 'Landesgrenze', 'Bezirksgrenze', 'Administrative Grenze', 'Hoheitsgrenze', 'Gemeindegrenze', 'Politische Grenze', 'Grenze', 'Verwaltungsgrenze', 'Raumplanung', 'Kanton'];no;['ger'];ger;geocat;Bezirk;disctrict;disctrict;distretto
22;e14bcb8f-3c2b-4003-8cea-6f9d805bb5ec;['Landesgrenze', 'Administrative Grenze', 'Politische Grenze', 'Gemeindegrenze', 'Bezirksgrenze', 'Hoheitsgrenze', 'Amtliche Vermessung AV', 'Verwaltungsgrenze', 'Grenze', 'Raumplanung', 'Kanton'];no;['ger'];ger;geocat;Bezirk;disctrict;disctrict;distretto
23;56e59a48-5bde-491d-a7e6-a8ff6338487a;['Landesgrenze', 'Administrative Grenze', 'Politische Grenze', 'Gemeindegrenze', 'Hoheitsgrenze', 'Amtliche Vermessung AV', 'Bezirksgrenze', 'Raumplanung', 'Verwaltungsgrenze', 'Grenze', 'Kanton'];no;['ger'];ger;geocat;Bezirk;disctrict;disctrict;distretto
24;ae8fe0bb-b5c6-41a6-9e70-862a455cc29e;"['Bezirksgrenze', 'Limite de district', 'confine di distretto', 'District boundary', 'Landschaftsmodell', 'modèle du territoire', 'modello del territorio', 'landscape model', 'GIS (Geografisches Informationssystem)', ""SIG (Système d'Information Géographique)"", 'SIG (Sistema Informativo Geografico)', 'GIS (Geographic Information System)', 'Aufbewahrungs- und Archivierungsplanung AAP - Bund', ""Planification de la conservation et de l'archivage AAP - Conféderation"", 'Pianificazione della conservazione e dell’archiviazione AAP - Confederazione', 'Conservation and archiving planning AAP - Confederation', 'Geobasisdaten', 'géodonnées de base', 'geodati di base', 'official geodata', 'Gemeindegrenze', 'Limite de commune', 'confine di comune', 'Municipal boundary', 'Hoheitsgrenze', 'limite territoriale', 'confine giurisdizionale', 'sovereign border', 'Landesgrenze', 'frontière nationale', 'confine nazionale', 'national border', 'See', 'lac', 'lago', 'lake', 'Grenze', 'bordure', 'frontiera', 'border', 'Geographisches Informationssystem', ""système d'information géographique"", 'sistema informativo geografico', 'geographic information system']";no;['FR', 'IT', 'EN', 'DE'];multiple;geocat;Bezirk;disctrict;disctrict;distretto
25;86cb844f-296b-40cb-b972-5b1ae8028f7c;"['Landesgrenze', 'frontière nationale', 'confine nazionale', 'national border', 'Kantonal', 'Cantonal', 'Cantonale', 'Cantonal', 'Gemeindegrenze', 'Limite de commune', 'confine di comune', 'Municipal boundary', 'Bezirk', 'district', 'distretto', 'district', 'Bezirksgrenze', 'Limite de district', 'confine di distretto', 'District boundary', 'Geobasisdaten', 'géodonnées de base', 'geodati di base', 'official geodata', 'opendata.swiss', 'opendata.swiss', 'opendata.swiss', 'opendata.swiss', 'opendata.swiss', 'Aufbewahrungs- und Archivierungsplanung AAP - Bund', ""Planification de la conservation et de l'archivage AAP - Conféderation"", 'Pianificazione della conservazione e dell’archiviazione AAP - Confederazione', 'Conservation and archiving planning AAP - Confederation', 'Verwaltungseinheiten', 'Unités administratives', 'Unità amministrative', 'Administrative units', 'Gemeinde', 'commune', 'comune', 'municipality', 'BGDI Bundesgeodaten-Infrastruktur', 'IFDG l’Infrastructure Fédérale de données géographiques', 'IFDG Infrastruttura federale dei dati geografici', 'FSDI Federal Spatial Data Infrastructure', 'Kanton', 'canton', 'cantone', 'canton', 'Verwaltungsgrenze', 'limite administrative', 'confine amministrativo', 'administrative boundary']";yes;['FR', 'IT', 'EN', 'RM', 'DE'];multiple;geocat;Bezirk;disctrict;disctrict;distretto
26;c82ae22d-82b6-4976-b3ea-65c5421022f6;['canton', 'Kanton', 'cantone', 'canton', 'fond de plan', 'Grundplan', 'piano di base', 'basic plan', 'Limite de district', 'Bezirksgrenze', 'confine di distretto', 'District boundary', 'Limite de commune', 'Gemeindegrenze', 'confine di comune', 'Municipal boundary', 'frontière administrative', 'Administrative Grenze', 'confine amministrativo', 'administrative boundary', 'limite administrative', 'Verwaltungsgrenze', 'confine amministrativo', 'administrative boundary', 'lac', 'See', 'lago', 'lake'];no;['DE', 'IT', 'EN', 'FR'];multiple;geocat;Bezirk;disctrict;disctrict;distretto
27;44405b05-ddb0-4e2b-83fc-ae969d0bb1fd;['canton', 'Kanton', 'cantone', 'canton', 'Limite de district', 'Bezirksgrenze', 'confine di distretto', 'District boundary', 'Limite de commune', 'Gemeindegrenze', 'confine di comune', 'Municipal boundary', 'frontière administrative', 'Administrative Grenze', 'confine amministrativo', 'administrative boundary', 'mensuration officielle MO', 'Amtliche Vermessung AV', 'misurazione ufficiale MU', 'cadastral surveying', 'limite administrative', 'Verwaltungsgrenze', 'confine amministrativo', 'administrative boundary'];no;['DE', 'IT', 'EN', 'FR'];multiple;geocat;Bezirk;disctrict;disctrict;distretto
28;0c6d388c-a7da-419c-9802-42ae464963d0;['canton', 'Kanton', 'cantone', 'canton', 'fond de plan', 'Grundplan', 'piano di base', 'basic plan', 'Limite de district', 'Bezirksgrenze', 'confine di distretto', 'District boundary', 'Limite de commune', 'Gemeindegrenze', 'confine di comune', 'Municipal boundary', 'frontière administrative', 'Administrative Grenze', 'confine amministrativo', 'administrative boundary', 'limite administrative', 'Verwaltungsgrenze', 'confine amministrativo', 'administrative boundary', 'lac', 'See', 'lago', 'lake'];no;['DE', 'IT', 'EN', 'FR'];multiple;geocat;Bezirk;disctrict;disctrict;distretto
29;ca06b9cc-0a71-4326-a792-fb1efdbf5f32;['canton', 'Kanton', 'cantone', 'canton', 'fond de plan', 'Grundplan', 'piano di base', 'basic plan', 'Limite de district', 'Bezirksgrenze', 'confine di distretto', 'District boundary', 'Limite de commune', 'Gemeindegrenze', 'confine di comune', 'Municipal boundary', 'frontière administrative', 'Administrative Grenze', 'confine amministrativo', 'administrative boundary', 'limite administrative', 'Verwaltungsgrenze', 'confine amministrativo', 'administrative boundary', 'lac', 'See', 'lago', 'lake'];no;['DE', 'IT', 'EN', 'FR'];multiple;geocat;Bezirk;disctrict;disctrict;distretto
30;7611d7a3-95d7-436e-ab88-f9573c5c4588;['Limite de commune', 'Gemeindegrenze', 'confine di comune', 'Municipal boundary', 'Cantonal', 'Kantonal', 'Cantonale', 'Cantonal', 'fond de plan', 'Grundplan', 'piano di base', 'basic plan', 'Limite de district', 'Bezirksgrenze', 'confine di distretto', 'District boundary', 'frontière administrative', 'Administrative Grenze', 'confine amministrativo', 'administrative boundary', 'plan de situation', 'Situationsplan', 'piano di situazione', 'situation plan', 'limite administrative', 'Verwaltungsgrenze', 'confine amministrativo', 'administrative boundary', 'lac', 'See', 'lago', 'lake', 'Kanton', 'canton', 'cantone', 'canton'];no;['DE', 'IT', 'EN', 'FR'];multiple;geocat;Bezirk;disctrict;disctrict;distretto
