﻿;uuid;keywords;new_kw_present;languages;multiple_languages;type;new_kw_de;new_kw_fr;new_kw_en;new_kw_it
0;90792ddc-3876-4ff8-99b6-93753ff90461;['Biotopflächen', 'Lebensraum', 'Amphibien', 'Biotopschutz', 'Biotop'];yes;['ger'];ger;gemet;Biotop;biotope;biotope;biotopo
1;dd284649-dcb3-4f62-aebf-cc70e8e31040;['Amphibien', 'Biotopschutz', 'Biotop', 'Lebensraum', 'Biotopflächen'];yes;['ger'];ger;gemet;Biotop;biotope;biotope;biotopo
2;a5ce10ef-61e9-43c0-8a05-ae4825eeee17;['Biotop', 'Lebensraum', 'Biotopschutz', 'Amphibien', 'Biotopflächen'];yes;['ger'];ger;gemet;Biotop;biotope;biotope;biotopo
3;70d55eb2-89b7-4eb0-96ba-7e1470561ef4;['Amphibien', 'Biotop', 'Lebensraum', 'Biotopschutz', 'Biotopflächen'];yes;['ger'];ger;gemet;Biotop;biotope;biotope;biotopo
4;e67ddf72-36c4-48cc-bd62-899150719df4;['Biotopschutz', 'Amphibien', 'Biotop', 'Lebensraum', 'Biotopflächen'];yes;['ger'];ger;gemet;Biotop;biotope;biotope;biotopo
5;e1a56773-3cd3-48a4-a468-2756cae294d5;['Amphibien', 'Lebensraum', 'Biotopschutz', 'Biotop', 'Biotopflächen'];yes;['ger'];ger;gemet;Biotop;biotope;biotope;biotopo
6;c123d9fd-bdfc-4acc-9ff1-4434a39ec15f;['Amphibien', 'Biotop', 'Biotopschutz', 'Lebensraum', 'Biotopflächen'];yes;['ger'];ger;gemet;Biotop;biotope;biotope;biotopo
7;141d4063-7212-42c6-bb55-5e062aa57acf;['Biotop', 'Biotopschutz', 'Lebensraum', 'Amphibien', 'Biotopflächen'];yes;['ger'];ger;gemet;Biotop;biotope;biotope;biotopo
8;66ad8487-06b8-4e33-9dc5-687d28501912;['Biotopschutz', 'Lebensraum', 'Amphibien', 'Biotop', 'Biotopflächen'];yes;['ger'];ger;gemet;Biotop;biotope;biotope;biotopo
9;132be320-fc37-47e1-a365-0e1ca8d0db28;['Amphibien', 'Biotop', 'Biotopschutz', 'Lebensraum', 'Biotopflächen'];yes;['ger'];ger;gemet;Biotop;biotope;biotope;biotopo
10;826bf157-a896-495f-9c2e-90ac61fa99b2;['Amphibien', 'Biotopschutz', 'Biotop', 'Lebensraum', 'Biotopflächen'];yes;['ger'];ger;gemet;Biotop;biotope;biotope;biotopo
11;2c28732c-7273-487f-81bc-8c9e9882383b;['Amphibien', 'Lebensraum', 'Biotopschutz', 'Biotop', 'Biotopflächen'];yes;['ger'];ger;gemet;Biotop;biotope;biotope;biotopo
12;f956d88c-389d-44a6-a41e-386f944d7107;['Biotopschutz', 'Biotop', 'Lebensraum', 'Amphibien', 'Biotopflächen'];yes;['ger'];ger;gemet;Biotop;biotope;biotope;biotopo
13;bd776404-9d31-474b-8576-6358f0432853;['Biotopschutz', 'Lebensraum', 'Biotop', 'Amphibien', 'Biotopflächen'];yes;['ger'];ger;gemet;Biotop;biotope;biotope;biotopo
14;ecee1c92-9d66-41c7-af14-900902f54527;['Biotopflächen', 'Zone de biotope', 'Zona biotopo', 'Biotope area', 'Gewässerraum', 'espace réservé aux eaux', 'spazio riservato alle acque', 'space provided for waters', 'Umwelt', 'environnement', 'ambiente (in generale)', 'environment', 'Lebensräume und Biotope', 'Habitats et biotopes', 'Habitat e biotopi', 'Habitats and biotopes', 'Schutzgebiete', 'Sites protégés', 'Siti protetti', 'Protected sites', 'e-geo.ch', 'e-geo.ch', 'e-geo.ch', 'e-geo.ch', 'FSDI Federal Spatial Data Infrastructure', 'BGDI Bundesgeodaten-Infrastruktur', 'IFDG Infrastruttura federale dei dati geografici', 'IFDG l’Infrastructure Fédérale de données géographiques'];no;['FR', 'IT', 'EN', 'RM', 'DE'];multiple;gemet;Biotop;biotope;biotope;biotopo
15;09d0ed3b-7bf4-4301-bb23-2027fd160ab5;"['Flurstücke/Grundstücke (Katasterparzellen)', 'Parcelles cadastrales', 'Parcelle catastali', 'Cadastral parcels', 'Lebensräume und Biotope', 'Habitats et biotopes', 'Habitat e biotopi', 'Habitats and biotopes', 'Bodennutzung', 'Usage des sols', 'Utilizzo del territorio', 'Land use', 'Schutzgebiete', 'Sites protégés', 'Siti protetti', 'Protected sites', 'Gesetzgebung', 'législation', 'legislazione', 'legislation', 'Verwaltung, Organisation, Institutionen, Planung, Politik und -vollzug, immaterielle Massnahmen', 'administration', 'amministrazione', 'administration', 'Natürliche Lebensräume, Landschaft, Ökosysteme', 'zones naturelles, paysages, écosystèmes', 'aree naturali, paesaggio, ecosistemi', 'natural areas, landscape, ecosystems', 'Lärm, Erschütterungen', 'bruit, vibrations', 'rumore, vibrazioni', 'noise, vibrations', 'Bauwesen und gebaute Umwelt', 'bâtiment', 'edilizia', 'building', 'National', 'Nationales', 'Nazionali', 'National', 'Grundstück', 'terrain', 'fondo', 'site', 'Grundwasserschutzareal', 'périmètre de protection des eaux souterraines', 'area di protezione delle acque sotterranee', 'groundwater protection area', 'Grundwasserschutzzone', 'zone de protection des eaux souterraines', 'zona di protezione delle acque sotterranee', 'groundwater protection zone', 'Natur und Landschaft', 'Nature et paysage', 'Natura e paesaggio', 'Nature and Landscape', 'ÖREB', 'RDPPF', 'RDPP', 'OeREB', 'Gestaltungsplan', ""plan d'aménagement"", ""piano d'edificabilità"", 'development plan', 'Quartierplan', 'plan de quartier', 'piano di quartiere', 'quarter map', 'Amtliche Vermessung AV', 'mensuration officielle MO', 'misurazione ufficiale MU', 'cadastral surveying', 'Belasteter Standort', 'site pollué', 'sito inquinato', 'polluted site', 'Biotopflächen', 'Zone de biotope', 'Zona biotopo', 'Biotope area', 'Geodienst', 'géoservice', 'geoservizio', 'geoservice', 'Gewässer', 'eaux', 'acque', 'waters', 'Gewässerschutzbereich', 'secteur de protection des eaux', 'settore di protezione delle acque', 'water protection sector', 'Grundnutzung', 'affectation primaire', 'utilizzazione di base', 'primary use']";no;['FR', 'IT', 'EN', 'DE'];multiple;gemet;Biotop;biotope;biotope;biotopo
16;1106bb5f-de67-4880-8a32-6bda61805a50;['Aires protégées', 'Zone de biotope', 'Nature et paysage', 'plan', 'territoire'];no;['fre'];fre;gemet;Biotop;biotope;biotope;biotopo
17;aeaf62a5-da7f-483b-8877-ff56eadd41c1;"['canton', 'Kanton', 'cantone', 'canton', 'Zone de biotope', 'Biotopflächen', 'Zona biotopo', 'Biotope area', 'zone naturelle protégée', 'Naturschutzzone', 'zona naturale protetta', 'protected natural zone', 'plan de zones', 'Zonenplan', 'piano delle zone', 'zoning plan', 'nature', 'Natur', 'natura', 'nature', 'faune', 'Fauna', 'fauna', 'fauna', 'zone', 'Fläche', 'areale di distribuzione', 'distribution area', 'flore', 'Flora', 'flora (biologia)', 'flora (biology)', ""plan d'aménagement"", 'Entwicklungsplan', 'piano di sviluppo', 'development plan', 'biotope', 'Biotop', 'biotopo', 'biotope', ""plan d'affectation"", 'Bebauungsplan', 'piano regolatore', 'allocation plan', 'affectation', 'Allokation', 'allocazione', 'allocation', ""planification de l'espace physique"", 'Raumplanung', 'pianificazione dello spazio fisico', 'physical planning', 'aménagement du territoire', 'Flächenstruktur', 'assetto del territorio', 'land setup', 'protection du paysage', 'Landschaftsschutz', 'conservazione del paesaggio', 'landscape conservation', 'protection de la nature', 'Naturschutz', 'protezione della natura', 'nature protection']";yes;['DE', 'IT', 'EN', 'FR'];multiple;gemet;Biotop;biotope;biotope;biotopo
