﻿;uuid;keywords;new_kw_present;languages;multiple_languages;type;new_kw_de;new_kw_fr;new_kw_en;new_kw_it
0;a2f922b5-6b40-4e19-ac9e-5dc13fd6c053;['Entwässerung', 'drainage', 'drenaggio', 'drainage', 'Entwässerungsplan', 'plan de drainage', 'piano di drenaggio', 'drainage plan'];yes;['FR', 'IT', 'EN', 'DE'];multiple;gemet;Entwässerung;drainage;drainage;drenaggio
1;8848b7bd-3a9d-435e-98c2-a8faef304a0d;['Entwässerung', 'drainage', 'drenaggio', 'drainage', 'Entwässerungsplan', 'plan de drainage', 'piano di drenaggio', 'drainage plan'];yes;['FR', 'IT', 'EN', 'DE'];multiple;gemet;Entwässerung;drainage;drainage;drenaggio
2;9945d8cc-1e46-4f05-8ec5-dc0e863c4f28;['Entwässerung', 'drainage', 'drenaggio', 'drainage', 'Entwässerungsplan', 'plan de drainage', 'piano di drenaggio', 'drainage plan'];yes;['FR', 'IT', 'EN', 'DE'];multiple;gemet;Entwässerung;drainage;drainage;drenaggio
3;664aed6b-9b0e-4920-b837-977e7429b60c;['Entwässerung', 'drainage', 'drenaggio', 'drainage', 'Entwässerungsplan', 'plan de drainage', 'piano di drenaggio', 'drainage plan'];yes;['FR', 'IT', 'EN', 'DE'];multiple;gemet;Entwässerung;drainage;drainage;drenaggio
4;983de3ba-46ff-495e-bf0f-dc7f46fef900;['Entwässerungsplan', 'piano di drenaggio', 'drainage plan', 'plan de drainage', 'Planung', 'pianificazione', 'planning', 'planification', 'Siedlung', 'insediamento umano', 'human settlement', 'établissement humain', 'Abwasser', 'acqua di rifiuto', 'waste water', 'eau usée'];no;['IT', 'EN', 'FR', 'DE'];multiple;gemet;Entwässerung;drainage;drainage;drenaggio
5;a652f6e8-2b49-4773-bba9-2c822e964cd8;['Entwässerungsplan', 'piano di drenaggio', 'drainage plan', 'plan de drainage', 'Planung', 'pianificazione', 'planning', 'planification', 'Siedlung', 'insediamento umano', 'human settlement', 'établissement humain', 'Abwasser', 'acqua di rifiuto', 'waste water', 'eau usée'];no;['IT', 'EN', 'FR', 'DE'];multiple;gemet;Entwässerung;drainage;drainage;drenaggio
6;bba0bc21-0e15-4f78-a182-a6aaf4fd8d59;['Entwässerung', 'drainage', 'drenaggio', 'drainage', 'Dränung', 'drainage du sous-sol', 'drenaggio sotterraneo', 'subsoil drainage', 'Leitungskataster', 'cadastre des conduites', 'catasto delle condotte', 'pipeline cadastre', 'Entwässerungsplan', 'plan de drainage', 'piano di drenaggio', 'drainage plan'];yes;['FR', 'IT', 'EN', 'DE'];multiple;gemet;Entwässerung;drainage;drainage;drenaggio
7;0978bcd8-3e6f-485b-9045-9b4911d8373c;['Geodaten', 'Entwässerungsplan', 'Wasserversorgung', 'Entwässerung', 'Entwässerungsanlage', 'Kanalisation'];yes;['ger'];ger;gemet;Entwässerung;drainage;drainage;drenaggio
8;1a2d7a3d-42f1-4a09-ab40-b33e11b7981d;['Geodaten', 'Entwässerungsplan', 'Entwässerungsanlage', 'Wasserversorgung', 'Kanalisation', 'Entwässerung'];yes;['ger'];ger;gemet;Entwässerung;drainage;drainage;drenaggio
9;10b765dd-8f9d-45d7-9f5a-4f4e643f761e;['Geodaten', 'Entwässerungsplan', 'Entwässerungsanlage', 'Entwässerung', 'Wasserversorgung', 'Kanalisation'];yes;['ger'];ger;gemet;Entwässerung;drainage;drainage;drenaggio
