﻿;uuid;keywords;new_kw_present;languages;multiple_languages;type;new_kw_de;new_kw_fr;new_kw_en;new_kw_it
0;37c870da-4658-457a-822d-45c4e28fa39e;['Erdsonde', 'Erdwärmesonde', 'Grundwasserfassung', 'Grundwasser', 'Erdwärme'];yes;['RM', 'DE'];multiple;gemet;Erdwärme;enérgie géothermique;geothermal energy;energia geotermica
1;6d13c127-f319-4f80-9498-9e65ed6a9b8f;['Übersichtsplan', 'Übersichtskarte', 'Erdwärmesonde', 'Untergrund', 'Hydrogeologie', 'Wärme', 'Ressource', 'Abwärmenutzung', 'Erdwärme', 'Energiequelle', 'Wärmepumpe', 'Energie'];yes;['ger'];ger;gemet;Erdwärme;enérgie géothermique;geothermal energy;energia geotermica
2;431aaf89-c1a0-4fc1-866a-8ef18c7d827c;['Untergrund', 'Wärme', 'Wärmepumpe', 'Grundwasser', 'Hydrogeologie', 'Ressource', 'Erdwärme', 'Energie', 'Erdwärmesonde', 'Lithologie', 'Energiequellen'];yes;['ger'];ger;gemet;Erdwärme;enérgie géothermique;geothermal energy;energia geotermica
3;7c512ebf-b4fe-4cc0-9c71-b5cfe4fb1c83;['Sonde géothermique', 'Erdwärmesonde', 'Sonde geotermiche', 'Geothermal probes'];no;['DE', 'IT', 'EN', 'FR'];multiple;gemet;Erdwärme;enérgie géothermique;geothermal energy;energia geotermica
4;0de09a33-b04a-41f6-95f4-997905622178;['Sonde géothermique', 'Erdwärmesonde', 'Sonde geotermiche', 'Geothermal probes'];no;['DE', 'IT', 'EN', 'FR'];multiple;gemet;Erdwärme;enérgie géothermique;geothermal energy;energia geotermica
5;75c6f67a-4916-4cc5-827e-78e9cb84791f;['Sonde géothermique', 'Erdwärmesonde', 'Sonde geotermiche', 'Geothermal probes'];no;['DE', 'IT', 'EN', 'FR'];multiple;gemet;Erdwärme;enérgie géothermique;geothermal energy;energia geotermica
6;7c7f0530-a645-40ef-bde0-f1cb472c41db;['eaux souterraines', 'Grundwasser', 'acqua sotterranea', 'groundwater', 'karst', 'Karstgebiet', 'carso', 'karst', 'Sonde géothermique', 'Erdwärmesonde', 'Sonde geotermiche', 'Geothermal probes'];no;['DE', 'IT', 'EN', 'FR'];multiple;gemet;Erdwärme;enérgie géothermique;geothermal energy;energia geotermica
