﻿;uuid;keywords;new_kw_present;languages;multiple_languages;type;new_kw_de;new_kw_fr;new_kw_en;new_kw_it
0;f7c3802b-3b19-4bb5-bb65-6a4e0e36fbb9;['Adresses de bâtiments', 'Building address', 'Gebäudeadressen', 'Indirizzi di costruzione', 'rgistre des bâtiments et logements RegBL', 'federal register of buildings and dwellings RBD', 'Gebäude- und Wohnungsregister GWR', 'registro degli edifici e delle abitazioni REA'];no;['FR', 'IT', 'EN', 'DE'];multiple;geocat;Gebäudeadresse;adresse de bâtiment;building address;indirizzo di edificio
1;12aa7fbb-63b7-4cf4-baa4-f7b08e4b3f82;['Gebäudeadressen'];no;['ger'];ger;geocat;Gebäudeadresse;adresse de bâtiment;building address;indirizzo di edificio
2;5f61a54f-e594-4e09-a4d6-a0e2ce920a9e;['Bauprojekt', 'Gebäudeadressen'];no;['ger'];ger;geocat;Gebäudeadresse;adresse de bâtiment;building address;indirizzo di edificio
3;7858237f-4757-4aec-8f05-d48278be104c;['Strassenname', 'Ort', 'Nummerierungsbereich', 'Amtliche Vermessung AV', 'Gebäudeadresse', 'Gebäudeadressen', 'Gebäude'];yes;['ger'];ger;geocat;Gebäudeadresse;adresse de bâtiment;building address;indirizzo di edificio
4;68ef711a-a883-496f-bd6e-eccd96aceced;['Strassenname', 'Ort', 'Gebäudeadressen', 'Gebäudeadresse', 'Nummerierungsbereich', 'Amtliche Vermessung AV', 'Gebäude'];yes;['ger'];ger;geocat;Gebäudeadresse;adresse de bâtiment;building address;indirizzo di edificio
5;30939d30-eaae-4e60-b477-309d67b3c4bd;['Strassenname', 'Amtliche Vermessung AV', 'Gebäudeadressen', 'Ort', 'Gebäudeadresse', 'Nummerierungsbereich', 'Gebäude'];yes;['ger'];ger;geocat;Gebäudeadresse;adresse de bâtiment;building address;indirizzo di edificio
6;528bcae2-f086-4fc8-9e06-bbf97e329995;['Amtliche Vermessung AV', 'Strassenname', 'Nummerierungsbereich', 'Ort', 'Gebäudeadresse', 'Gebäudeadressen', 'Gebäude'];yes;['ger'];ger;geocat;Gebäudeadresse;adresse de bâtiment;building address;indirizzo di edificio
7;d58b756f-0be3-456a-9ca6-db9bced2d6a2;['Ort', 'Nummerierungsbereich', 'Gebäudeadressen', 'Amtliche Vermessung AV', 'Gebäudeadresse', 'Strassenname', 'Gebäude'];yes;['ger'];ger;geocat;Gebäudeadresse;adresse de bâtiment;building address;indirizzo di edificio
8;0410eabc-b59a-4614-92a3-f1dc638d751b;['Nummerierungsbereich', 'Strassenname', 'Ort', 'Gebäudeadresse', 'Amtliche Vermessung AV', 'Gebäudeadressen', 'Gebäude'];yes;['ger'];ger;geocat;Gebäudeadresse;adresse de bâtiment;building address;indirizzo di edificio
9;f049b42e-a3eb-48ad-8df1-f5ce2e3b3360;['Ort', 'Strassenname', 'Gebäudeadresse', 'Amtliche Vermessung AV', 'Nummerierungsbereich', 'Gebäudeadressen', 'Gebäude'];yes;['ger'];ger;geocat;Gebäudeadresse;adresse de bâtiment;building address;indirizzo di edificio
10;ff1760a1-e62b-464d-b846-bbc8820e97d1;['Nummerierungsbereich', 'Strassenname', 'Gebäudeadresse', 'Ort', 'Amtliche Vermessung AV', 'Gebäudeadressen', 'Gebäude'];yes;['ger'];ger;geocat;Gebäudeadresse;adresse de bâtiment;building address;indirizzo di edificio
11;615b23d0-2d4a-440c-8302-fa5a75f37d6a;['Gebäudeadressen', 'Nummerierungsbereich', 'Ort', 'Strassenname', 'Gebäudeadresse', 'Amtliche Vermessung AV', 'Gebäude'];yes;['ger'];ger;geocat;Gebäudeadresse;adresse de bâtiment;building address;indirizzo di edificio
12;5256353c-9592-42ae-b976-c7b9409b1f2a;['Strassenname', 'Nummerierungsbereich', 'Amtliche Vermessung AV', 'Ort', 'Gebäudeadressen', 'Gebäudeadresse', 'Gebäude'];yes;['ger'];ger;geocat;Gebäudeadresse;adresse de bâtiment;building address;indirizzo di edificio
13;c77e5372-ab90-47f1-9d97-59cd841cc248;['Ort', 'Strassenname', 'Gebäudeadressen', 'Amtliche Vermessung AV', 'Nummerierungsbereich', 'Gebäudeadresse', 'Gebäude'];yes;['ger'];ger;geocat;Gebäudeadresse;adresse de bâtiment;building address;indirizzo di edificio
14;8071b02c-504a-4e13-a3b9-d5cda6acc4a1;['Nummerierungsbereich', 'Ort', 'Strassenname', 'Gebäudeadressen', 'Gebäudeadresse', 'Amtliche Vermessung AV', 'Gebäude'];yes;['ger'];ger;geocat;Gebäudeadresse;adresse de bâtiment;building address;indirizzo di edificio
15;f1aa8bc3-7bcd-4b4e-addd-0e702a2ce860;['Strassenname', 'Amtliche Vermessung AV', 'Gebäudeadressen', 'Gebäudeadresse', 'Nummerierungsbereich', 'Ort', 'Gebäude'];yes;['ger'];ger;geocat;Gebäudeadresse;adresse de bâtiment;building address;indirizzo di edificio
16;8d04ee43-314b-4547-b65e-9235ee4f1507;['Nummerierungsbereich', 'Gebäudeadresse', 'Ort', 'Amtliche Vermessung AV', 'Strassenname', 'Gebäudeadressen', 'Gebäude'];yes;['ger'];ger;geocat;Gebäudeadresse;adresse de bâtiment;building address;indirizzo di edificio
17;32d73c2a-b476-4cc9-8bb3-24fa0407dd64;['Strassenname', 'Nummerierungsbereich', 'Gebäudeadresse', 'Ort', 'Gebäudeadressen', 'Amtliche Vermessung AV', 'Gebäude'];yes;['ger'];ger;geocat;Gebäudeadresse;adresse de bâtiment;building address;indirizzo di edificio
18;87830824-b66c-4962-a78c-bd02b3278142;['Amtliche Vermessung AV', 'Gebäudeadresse', 'Ort', 'Nummerierungsbereich', 'Gebäudeadressen', 'Strassenname', 'Gebäude'];yes;['ger'];ger;geocat;Gebäudeadresse;adresse de bâtiment;building address;indirizzo di edificio
19;bda18791-7346-4b44-9763-12c504bae4bc;['Ort', 'Strassenname', 'Nummerierungsbereich', 'Gebäudeadressen', 'Gebäudeadresse', 'Amtliche Vermessung AV', 'Gebäude'];yes;['ger'];ger;geocat;Gebäudeadresse;adresse de bâtiment;building address;indirizzo di edificio
20;ba952bae-8ade-46ca-8883-1ff3f02a5a7f;['Strassenname', 'Ort', 'Nummerierungsbereich', 'Gebäudeadresse', 'Amtliche Vermessung AV', 'Gebäudeadressen', 'Gebäude'];yes;['ger'];ger;geocat;Gebäudeadresse;adresse de bâtiment;building address;indirizzo di edificio
21;6f347886-bd37-49fb-b154-7173c57b1217;['Gebäudeadresse', 'Gebäudeadressen', 'Strassenname', 'Nummerierungsbereich', 'Amtliche Vermessung AV', 'Ort', 'Gebäude'];yes;['ger'];ger;geocat;Gebäudeadresse;adresse de bâtiment;building address;indirizzo di edificio
22;eb5d666b-7f65-4010-8463-384cf04995cf;['Ort', 'Strassenname', 'Amtliche Vermessung AV', 'Gebäudeadresse', 'Nummerierungsbereich', 'Gebäudeadressen', 'Gebäude'];yes;['ger'];ger;geocat;Gebäudeadresse;adresse de bâtiment;building address;indirizzo di edificio
23;497b1838-aa4a-4d3d-a4be-01c4b1ecb799;['Gebäudeadresse', 'Nummerierungsbereich', 'Amtliche Vermessung AV', 'Gebäudeadressen', 'Strassenname', 'Ort', 'Gebäude'];yes;['ger'];ger;geocat;Gebäudeadresse;adresse de bâtiment;building address;indirizzo di edificio
24;67580af4-82c4-44e4-8085-952f3adac254;['Strassenname', 'Gebäudeadresse', 'Gebäudeadressen', 'Amtliche Vermessung AV', 'Nummerierungsbereich', 'Ort', 'Gebäude'];yes;['ger'];ger;geocat;Gebäudeadresse;adresse de bâtiment;building address;indirizzo di edificio
25;a1a723b6-2f50-4b2f-aa1c-6915cf17c43c;['Amtliche Vermessung AV', 'Gebäudeadressen', 'Ort', 'Strassenname', 'Gebäudeadresse', 'Nummerierungsbereich', 'Gebäude'];yes;['ger'];ger;geocat;Gebäudeadresse;adresse de bâtiment;building address;indirizzo di edificio
26;490ec121-bfbb-414a-9079-1865422fec74;['Gebäudeadressen', 'Nummerierungsbereich', 'Amtliche Vermessung AV', 'Gebäudeadresse', 'Strassenname', 'Ort', 'Gebäude'];yes;['ger'];ger;geocat;Gebäudeadresse;adresse de bâtiment;building address;indirizzo di edificio
27;4e0fdf33-d5af-4129-8338-70b5418497b6;['Ort', 'Strassenname', 'Nummerierungsbereich', 'Amtliche Vermessung AV', 'Gebäudeadressen', 'Gebäudeadresse', 'Gebäude'];yes;['ger'];ger;geocat;Gebäudeadresse;adresse de bâtiment;building address;indirizzo di edificio
28;74b79f38-d654-4587-a5b8-d8048a97d265;['Strassenname', 'Gebäudeadresse', 'Ort', 'Gebäudeadressen', 'Amtliche Vermessung AV', 'Nummerierungsbereich', 'Gebäude'];yes;['ger'];ger;geocat;Gebäudeadresse;adresse de bâtiment;building address;indirizzo di edificio
29;872e8784-cbb7-4a34-8279-b79e1dfd7c8b;['Strassenname', 'Amtliche Vermessung AV', 'Ort', 'Gebäudeadresse', 'Nummerierungsbereich', 'Gebäudeadressen', 'Gebäude'];yes;['ger'];ger;geocat;Gebäudeadresse;adresse de bâtiment;building address;indirizzo di edificio
30;7b9d5ebb-153b-4520-8c36-5a351d05cdc3;['Gebäudeadressen', 'Nummerierungsbereich', 'Gebäudeadresse', 'Amtliche Vermessung AV', 'Strassenname', 'Ort', 'Gebäude'];yes;['ger'];ger;geocat;Gebäudeadresse;adresse de bâtiment;building address;indirizzo di edificio
31;2e047fc0-b69b-4a38-98ef-10cd013ed76c;['Strassenname', 'Gebäudeadressen', 'Amtliche Vermessung AV', 'Gebäudeadresse', 'Nummerierungsbereich', 'Ort', 'Gebäude'];yes;['ger'];ger;geocat;Gebäudeadresse;adresse de bâtiment;building address;indirizzo di edificio
32;c54ae134-5330-464e-a5b7-5205bafa5ce1;['Liegenschaft', 'Gebäudeadresse', 'Amtliche Vermessung AV', 'Gebäudeadressen', 'Grenze', 'Gebäude'];yes;['ger'];ger;geocat;Gebäudeadresse;adresse de bâtiment;building address;indirizzo di edificio
33;7e1d1f00-b415-4ba1-bc52-35b638c15600;['Liegenschaft', 'Gebäudeadresse', 'Gebäudeadressen', 'Amtliche Vermessung AV', 'Grenze', 'Gebäude'];yes;['ger'];ger;geocat;Gebäudeadresse;adresse de bâtiment;building address;indirizzo di edificio
34;fb43ef75-bfe4-4ce0-a948-da4873e294b8;['Gebäudeadresse', 'Gebäudeadressen', 'Liegenschaft', 'Amtliche Vermessung AV', 'Grenze', 'Gebäude'];yes;['ger'];ger;geocat;Gebäudeadresse;adresse de bâtiment;building address;indirizzo di edificio
35;7934cfe8-15fd-4d02-be30-d08e80243e56;['Liegenschaft', 'Gebäudeadressen', 'Amtliche Vermessung AV', 'Gebäudeadresse', 'Grenze', 'Gebäude'];yes;['ger'];ger;geocat;Gebäudeadresse;adresse de bâtiment;building address;indirizzo di edificio
36;26cc833d-9f54-4187-9202-d886d3e02b82;['Liegenschaft', 'Gebäudeadresse', 'Amtliche Vermessung AV', 'Gebäudeadressen', 'Grenze', 'Gebäude'];yes;['ger'];ger;geocat;Gebäudeadresse;adresse de bâtiment;building address;indirizzo di edificio
37;45b85468-fa22-4e75-86db-89d64bd27a80;['Gebäudeadressen', 'Amtliche Vermessung AV', 'Gebäudeadresse', 'Liegenschaft', 'Grenze', 'Gebäude'];yes;['ger'];ger;geocat;Gebäudeadresse;adresse de bâtiment;building address;indirizzo di edificio
38;a9cba815-9c89-4bac-b986-4b4ac320198c;['Liegenschaft', 'Gebäudeadresse', 'Gebäudeadressen', 'Amtliche Vermessung AV', 'Grenze', 'Gebäude'];yes;['ger'];ger;geocat;Gebäudeadresse;adresse de bâtiment;building address;indirizzo di edificio
39;8b2dce7b-0cad-406e-b269-043df7b4b4ad;['Amtliche Vermessung AV', 'Liegenschaft', 'Gebäudeadresse', 'Gebäudeadressen', 'Grenze', 'Gebäude'];yes;['ger'];ger;geocat;Gebäudeadresse;adresse de bâtiment;building address;indirizzo di edificio
40;3d9d1548-7a38-4c01-9cc2-33cc0e072ff9;['Liegenschaft', 'Gebäudeadresse', 'Gebäudeadressen', 'Amtliche Vermessung AV', 'Grenze', 'Gebäude'];yes;['ger'];ger;geocat;Gebäudeadresse;adresse de bâtiment;building address;indirizzo di edificio
41;af547753-e25f-4f58-b663-25fcf31164f6;['Gebäudeadresse', 'Amtliche Vermessung AV', 'Liegenschaft', 'Gebäudeadressen', 'Grenze', 'Gebäude'];yes;['ger'];ger;geocat;Gebäudeadresse;adresse de bâtiment;building address;indirizzo di edificio
42;1285cd66-d0e3-482a-a21a-ae960e27fcdc;['Liegenschaft', 'Gebäudeadresse', 'Gebäudeadressen', 'Amtliche Vermessung AV', 'Grenze', 'Gebäude'];yes;['ger'];ger;geocat;Gebäudeadresse;adresse de bâtiment;building address;indirizzo di edificio
43;df4c2533-7f40-48fc-b861-1cfbdfa079e5;['Gebäudeadresse', 'Amtliche Vermessung AV', 'Liegenschaft', 'Gebäudeadressen', 'Grenze', 'Gebäude'];yes;['ger'];ger;geocat;Gebäudeadresse;adresse de bâtiment;building address;indirizzo di edificio
44;8d38b3f1-e5b3-4925-88ca-d502218ae876;['Strassenname', 'Ort', 'Gebäudeadressen', 'Nummerierungsbereich', 'Amtliche Vermessung AV', 'Gebäudeadresse', 'Gebäude'];yes;['ger'];ger;geocat;Gebäudeadresse;adresse de bâtiment;building address;indirizzo di edificio
45;6110bf07-b48f-4150-9c83-00904d4ab82c;['Ort', 'Strassenname', 'Amtliche Vermessung AV', 'Nummerierungsbereich', 'Gebäudeadresse', 'Gebäudeadressen', 'Gebäude'];yes;['ger'];ger;geocat;Gebäudeadresse;adresse de bâtiment;building address;indirizzo di edificio
46;b93b9169-90df-460e-b14b-053e8db6ae00;['Strassenname', 'Gebäudeadresse', 'Ort', 'Amtliche Vermessung AV', 'Gebäudeadressen', 'Nummerierungsbereich', 'Gebäude'];yes;['ger'];ger;geocat;Gebäudeadresse;adresse de bâtiment;building address;indirizzo di edificio
47;bb4ee47a-9309-4631-b14a-d15cd478173e;['Strassenname', 'Gebäudeadressen', 'Nummerierungsbereich', 'Ort', 'Amtliche Vermessung AV', 'Gebäudeadresse', 'Gebäude'];yes;['ger'];ger;geocat;Gebäudeadresse;adresse de bâtiment;building address;indirizzo di edificio
48;a9127e4c-aedf-4340-a635-35bcb3561031;['Gebäudeadressen', 'Gebäudeadresse', 'Amtliche Vermessung AV', 'Strassenname', 'Nummerierungsbereich', 'Ort', 'Gebäude'];yes;['ger'];ger;geocat;Gebäudeadresse;adresse de bâtiment;building address;indirizzo di edificio
49;26b3c08a-802c-4750-9fb3-07588ed25d71;['Strassenname', 'Ort', 'Gebäudeadressen', 'Nummerierungsbereich', 'Amtliche Vermessung AV', 'Gebäudeadresse', 'Gebäude'];yes;['ger'];ger;geocat;Gebäudeadresse;adresse de bâtiment;building address;indirizzo di edificio
50;3acba495-de91-4fc3-a619-e4be136377d5;['Ort', 'Strassenname', 'Amtliche Vermessung AV', 'Nummerierungsbereich', 'Gebäudeadressen', 'Gebäudeadresse', 'Gebäude'];yes;['ger'];ger;geocat;Gebäudeadresse;adresse de bâtiment;building address;indirizzo di edificio
51;9ce67b7e-6c93-4e69-91d7-7ef027756332;['Nummerierungsbereich', 'Gebäudeadresse', 'Amtliche Vermessung AV', 'Gebäudeadressen', 'Ort', 'Strassenname', 'Gebäude'];yes;['ger'];ger;geocat;Gebäudeadresse;adresse de bâtiment;building address;indirizzo di edificio
52;1783f427-e3ce-48ec-afa9-09e194c8fad4;['Gebäudeadresse', 'Nummerierungsbereich', 'Amtliche Vermessung AV', 'Strassenname', 'Ort', 'Gebäudeadressen', 'Gebäude'];yes;['ger'];ger;geocat;Gebäudeadresse;adresse de bâtiment;building address;indirizzo di edificio
53;ea66a2ad-c095-4d8e-851a-8efa258eb94c;['Nummerierungsbereich', 'Gebäudeadresse', 'Amtliche Vermessung AV', 'Strassenname', 'Ort', 'Gebäudeadressen', 'Gebäude'];yes;['ger'];ger;geocat;Gebäudeadresse;adresse de bâtiment;building address;indirizzo di edificio
54;3b7cea11-058c-4524-b37e-f6642c440281;['Gebäudeadressen', 'Ort', 'Nummerierungsbereich', 'Gebäudeadresse', 'Strassenname', 'Amtliche Vermessung AV', 'Gebäude'];yes;['ger'];ger;geocat;Gebäudeadresse;adresse de bâtiment;building address;indirizzo di edificio
55;50b86c0b-242c-4be0-9bad-659aed6fe147;['Adressen', 'Adresses', 'Indirizzi', 'Addresses', 'National', 'Nationales', 'Nazionali', 'National', 'Strassenname', 'nom de rue', 'nome di strada', 'street name', 'Gebäudeadresse', 'adresse de bâtiment', 'indirizzo di edificio', 'building address', 'Geobasisdaten', 'géodonnées de base', 'geodati di base', 'official geodata', 'Amtliche Vermessung AV', 'mensuration officielle MO', 'misurazione ufficiale MU', 'cadastral surveying', 'Gebäudeadressen', 'Adresses de bâtiments', 'Indirizzi di costruzione', 'Building address', 'Gebäude', 'bâtiment', 'edificio', 'building'];yes;['FR', 'IT', 'EN', 'DE'];multiple;geocat;Gebäudeadresse;adresse de bâtiment;building address;indirizzo di edificio
56;9e245276-531f-437c-b92f-01081f64836e;['Statistik', 'statistiques', 'statistica', 'statistics', 'Vektor', 'vecteur', 'vettore', 'vector', 'Gebäude', 'bâtiment', 'edificio', 'building', 'INSPIRE', 'INSPIRE', 'INSPIRE', 'INSPIRE', 'Register', 'registre', 'registro', 'register', 'Gebäudeadressen', 'Adresses de bâtiments', 'Indirizzi di costruzione', 'Building address', 'Adressen', 'Adresses', 'Indirizzi', 'Addresses', 'National', 'Nationales', 'Nazionali', 'National'];no;['FR', 'IT', 'EN', 'DE'];multiple;geocat;Gebäudeadresse;adresse de bâtiment;building address;indirizzo di edificio
57;e29068cd-3574-4226-b75c-ba5128fbdf88;"['Adressen', 'Adresses', 'Indirizzi', 'Addresses', 'Verkehrsnetze', 'Réseaux de transport', 'Reti di trasporto', 'Transport networks', 'National', 'Nationales', 'Nazionali', 'National', 'Strassenname', 'nom de rue', 'nome di strada', 'street name', 'Gebäudeadresse', 'adresse de bâtiment', 'indirizzo di edificio', 'building address', 'Geobasisdaten', 'géodonnées de base', 'geodati di base', 'official geodata', 'Gebäudeeingang', 'entrée de bâtiment', ""entrata d'edificio"", 'building entrance', 'Gebäude- und Wohnungsregister GWR', 'rgistre des bâtiments et logements RegBL', 'registro degli edifici e delle abitazioni REA', 'federal register of buildings and dwellings RBD', 'Amtliche Vermessung AV', 'mensuration officielle MO', 'misurazione ufficiale MU', 'cadastral surveying', 'Gebäudeadressen', 'Adresses de bâtiments', 'Indirizzi di costruzione', 'Building address']";yes;['FR', 'IT', 'EN', 'DE'];multiple;geocat;Gebäudeadresse;adresse de bâtiment;building address;indirizzo di edificio
58;557f1b2a-6bac-4019-a9c7-0febbe88850b;['Wald', 'bois', 'bosco', 'wood', 'Gebäudeadresse', 'adresse de bâtiment', 'indirizzo di edificio', 'building address', 'Gebäudeadressen', 'Adresses de bâtiments', 'Indirizzi di costruzione', 'Building address', 'Amtliche Vermessung AV', 'mensuration officielle MO', 'misurazione ufficiale MU', 'cadastral surveying', 'Fixpunkt', 'point fixe', 'punto fisso', 'fixpoint', 'Bodenbedeckung', 'couverture du sol', 'copertura del suolo', 'land cover', 'Fahrweg (Streckenführung)', 'itinéraire', 'percorso', 'route', 'Strasse', 'route', 'strada', 'road', 'Gewässer', 'eaux', 'acque', 'waters', 'Gebäude', 'Bâtiments', 'Edifici', 'Buildings'];yes;['FR', 'IT', 'EN', 'DE'];multiple;geocat;Gebäudeadresse;adresse de bâtiment;building address;indirizzo di edificio
59;6023d0f9-3dbe-4a27-acff-59fac3c4f733;['Wald', 'bois', 'bosco', 'wood', 'Gebäudeadresse', 'adresse de bâtiment', 'indirizzo di edificio', 'building address', 'Gebäudeadressen', 'Adresses de bâtiments', 'Indirizzi di costruzione', 'Building address', 'Amtliche Vermessung AV', 'mensuration officielle MO', 'misurazione ufficiale MU', 'cadastral surveying', 'Fixpunkt', 'point fixe', 'punto fisso', 'fixpoint', 'Bodenbedeckung', 'couverture du sol', 'copertura del suolo', 'land cover', 'Fahrweg (Streckenführung)', 'itinéraire', 'percorso', 'route', 'Strasse', 'route', 'strada', 'road', 'Gewässer', 'eaux', 'acque', 'waters', 'Gebäude', 'Bâtiments', 'Edifici', 'Buildings'];yes;['FR', 'IT', 'EN', 'DE'];multiple;geocat;Gebäudeadresse;adresse de bâtiment;building address;indirizzo di edificio
60;5bd902ea-3ad3-48ec-bab3-1121cc376c5a;['Wald', 'bois', 'bosco', 'wood', 'Gebäudeadresse', 'adresse de bâtiment', 'indirizzo di edificio', 'building address', 'Gebäudeadressen', 'Adresses de bâtiments', 'Indirizzi di costruzione', 'Building address', 'Amtliche Vermessung AV', 'mensuration officielle MO', 'misurazione ufficiale MU', 'cadastral surveying', 'Fixpunkt', 'point fixe', 'punto fisso', 'fixpoint', 'Bodenbedeckung', 'couverture du sol', 'copertura del suolo', 'land cover', 'Fahrweg (Streckenführung)', 'itinéraire', 'percorso', 'route', 'Strasse', 'route', 'strada', 'road', 'Gewässer', 'eaux', 'acque', 'waters', 'Gebäude', 'Bâtiments', 'Edifici', 'Buildings'];yes;['FR', 'IT', 'EN', 'DE'];multiple;geocat;Gebäudeadresse;adresse de bâtiment;building address;indirizzo di edificio
61;b92e946c-8f1f-4cd7-86ba-a5d30822ed97;['Wald', 'bois', 'bosco', 'wood', 'Gebäudeadresse', 'adresse de bâtiment', 'indirizzo di edificio', 'building address', 'Gebäudeadressen', 'Adresses de bâtiments', 'Indirizzi di costruzione', 'Building address', 'Amtliche Vermessung AV', 'mensuration officielle MO', 'misurazione ufficiale MU', 'cadastral surveying', 'Fixpunkt', 'point fixe', 'punto fisso', 'fixpoint', 'Bodenbedeckung', 'couverture du sol', 'copertura del suolo', 'land cover', 'Fahrweg (Streckenführung)', 'itinéraire', 'percorso', 'route', 'Strasse', 'route', 'strada', 'road', 'Gewässer', 'eaux', 'acque', 'waters', 'Gebäude', 'Bâtiments', 'Edifici', 'Buildings'];yes;['FR', 'IT', 'EN', 'DE'];multiple;geocat;Gebäudeadresse;adresse de bâtiment;building address;indirizzo di edificio
62;123dd9df-f154-42e4-a5bc-5f2810fe43fd;['Wald', 'bois', 'bosco', 'wood', 'Gebäudeadresse', 'adresse de bâtiment', 'indirizzo di edificio', 'building address', 'Gebäudeadressen', 'Adresses de bâtiments', 'Indirizzi di costruzione', 'Building address', 'Amtliche Vermessung AV', 'mensuration officielle MO', 'misurazione ufficiale MU', 'cadastral surveying', 'Fixpunkt', 'point fixe', 'punto fisso', 'fixpoint', 'Bodenbedeckung', 'couverture du sol', 'copertura del suolo', 'land cover', 'Fahrweg (Streckenführung)', 'itinéraire', 'percorso', 'route', 'Strasse', 'route', 'strada', 'road', 'Gewässer', 'eaux', 'acque', 'waters', 'Gebäude', 'Bâtiments', 'Edifici', 'Buildings'];yes;['FR', 'IT', 'EN', 'DE'];multiple;geocat;Gebäudeadresse;adresse de bâtiment;building address;indirizzo di edificio
63;8c7477f3-7e1d-48e2-a501-3f6963a58215;['Wald', 'bois', 'bosco', 'wood', 'Gebäudeadresse', 'adresse de bâtiment', 'indirizzo di edificio', 'building address', 'Gebäudeadressen', 'Adresses de bâtiments', 'Indirizzi di costruzione', 'Building address', 'Amtliche Vermessung AV', 'mensuration officielle MO', 'misurazione ufficiale MU', 'cadastral surveying', 'Fixpunkt', 'point fixe', 'punto fisso', 'fixpoint', 'Bodenbedeckung', 'couverture du sol', 'copertura del suolo', 'land cover', 'Fahrweg (Streckenführung)', 'itinéraire', 'percorso', 'route', 'Strasse', 'route', 'strada', 'road', 'Gewässer', 'eaux', 'acque', 'waters', 'Gebäude', 'Bâtiments', 'Edifici', 'Buildings'];yes;['FR', 'IT', 'EN', 'DE'];multiple;geocat;Gebäudeadresse;adresse de bâtiment;building address;indirizzo di edificio
64;c059196f-95d5-404f-bfda-233e067b9009;['Wald', 'bois', 'bosco', 'wood', 'Gebäudeadresse', 'adresse de bâtiment', 'indirizzo di edificio', 'building address', 'Gebäudeadressen', 'Adresses de bâtiments', 'Indirizzi di costruzione', 'Building address', 'Amtliche Vermessung AV', 'mensuration officielle MO', 'misurazione ufficiale MU', 'cadastral surveying', 'Fixpunkt', 'point fixe', 'punto fisso', 'fixpoint', 'Bodenbedeckung', 'couverture du sol', 'copertura del suolo', 'land cover', 'Fahrweg (Streckenführung)', 'itinéraire', 'percorso', 'route', 'Strasse', 'route', 'strada', 'road', 'Gewässer', 'eaux', 'acque', 'waters', 'Gebäude', 'Bâtiments', 'Edifici', 'Buildings'];yes;['FR', 'IT', 'EN', 'DE'];multiple;geocat;Gebäudeadresse;adresse de bâtiment;building address;indirizzo di edificio
65;18f5a27e-97a0-4d30-bef4-4ade6ade6121;['Wald', 'bois', 'bosco', 'wood', 'Gebäudeadresse', 'adresse de bâtiment', 'indirizzo di edificio', 'building address', 'Gebäudeadressen', 'Adresses de bâtiments', 'Indirizzi di costruzione', 'Building address', 'Amtliche Vermessung AV', 'mensuration officielle MO', 'misurazione ufficiale MU', 'cadastral surveying', 'Fixpunkt', 'point fixe', 'punto fisso', 'fixpoint', 'Bodenbedeckung', 'couverture du sol', 'copertura del suolo', 'land cover', 'Fahrweg (Streckenführung)', 'itinéraire', 'percorso', 'route', 'Strasse', 'route', 'strada', 'road', 'Gewässer', 'eaux', 'acque', 'waters', 'Gebäude', 'Bâtiments', 'Edifici', 'Buildings'];yes;['FR', 'IT', 'EN', 'DE'];multiple;geocat;Gebäudeadresse;adresse de bâtiment;building address;indirizzo di edificio
66;c0d10acd-4800-4aa8-a6ff-16c0a30df22c;['Wald', 'bois', 'bosco', 'wood', 'Gebäudeadresse', 'adresse de bâtiment', 'indirizzo di edificio', 'building address', 'Gebäudeadressen', 'Adresses de bâtiments', 'Indirizzi di costruzione', 'Building address', 'Amtliche Vermessung AV', 'mensuration officielle MO', 'misurazione ufficiale MU', 'cadastral surveying', 'Fixpunkt', 'point fixe', 'punto fisso', 'fixpoint', 'Bodenbedeckung', 'couverture du sol', 'copertura del suolo', 'land cover', 'Fahrweg (Streckenführung)', 'itinéraire', 'percorso', 'route', 'Strasse', 'route', 'strada', 'road', 'Gewässer', 'eaux', 'acque', 'waters', 'Gebäude', 'Bâtiments', 'Edifici', 'Buildings'];yes;['FR', 'IT', 'EN', 'DE'];multiple;geocat;Gebäudeadresse;adresse de bâtiment;building address;indirizzo di edificio
67;f980e725-4177-4c9c-be39-4d34332a6f45;['Wald', 'bois', 'bosco', 'wood', 'Gebäudeadresse', 'adresse de bâtiment', 'indirizzo di edificio', 'building address', 'Gebäudeadressen', 'Adresses de bâtiments', 'Indirizzi di costruzione', 'Building address', 'Amtliche Vermessung AV', 'mensuration officielle MO', 'misurazione ufficiale MU', 'cadastral surveying', 'Fixpunkt', 'point fixe', 'punto fisso', 'fixpoint', 'Bodenbedeckung', 'couverture du sol', 'copertura del suolo', 'land cover', 'Fahrweg (Streckenführung)', 'itinéraire', 'percorso', 'route', 'Strasse', 'route', 'strada', 'road', 'Gewässer', 'eaux', 'acque', 'waters', 'Gebäude', 'Bâtiments', 'Edifici', 'Buildings'];yes;['FR', 'IT', 'EN', 'DE'];multiple;geocat;Gebäudeadresse;adresse de bâtiment;building address;indirizzo di edificio
68;d84a0a7b-cb52-4a0e-b533-271b5b3569bd;['Wald', 'bois', 'bosco', 'wood', 'Gebäudeadresse', 'adresse de bâtiment', 'indirizzo di edificio', 'building address', 'Gebäudeadressen', 'Adresses de bâtiments', 'Indirizzi di costruzione', 'Building address', 'Amtliche Vermessung AV', 'mensuration officielle MO', 'misurazione ufficiale MU', 'cadastral surveying', 'Fixpunkt', 'point fixe', 'punto fisso', 'fixpoint', 'Bodenbedeckung', 'couverture du sol', 'copertura del suolo', 'land cover', 'Fahrweg (Streckenführung)', 'itinéraire', 'percorso', 'route', 'Strasse', 'route', 'strada', 'road', 'Gewässer', 'eaux', 'acque', 'waters', 'Gebäude', 'Bâtiments', 'Edifici', 'Buildings'];yes;['FR', 'IT', 'EN', 'DE'];multiple;geocat;Gebäudeadresse;adresse de bâtiment;building address;indirizzo di edificio
69;db73eb93-cc7e-42b7-b5e9-eeda7d592ca2;['Wald', 'bois', 'bosco', 'wood', 'Gebäudeadresse', 'adresse de bâtiment', 'indirizzo di edificio', 'building address', 'Gebäudeadressen', 'Adresses de bâtiments', 'Indirizzi di costruzione', 'Building address', 'Amtliche Vermessung AV', 'mensuration officielle MO', 'misurazione ufficiale MU', 'cadastral surveying', 'Fixpunkt', 'point fixe', 'punto fisso', 'fixpoint', 'Bodenbedeckung', 'couverture du sol', 'copertura del suolo', 'land cover', 'Fahrweg (Streckenführung)', 'itinéraire', 'percorso', 'route', 'Strasse', 'route', 'strada', 'road', 'Gewässer', 'eaux', 'acque', 'waters', 'Gebäude', 'Bâtiments', 'Edifici', 'Buildings'];yes;['FR', 'IT', 'EN', 'DE'];multiple;geocat;Gebäudeadresse;adresse de bâtiment;building address;indirizzo di edificio
70;42400d04-34c8-49ad-a31f-418c05e2618f;['Wald', 'bois', 'bosco', 'wood', 'Gebäudeadresse', 'adresse de bâtiment', 'indirizzo di edificio', 'building address', 'Gebäudeadressen', 'Adresses de bâtiments', 'Indirizzi di costruzione', 'Building address', 'Amtliche Vermessung AV', 'mensuration officielle MO', 'misurazione ufficiale MU', 'cadastral surveying', 'Fixpunkt', 'point fixe', 'punto fisso', 'fixpoint', 'Bodenbedeckung', 'couverture du sol', 'copertura del suolo', 'land cover', 'Fahrweg (Streckenführung)', 'itinéraire', 'percorso', 'route', 'Strasse', 'route', 'strada', 'road', 'Gewässer', 'eaux', 'acque', 'waters', 'Gebäude', 'Bâtiments', 'Edifici', 'Buildings'];yes;['FR', 'IT', 'EN', 'DE'];multiple;geocat;Gebäudeadresse;adresse de bâtiment;building address;indirizzo di edificio
71;51541849-ffd3-4569-a216-a2b423f520a3;['Wald', 'bois', 'bosco', 'wood', 'Gebäudeadresse', 'adresse de bâtiment', 'indirizzo di edificio', 'building address', 'Gebäudeadressen', 'Adresses de bâtiments', 'Indirizzi di costruzione', 'Building address', 'Amtliche Vermessung AV', 'mensuration officielle MO', 'misurazione ufficiale MU', 'cadastral surveying', 'Fixpunkt', 'point fixe', 'punto fisso', 'fixpoint', 'Bodenbedeckung', 'couverture du sol', 'copertura del suolo', 'land cover', 'Fahrweg (Streckenführung)', 'itinéraire', 'percorso', 'route', 'Strasse', 'route', 'strada', 'road', 'Gewässer', 'eaux', 'acque', 'waters', 'Gebäude', 'Bâtiments', 'Edifici', 'Buildings'];yes;['FR', 'IT', 'EN', 'DE'];multiple;geocat;Gebäudeadresse;adresse de bâtiment;building address;indirizzo di edificio
72;6ecd91cb-da8c-4095-b39c-e95e56d2ee11;['Wald', 'bois', 'bosco', 'wood', 'Gewässer', 'eaux', 'acque', 'waters', 'Strasse', 'route', 'strada', 'road', 'Bodenbedeckung', 'couverture du sol', 'copertura del suolo', 'land cover', 'Fixpunkt', 'point fixe', 'punto fisso', 'fixpoint', 'Amtliche Vermessung AV', 'mensuration officielle MO', 'misurazione ufficiale MU', 'cadastral surveying', 'Gebäudeadressen', 'Adresses de bâtiments', 'Indirizzi di costruzione', 'Building address', 'Gebäude', 'Bâtiments', 'Edifici', 'Buildings'];no;['FR', 'IT', 'EN', 'DE'];multiple;geocat;Gebäudeadresse;adresse de bâtiment;building address;indirizzo di edificio
73;99d4f06f-fab8-45fb-9af0-d17d28fba6e3;['Wald', 'bois', 'bosco', 'wood', 'Gebäudeadresse', 'adresse de bâtiment', 'indirizzo di edificio', 'building address', 'Gebäudeadressen', 'Adresses de bâtiments', 'Indirizzi di costruzione', 'Building address', 'Amtliche Vermessung AV', 'mensuration officielle MO', 'misurazione ufficiale MU', 'cadastral surveying', 'Fixpunkt', 'point fixe', 'punto fisso', 'fixpoint', 'Bodenbedeckung', 'couverture du sol', 'copertura del suolo', 'land cover', 'Fahrweg (Streckenführung)', 'itinéraire', 'percorso', 'route', 'Strasse', 'route', 'strada', 'road', 'Gewässer', 'eaux', 'acque', 'waters', 'Gebäude', 'Bâtiments', 'Edifici', 'Buildings'];yes;['FR', 'IT', 'EN', 'DE'];multiple;geocat;Gebäudeadresse;adresse de bâtiment;building address;indirizzo di edificio
74;3f8a111e-4f74-4a71-bf76-c66d9747ec10;['Wald', 'bois', 'bosco', 'wood', 'Gebäudeadresse', 'adresse de bâtiment', 'indirizzo di edificio', 'building address', 'Gebäudeadressen', 'Adresses de bâtiments', 'Indirizzi di costruzione', 'Building address', 'Amtliche Vermessung AV', 'mensuration officielle MO', 'misurazione ufficiale MU', 'cadastral surveying', 'Fixpunkt', 'point fixe', 'punto fisso', 'fixpoint', 'Bodenbedeckung', 'couverture du sol', 'copertura del suolo', 'land cover', 'Fahrweg (Streckenführung)', 'itinéraire', 'percorso', 'route', 'Strasse', 'route', 'strada', 'road', 'Gewässer', 'eaux', 'acque', 'waters', 'Gebäude', 'Bâtiments', 'Edifici', 'Buildings'];yes;['FR', 'IT', 'EN', 'DE'];multiple;geocat;Gebäudeadresse;adresse de bâtiment;building address;indirizzo di edificio
75;6130627a-28ea-4544-84bd-158848c638af;['Wald', 'bois', 'bosco', 'wood', 'Gebäudeadresse', 'adresse de bâtiment', 'indirizzo di edificio', 'building address', 'Gebäudeadressen', 'Adresses de bâtiments', 'Indirizzi di costruzione', 'Building address', 'Amtliche Vermessung AV', 'mensuration officielle MO', 'misurazione ufficiale MU', 'cadastral surveying', 'Fixpunkt', 'point fixe', 'punto fisso', 'fixpoint', 'Bodenbedeckung', 'couverture du sol', 'copertura del suolo', 'land cover', 'Fahrweg (Streckenführung)', 'itinéraire', 'percorso', 'route', 'Strasse', 'route', 'strada', 'road', 'Gewässer', 'eaux', 'acque', 'waters', 'Gebäude', 'Bâtiments', 'Edifici', 'Buildings'];yes;['FR', 'IT', 'EN', 'DE'];multiple;geocat;Gebäudeadresse;adresse de bâtiment;building address;indirizzo di edificio
76;ad10120d-5665-4b40-81fb-0072248e5389;['Wald', 'bois', 'bosco', 'wood', 'Gebäudeadresse', 'adresse de bâtiment', 'indirizzo di edificio', 'building address', 'Gebäudeadressen', 'Adresses de bâtiments', 'Indirizzi di costruzione', 'Building address', 'Amtliche Vermessung AV', 'mensuration officielle MO', 'misurazione ufficiale MU', 'cadastral surveying', 'Fixpunkt', 'point fixe', 'punto fisso', 'fixpoint', 'Bodenbedeckung', 'couverture du sol', 'copertura del suolo', 'land cover', 'Fahrweg (Streckenführung)', 'itinéraire', 'percorso', 'route', 'Strasse', 'route', 'strada', 'road', 'Gewässer', 'eaux', 'acque', 'waters', 'Gebäude', 'Bâtiments', 'Edifici', 'Buildings'];yes;['FR', 'IT', 'EN', 'DE'];multiple;geocat;Gebäudeadresse;adresse de bâtiment;building address;indirizzo di edificio
77;6b1d050e-0206-45aa-ab77-eb86261c70f0;['Wald', 'bois', 'bosco', 'wood', 'Gebäudeadresse', 'adresse de bâtiment', 'indirizzo di edificio', 'building address', 'Gebäudeadressen', 'Adresses de bâtiments', 'Indirizzi di costruzione', 'Building address', 'Amtliche Vermessung AV', 'mensuration officielle MO', 'misurazione ufficiale MU', 'cadastral surveying', 'Fixpunkt', 'point fixe', 'punto fisso', 'fixpoint', 'Bodenbedeckung', 'couverture du sol', 'copertura del suolo', 'land cover', 'Fahrweg (Streckenführung)', 'itinéraire', 'percorso', 'route', 'Strasse', 'route', 'strada', 'road', 'Gewässer', 'eaux', 'acque', 'waters', 'Gebäude', 'Bâtiments', 'Edifici', 'Buildings'];yes;['FR', 'IT', 'EN', 'DE'];multiple;geocat;Gebäudeadresse;adresse de bâtiment;building address;indirizzo di edificio
78;a7837506-1b8f-4969-a53f-c87d79ef8879;['Wald', 'bois', 'bosco', 'wood', 'Gebäudeadresse', 'adresse de bâtiment', 'indirizzo di edificio', 'building address', 'Gebäudeadressen', 'Adresses de bâtiments', 'Indirizzi di costruzione', 'Building address', 'Amtliche Vermessung AV', 'mensuration officielle MO', 'misurazione ufficiale MU', 'cadastral surveying', 'Fixpunkt', 'point fixe', 'punto fisso', 'fixpoint', 'Bodenbedeckung', 'couverture du sol', 'copertura del suolo', 'land cover', 'Fahrweg (Streckenführung)', 'itinéraire', 'percorso', 'route', 'Strasse', 'route', 'strada', 'road', 'Gewässer', 'eaux', 'acque', 'waters', 'Gebäude', 'Bâtiments', 'Edifici', 'Buildings'];yes;['FR', 'IT', 'EN', 'DE'];multiple;geocat;Gebäudeadresse;adresse de bâtiment;building address;indirizzo di edificio
79;26a281e3-605d-41b0-8035-faa20bbec1be;['Wald', 'bois', 'bosco', 'wood', 'Gebäudeadresse', 'adresse de bâtiment', 'indirizzo di edificio', 'building address', 'Gebäudeadressen', 'Adresses de bâtiments', 'Indirizzi di costruzione', 'Building address', 'Amtliche Vermessung AV', 'mensuration officielle MO', 'misurazione ufficiale MU', 'cadastral surveying', 'Fixpunkt', 'point fixe', 'punto fisso', 'fixpoint', 'Bodenbedeckung', 'couverture du sol', 'copertura del suolo', 'land cover', 'Fahrweg (Streckenführung)', 'itinéraire', 'percorso', 'route', 'Strasse', 'route', 'strada', 'road', 'Gewässer', 'eaux', 'acque', 'waters', 'Gebäude', 'Bâtiments', 'Edifici', 'Buildings'];yes;['FR', 'IT', 'EN', 'DE'];multiple;geocat;Gebäudeadresse;adresse de bâtiment;building address;indirizzo di edificio
80;17ce0def-b4a3-4732-a661-19b4924cedc2;['Wald', 'bois', 'bosco', 'wood', 'Gebäudeadresse', 'adresse de bâtiment', 'indirizzo di edificio', 'building address', 'Gebäudeadressen', 'Adresses de bâtiments', 'Indirizzi di costruzione', 'Building address', 'Amtliche Vermessung AV', 'mensuration officielle MO', 'misurazione ufficiale MU', 'cadastral surveying', 'Fixpunkt', 'point fixe', 'punto fisso', 'fixpoint', 'Bodenbedeckung', 'couverture du sol', 'copertura del suolo', 'land cover', 'Fahrweg (Streckenführung)', 'itinéraire', 'percorso', 'route', 'Strasse', 'route', 'strada', 'road', 'Gewässer', 'eaux', 'acque', 'waters', 'Gebäude', 'Bâtiments', 'Edifici', 'Buildings'];yes;['FR', 'IT', 'EN', 'DE'];multiple;geocat;Gebäudeadresse;adresse de bâtiment;building address;indirizzo di edificio
81;3a231aa2-4ff0-403a-b08f-3564d005f462;['Wald', 'bois', 'bosco', 'wood', 'Gebäudeadresse', 'adresse de bâtiment', 'indirizzo di edificio', 'building address', 'Gebäudeadressen', 'Adresses de bâtiments', 'Indirizzi di costruzione', 'Building address', 'Amtliche Vermessung AV', 'mensuration officielle MO', 'misurazione ufficiale MU', 'cadastral surveying', 'Fixpunkt', 'point fixe', 'punto fisso', 'fixpoint', 'Bodenbedeckung', 'couverture du sol', 'copertura del suolo', 'land cover', 'Fahrweg (Streckenführung)', 'itinéraire', 'percorso', 'route', 'Strasse', 'route', 'strada', 'road', 'Gewässer', 'eaux', 'acque', 'waters', 'Gebäude', 'Bâtiments', 'Edifici', 'Buildings'];yes;['FR', 'IT', 'EN', 'DE'];multiple;geocat;Gebäudeadresse;adresse de bâtiment;building address;indirizzo di edificio
82;7ab9d0f4-c903-4d49-8d18-f4dae920f3c0;['Wald', 'bois', 'bosco', 'wood', 'Gebäudeadresse', 'adresse de bâtiment', 'indirizzo di edificio', 'building address', 'Gebäudeadressen', 'Adresses de bâtiments', 'Indirizzi di costruzione', 'Building address', 'Amtliche Vermessung AV', 'mensuration officielle MO', 'misurazione ufficiale MU', 'cadastral surveying', 'Fixpunkt', 'point fixe', 'punto fisso', 'fixpoint', 'Bodenbedeckung', 'couverture du sol', 'copertura del suolo', 'land cover', 'Fahrweg (Streckenführung)', 'itinéraire', 'percorso', 'route', 'Strasse', 'route', 'strada', 'road', 'Gewässer', 'eaux', 'acque', 'waters', 'Gebäude', 'Bâtiments', 'Edifici', 'Buildings'];yes;['FR', 'IT', 'EN', 'DE'];multiple;geocat;Gebäudeadresse;adresse de bâtiment;building address;indirizzo di edificio
83;e461022e-8ca9-49c1-80aa-88277787378c;['Wald', 'bois', 'bosco', 'wood', 'Gebäudeadresse', 'adresse de bâtiment', 'indirizzo di edificio', 'building address', 'Gebäudeadressen', 'Adresses de bâtiments', 'Indirizzi di costruzione', 'Building address', 'Amtliche Vermessung AV', 'mensuration officielle MO', 'misurazione ufficiale MU', 'cadastral surveying', 'Fixpunkt', 'point fixe', 'punto fisso', 'fixpoint', 'Bodenbedeckung', 'couverture du sol', 'copertura del suolo', 'land cover', 'Fahrweg (Streckenführung)', 'itinéraire', 'percorso', 'route', 'Strasse', 'route', 'strada', 'road', 'Gewässer', 'eaux', 'acque', 'waters', 'Gebäude', 'Bâtiments', 'Edifici', 'Buildings'];yes;['FR', 'IT', 'EN', 'DE'];multiple;geocat;Gebäudeadresse;adresse de bâtiment;building address;indirizzo di edificio
84;4b0448c5-2de6-47a8-9e20-7ad54b2253e1;['Wald', 'bois', 'bosco', 'wood', 'Gebäudeadresse', 'adresse de bâtiment', 'indirizzo di edificio', 'building address', 'Gebäudeadressen', 'Adresses de bâtiments', 'Indirizzi di costruzione', 'Building address', 'Amtliche Vermessung AV', 'mensuration officielle MO', 'misurazione ufficiale MU', 'cadastral surveying', 'Fixpunkt', 'point fixe', 'punto fisso', 'fixpoint', 'Bodenbedeckung', 'couverture du sol', 'copertura del suolo', 'land cover', 'Fahrweg (Streckenführung)', 'itinéraire', 'percorso', 'route', 'Strasse', 'route', 'strada', 'road', 'Gewässer', 'eaux', 'acque', 'waters', 'Gebäude', 'Bâtiments', 'Edifici', 'Buildings'];yes;['FR', 'IT', 'EN', 'DE'];multiple;geocat;Gebäudeadresse;adresse de bâtiment;building address;indirizzo di edificio
85;4fa96ad7-4c2e-410f-8e5c-446a6e44f558;['Wald', 'bois', 'bosco', 'wood', 'Gebäudeadresse', 'adresse de bâtiment', 'indirizzo di edificio', 'building address', 'Gebäudeadressen', 'Adresses de bâtiments', 'Indirizzi di costruzione', 'Building address', 'Amtliche Vermessung AV', 'mensuration officielle MO', 'misurazione ufficiale MU', 'cadastral surveying', 'Fixpunkt', 'point fixe', 'punto fisso', 'fixpoint', 'Bodenbedeckung', 'couverture du sol', 'copertura del suolo', 'land cover', 'Fahrweg (Streckenführung)', 'itinéraire', 'percorso', 'route', 'Strasse', 'route', 'strada', 'road', 'Gewässer', 'eaux', 'acque', 'waters', 'Gebäude', 'Bâtiments', 'Edifici', 'Buildings'];yes;['FR', 'IT', 'EN', 'DE'];multiple;geocat;Gebäudeadresse;adresse de bâtiment;building address;indirizzo di edificio
86;caf39a72-92be-4bd1-a976-4eaaeb770a44;['Amtliche Vermessung AV', 'mensuration officielle MO', 'misurazione ufficiale MU', 'cadastral surveying', 'Strassenachse', 'axe routier', 'asse stradale', 'road axis', 'Gebäudeadressen', 'Adresses de bâtiments', 'Indirizzi di costruzione', 'Building address', 'opendata.swiss', 'opendata.swiss', 'opendata.swiss', 'opendata.swiss', 'opendata.swiss', 'BGDI Bundesgeodaten-Infrastruktur', 'IFDG l’Infrastructure Fédérale de données géographiques', 'IFDG Infrastruttura federale dei dati geografici', 'FSDI Federal Spatial Data Infrastructure', 'Strasse', 'route', 'strada', 'road', 'Geobasisdaten', 'géodonnées de base', 'geodati di base', 'official geodata', 'Strassennetz', 'réseau routier', 'rete stradale', 'road network', 'Strassenname', 'nom de rue', 'nome di strada', 'street name', 'Adressen', 'Adresses', 'Indirizzi', 'Addresses'];no;['FR', 'IT', 'EN', 'RM', 'DE'];multiple;geocat;Gebäudeadresse;adresse de bâtiment;building address;indirizzo di edificio
87;150c38c5-2650-4018-b5c7-939e2cdd56ce;['BGDI Bundesgeodaten-Infrastruktur', 'IFDG l’Infrastructure Fédérale de données géographiques', 'IFDG Infrastruttura federale dei dati geografici', 'FSDI Federal Spatial Data Infrastructure', 'Strassenname', 'nom de rue', 'nome di strada', 'street name', 'Gebäudeadresse', 'adresse de bâtiment', 'indirizzo di edificio', 'building address', 'Gebäudeadressen', 'Adresses de bâtiments', 'Indirizzi di costruzione', 'Building address', 'Geobasisdaten', 'géodonnées de base', 'geodati di base', 'official geodata', 'Amtliche Vermessung AV', 'mensuration officielle MO', 'misurazione ufficiale MU', 'cadastral surveying', 'opendata.swiss', 'opendata.swiss', 'opendata.swiss', 'opendata.swiss', 'opendata.swiss', 'Register', 'registre', 'registro', 'register', 'Adressen', 'Adresses', 'Indirizzi', 'Addresses', 'Gebäude', 'bâtiment', 'edificio', 'building', 'Wohnung', 'habitation', 'abitazione', 'dwelling'];yes;['FR', 'IT', 'EN', 'RM', 'DE'];multiple;geocat;Gebäudeadresse;adresse de bâtiment;building address;indirizzo di edificio
