﻿;uuid;keywords;new_kw_present;languages;multiple_languages;type;new_kw_de;new_kw_fr;new_kw_en;new_kw_it
0;21766af9-9151-4512-a7c7-420a87e63734;['Ortsname', 'nom de lieu', 'nome del luogo', 'place name', 'Geländename', 'lieu-dit', 'nome di luogo', 'name of terrain', 'Amtliche Vermessung AV', 'mensuration officielle MO', 'misurazione ufficiale MU', 'cadastral surveying', 'opendata.swiss', 'opendata.swiss', 'opendata.swiss', 'opendata.swiss'];no;['FR', 'IT', 'EN', 'DE'];multiple;gemet;Nomenklatur;nomenclature;nomenclature;nomenclatura
1;ca6eece7-d225-47a3-8f30-efed4946477a;['Vektor', 'vecteur', 'vettore', 'vector', 'INSPIRE', 'INSPIRE', 'INSPIRE', 'INSPIRE', 'Geländename', 'lieu-dit', 'nome di luogo', 'name of terrain', 'Flurname', 'nom local', 'nome locale', 'local name', 'Geografische Bezeichnungen', 'Dénominations géographiques', 'Nomi geografici', 'Geographical names', 'National', 'Nationales', 'Nazionali', 'National'];no;['FR', 'IT', 'EN', 'DE'];multiple;gemet;Nomenklatur;nomenclature;nomenclature;nomenclatura
2;1a02f220-36ff-47f9-88b5-ddf84d5d45fc;['Ortsname', 'Flurname', 'Amtliche Vermessung AV', 'Geländename', 'Nomenklatur', 'Geografische Bezeichnungen'];yes;['ger'];ger;gemet;Nomenklatur;nomenclature;nomenclature;nomenclatura
3;817aa0fc-94b2-475f-b079-d004f63185df;['Amtliche Vermessung AV', 'Ortsname', 'Geländename', 'Flurname', 'Nomenklatur', 'Geografische Bezeichnungen'];yes;['ger'];ger;gemet;Nomenklatur;nomenclature;nomenclature;nomenclatura
4;44c5dc1a-bef9-47ad-9a86-0a239e7404cc;['Ortsname', 'Geländename', 'Flurname', 'Amtliche Vermessung AV', 'Nomenklatur', 'Geografische Bezeichnungen'];yes;['ger'];ger;gemet;Nomenklatur;nomenclature;nomenclature;nomenclatura
5;ac61b159-6859-45bc-82cb-87f868a0fcd1;['Flurname', 'Geländename', 'Ortsname', 'Amtliche Vermessung AV', 'Nomenklatur', 'Geografische Bezeichnungen'];yes;['ger'];ger;gemet;Nomenklatur;nomenclature;nomenclature;nomenclatura
6;90fe4cb7-351f-435b-b5ca-73d6e7868aa9;['Amtliche Vermessung AV', 'Flurname', 'Geländename', 'Ortsname', 'Nomenklatur', 'Geografische Bezeichnungen'];yes;['ger'];ger;gemet;Nomenklatur;nomenclature;nomenclature;nomenclatura
7;e6d24220-6b47-4438-acb7-d4812b534ad5;['Ortsname', 'Flurname', 'Geländename', 'Amtliche Vermessung AV', 'Nomenklatur', 'Geografische Bezeichnungen'];yes;['ger'];ger;gemet;Nomenklatur;nomenclature;nomenclature;nomenclatura
8;2ce02637-1183-44a8-af0f-164e0a7a1e55;['Ortsname', 'Amtliche Vermessung AV', 'Flurname', 'Geländename', 'Nomenklatur', 'Geografische Bezeichnungen'];yes;['ger'];ger;gemet;Nomenklatur;nomenclature;nomenclature;nomenclatura
9;7c24ae88-a400-4e39-8ded-01acdbc29461;['Ortsname', 'Amtliche Vermessung AV', 'Geländename', 'Flurname', 'Nomenklatur', 'Geografische Bezeichnungen'];yes;['ger'];ger;gemet;Nomenklatur;nomenclature;nomenclature;nomenclatura
10;ce5e4e5c-e997-4cc3-9a2d-4b22fe24cccf;['Flurname', 'Amtliche Vermessung AV', 'Ortsname', 'Geländename', 'Nomenklatur', 'Geografische Bezeichnungen'];yes;['ger'];ger;gemet;Nomenklatur;nomenclature;nomenclature;nomenclatura
11;f8d19622-f6cd-442c-aa61-5cb54dba6505;['Geländename', 'Flurname', 'Ortsname', 'Amtliche Vermessung AV', 'Nomenklatur', 'Geografische Bezeichnungen'];yes;['ger'];ger;gemet;Nomenklatur;nomenclature;nomenclature;nomenclatura
12;0e770af7-c501-4f67-912b-64c191175461;['Ortsname', 'Amtliche Vermessung AV', 'Geländename', 'Flurname', 'Nomenklatur', 'Geografische Bezeichnungen'];yes;['ger'];ger;gemet;Nomenklatur;nomenclature;nomenclature;nomenclatura
13;473656c2-2770-4d06-b832-c1b645585fe5;['Flurname', 'Amtliche Vermessung AV', 'Geländename', 'Ortsname', 'Nomenklatur', 'Geografische Bezeichnungen'];yes;['ger'];ger;gemet;Nomenklatur;nomenclature;nomenclature;nomenclatura
14;00f86319-c80c-40d0-a127-82f3db833993;['Vektor', 'vecteur', 'vettore', 'vector', 'Nomenklatur', 'nomenclature', 'nomenclatura', 'nomenclature', 'Flurname', 'nom local', 'nome locale', 'local name', 'Geländename', 'lieu-dit', 'nome di luogo', 'name of terrain', 'Ortsname', 'nom de lieu', 'nome del luogo', 'place name', 'INSPIRE', 'INSPIRE', 'INSPIRE', 'INSPIRE', 'Geografische Bezeichnungen', 'Dénominations géographiques', 'Nomi geografici', 'Geographical names', 'National', 'Nationales', 'Nazionali', 'National'];yes;['FR', 'IT', 'EN', 'DE'];multiple;gemet;Nomenklatur;nomenclature;nomenclature;nomenclatura
15;a6c6a9d0-aad3-46a6-8e52-90eee328b67a;['nomenclature', 'Nomenklatur', 'nomenclature', 'nomenclatura', 'lieu-dit', 'Geländename', 'name of terrain', 'nome di luogo', 'nom local', 'Flurname', 'local name', 'nome locale'];yes;['DE', 'EN', 'IT', 'FR'];multiple;gemet;Nomenklatur;nomenclature;nomenclature;nomenclatura
16;7d335504-ccc1-460e-8ad5-4a2c99399de1;['mensuration officielle MO', 'Amtliche Vermessung AV', 'misurazione ufficiale MU', 'cadastral surveying', 'lieu-dit', 'Geländename', 'nome di luogo', 'name of terrain', 'nom de lieu', 'Ortsname', 'nome del luogo', 'place name', 'nomenclature', 'Nomenklatur', 'nomenclatura', 'nomenclature'];yes;['DE', 'IT', 'EN', 'FR'];multiple;gemet;Nomenklatur;nomenclature;nomenclature;nomenclatura
17;6a3d1c05-0a07-4e63-b632-2f9b92617d90;['Dénominations géographiques', 'Geografische Bezeichnungen', 'Nomi geografici', 'Geographical names', 'nomenclature', 'Nomenklatur', 'nomenclatura', 'nomenclature', 'nom de lieu', 'Ortsname', 'nome del luogo', 'place name', 'opendata.swiss', 'opendata.swiss', 'opendata.swiss', 'opendata.swiss', 'opendata.swiss', 'lieu-dit', 'Geländename', 'nome di luogo', 'name of terrain', 'mensuration officielle MO', 'Amtliche Vermessung AV', 'misurazione ufficiale MU', 'cadastral surveying'];yes;['DE', 'IT', 'EN', 'RM', 'FR'];multiple;gemet;Nomenklatur;nomenclature;nomenclature;nomenclatura
