﻿;uuid;keywords;new_kw_present;languages;multiple_languages;type;new_kw_de;new_kw_fr;new_kw_en;new_kw_it
0;c7540876-f56f-43f0-83db-a9467d0038ed;['Gemeindegrenze', 'Limite de commune', 'confine di comune', 'Municipal boundary'];no;['ger'];ger;gemet;Gemeinde;commune;municipality;comune
1;fdab1d8c-a35c-476f-817f-b15b1d4f4af7;['Grenze', 'Gemeindegrenze'];no;['ger'];ger;gemet;Gemeinde;commune;municipality;comune
2;9961dc6c-20a9-4b16-8a24-b20c3d8ddb83;['Verwaltungseinheiten', 'Unités administratives', 'Unità amministrative', 'Administrative units', 'opendata.swiss', 'opendata.swiss', 'opendata.swiss', 'opendata.swiss', 'opendata.swiss', 'INSPIRE', 'INSPIRE', 'INSPIRE', 'INSPIRE', 'Gemeindegrenze', 'Limite de commune', 'confine di comune', 'Municipal boundary', 'Gemeinde', 'commune', 'comune', 'municipality', 'BGDI Bundesgeodaten-Infrastruktur', 'IFDG l’Infrastructure Fédérale de données géographiques', 'IFDG Infrastruttura federale dei dati geografici', 'FSDI Federal Spatial Data Infrastructure'];yes;['FR', 'IT', 'EN', 'RM', 'DE'];multiple;gemet;Gemeinde;commune;municipality;comune
3;4b7c4c56-7ce8-4123-9f59-adc7d84fd63a;"['Landesgrenze', 'frontière nationale', 'confine nazionale', 'national border', 'Aufbewahrungs- und Archivierungsplanung AAP - Bund', ""Planification de la conservation et de l'archivage AAP - Conféderation"", 'Pianificazione della conservazione e dell’archiviazione AAP - Confederazione', 'Conservation and archiving planning AAP - Confederation', 'Gemeindegrenze', 'Limite de commune', 'confine di comune', 'Municipal boundary', 'Grenze', 'bordure', 'frontiera', 'border', 'Verwaltungsgrenze', 'limite administrative', 'confine amministrativo', 'administrative boundary', 'Kartographie', 'cartographie', 'cartografia', 'cartography', 'Verwaltungseinheiten', 'Unités administratives', 'Unità amministrative', 'Administrative units', 'FSDI Federal Spatial Data Infrastructure', 'BGDI Bundesgeodaten-Infrastruktur', 'IFDG Infrastruttura federale dei dati geografici', 'IFDG l’Infrastructure Fédérale de données géographiques', 'Kanton', 'canton', 'cantone', 'canton', 'Bezirk', 'disctrict', 'distretto', 'disctrict']";no;['FR', 'IT', 'EN', 'RM', 'DE'];multiple;gemet;Gemeinde;commune;municipality;comune
4;74d8c1de-81ed-48bf-8742-667b67b1364d;"['Gemeindegrenze', 'Limite de commune', 'confine di comune', 'Municipal boundary', 'GIS (Geografisches Informationssystem)', ""SIG (Système d'Information Géographique)"", 'SIG (Sistema Informativo Geografico)', 'GIS (Geographic Information System)', 'Landschaftsmodell', 'modèle du territoire', 'modello del territorio', 'landscape model', 'Grenze', 'bordure', 'frontiera', 'border', 'See', 'lac', 'lago', 'lake', 'Geographisches Informationssystem', ""système d'information géographique"", 'sistema informativo geografico', 'geographic information system', 'Kanton', 'canton', 'cantone', 'canton', 'Verwaltungsgrenze', 'limite administrative', 'confine amministrativo', 'administrative boundary', 'Verwaltungsgrenze', 'limite administrative', 'confine amministrativo', 'administrative boundary', 'Bezirk', 'disctrict', 'distretto', 'disctrict']";no;['FR', 'IT', 'EN', 'DE'];multiple;gemet;Gemeinde;commune;municipality;comune
5;3d920e2b-fd7d-4dc8-b1ce-f43973fb0ae7;['Gemeindegrenze', 'Landesgrenze', 'Amtliche Vermessung AV', 'Administrative Grenze', 'Hoheitsgrenze', 'Politische Grenze', 'Grenze', 'Verwaltungsgrenze', 'Raumplanung', 'Kanton', 'Bezirk'];no;['ger'];ger;gemet;Gemeinde;commune;municipality;comune
6;e62c6abf-df00-452a-bb25-fe1a9110b994;['Gemeindegrenze', 'Landesgrenze', 'Politische Grenze', 'Administrative Grenze', 'Hoheitsgrenze', 'Amtliche Vermessung AV', 'Verwaltungsgrenze', 'Grenze', 'Raumplanung', 'Kanton', 'Bezirk'];no;['ger'];ger;gemet;Gemeinde;commune;municipality;comune
7;532284b4-49ea-47aa-b277-ca21340ae341;['Administrative Grenze', 'Landesgrenze', 'Hoheitsgrenze', 'Gemeindegrenze', 'Amtliche Vermessung AV', 'Politische Grenze', 'Grenze', 'Verwaltungsgrenze', 'Raumplanung', 'Kanton', 'Bezirk'];no;['ger'];ger;gemet;Gemeinde;commune;municipality;comune
8;a32d7aab-a192-494a-abc9-f79d23648627;['Amtliche Vermessung AV', 'Politische Grenze', 'Hoheitsgrenze', 'Gemeindegrenze', 'Landesgrenze', 'Administrative Grenze', 'Grenze', 'Verwaltungsgrenze', 'Raumplanung', 'Kanton', 'Bezirk'];no;['ger'];ger;gemet;Gemeinde;commune;municipality;comune
9;362f4606-2e8c-4e6d-955c-ab24a685906c;['Hoheitsgrenze', 'Administrative Grenze', 'Landesgrenze', 'Gemeindegrenze', 'Amtliche Vermessung AV', 'Politische Grenze', 'Grenze', 'Raumplanung', 'Verwaltungsgrenze', 'Kanton', 'Bezirk'];no;['ger'];ger;gemet;Gemeinde;commune;municipality;comune
10;1773174c-fed1-4106-97c8-e33fd45fb5e3;['Amtliche Vermessung AV', 'Landesgrenze', 'Hoheitsgrenze', 'Administrative Grenze', 'Gemeindegrenze', 'Politische Grenze', 'Grenze', 'Verwaltungsgrenze', 'Raumplanung', 'Kanton', 'Bezirk'];no;['ger'];ger;gemet;Gemeinde;commune;municipality;comune
11;4b75eeb5-609a-4dba-b9fa-2da9142e1ada;['Gemeindegrenze', 'Hoheitsgrenze', 'Administrative Grenze', 'Politische Grenze', 'Amtliche Vermessung AV', 'Landesgrenze', 'Raumplanung', 'Grenze', 'Verwaltungsgrenze', 'Kanton', 'Bezirk'];no;['ger'];ger;gemet;Gemeinde;commune;municipality;comune
12;9c42b306-52cc-4b66-9398-e523c70fb98c;['Amtliche Vermessung AV', 'Politische Grenze', 'Landesgrenze', 'Hoheitsgrenze', 'Gemeindegrenze', 'Administrative Grenze', 'Grenze', 'Verwaltungsgrenze', 'Raumplanung', 'Kanton', 'Bezirk'];no;['ger'];ger;gemet;Gemeinde;commune;municipality;comune
13;223329c8-ee90-4b13-851b-b1a9bfc74737;['Hoheitsgrenze', 'Amtliche Vermessung AV', 'Gemeindegrenze', 'Administrative Grenze', 'Politische Grenze', 'Landesgrenze', 'Verwaltungsgrenze', 'Raumplanung', 'Grenze', 'Kanton', 'Bezirk'];no;['ger'];ger;gemet;Gemeinde;commune;municipality;comune
14;41d1940c-55ea-45ab-bf5b-418713f37a51;['Hoheitsgrenze', 'Landesgrenze', 'Politische Grenze', 'Amtliche Vermessung AV', 'Administrative Grenze', 'Gemeindegrenze', 'Grenze', 'Raumplanung', 'Verwaltungsgrenze', 'Kanton', 'Bezirk'];no;['ger'];ger;gemet;Gemeinde;commune;municipality;comune
15;f90d0f46-0006-496b-957c-5151c314bfb6;['Hoheitsgrenze', 'Landesgrenze', 'Amtliche Vermessung AV', 'Politische Grenze', 'Administrative Grenze', 'Gemeindegrenze', 'Verwaltungsgrenze', 'Grenze', 'Raumplanung', 'Kanton', 'Bezirk'];no;['ger'];ger;gemet;Gemeinde;commune;municipality;comune
16;b2832a47-254f-4521-9962-18109a4fce3c;['Landesgrenze', 'Politische Grenze', 'Gemeindegrenze', 'Hoheitsgrenze', 'Amtliche Vermessung AV', 'Administrative Grenze', 'Grenze', 'Raumplanung', 'Verwaltungsgrenze', 'Kanton', 'Bezirk'];no;['ger'];ger;gemet;Gemeinde;commune;municipality;comune
17;5dd085ea-cc2b-475c-8612-a3af2f3e9f0d;['Gemeindegrenze', 'Hoheitsgrenze', 'Politische Grenze', 'Amtliche Vermessung AV', 'Administrative Grenze', 'Landesgrenze', 'Verwaltungsgrenze', 'Raumplanung', 'Grenze', 'Kanton', 'Bezirk'];no;['ger'];ger;gemet;Gemeinde;commune;municipality;comune
18;bea2b29b-2847-48a9-b3ad-e446460aa6d4;['Hoheitsgrenze', 'Politische Grenze', 'Administrative Grenze', 'Amtliche Vermessung AV', 'Landesgrenze', 'Gemeindegrenze', 'Raumplanung', 'Verwaltungsgrenze', 'Grenze', 'Kanton', 'Bezirk'];no;['ger'];ger;gemet;Gemeinde;commune;municipality;comune
19;168a5ee6-588d-4f51-af82-016a96c8faa2;['Landesgrenze', 'Administrative Grenze', 'Hoheitsgrenze', 'Politische Grenze', 'Amtliche Vermessung AV', 'Gemeindegrenze', 'Raumplanung', 'Verwaltungsgrenze', 'Grenze', 'Kanton', 'Bezirk'];no;['ger'];ger;gemet;Gemeinde;commune;municipality;comune
20;165779cf-977c-40a6-bdc7-bbc4725a01f5;['Landesgrenze', 'Amtliche Vermessung AV', 'Gemeindegrenze', 'Politische Grenze', 'Hoheitsgrenze', 'Administrative Grenze', 'Grenze', 'Raumplanung', 'Verwaltungsgrenze', 'Kanton', 'Bezirk'];no;['ger'];ger;gemet;Gemeinde;commune;municipality;comune
21;a8aa974b-fe1b-4e69-89c9-fa6066dcafae;['Amtliche Vermessung AV', 'Landesgrenze', 'Administrative Grenze', 'Hoheitsgrenze', 'Gemeindegrenze', 'Politische Grenze', 'Grenze', 'Verwaltungsgrenze', 'Raumplanung', 'Kanton', 'Bezirk'];no;['ger'];ger;gemet;Gemeinde;commune;municipality;comune
22;e14bcb8f-3c2b-4003-8cea-6f9d805bb5ec;['Landesgrenze', 'Administrative Grenze', 'Politische Grenze', 'Gemeindegrenze', 'Hoheitsgrenze', 'Amtliche Vermessung AV', 'Verwaltungsgrenze', 'Grenze', 'Raumplanung', 'Kanton', 'Bezirk'];no;['ger'];ger;gemet;Gemeinde;commune;municipality;comune
23;56e59a48-5bde-491d-a7e6-a8ff6338487a;['Landesgrenze', 'Administrative Grenze', 'Politische Grenze', 'Gemeindegrenze', 'Hoheitsgrenze', 'Amtliche Vermessung AV', 'Raumplanung', 'Verwaltungsgrenze', 'Grenze', 'Kanton', 'Bezirk'];no;['ger'];ger;gemet;Gemeinde;commune;municipality;comune
24;86ca9db1-cee1-413d-a696-982d019fafed;['Politische Grenze', 'Administrative Grenze', 'Amtliche Vermessung AV', 'Hoheitsgrenze', 'Gemeindegrenze', 'Landesgrenze', 'Verwaltungsgrenze', 'Grenze', 'Raumplanung', 'Kanton', 'Bezirk'];no;['ger'];ger;gemet;Gemeinde;commune;municipality;comune
25;86cb844f-296b-40cb-b972-5b1ae8028f7c;"['Landesgrenze', 'frontière nationale', 'confine nazionale', 'national border', 'Kantonal', 'Cantonal', 'Cantonale', 'Cantonal', 'Gemeindegrenze', 'Limite de commune', 'confine di comune', 'Municipal boundary', 'Bezirk', 'district', 'distretto', 'district', 'Geobasisdaten', 'géodonnées de base', 'geodati di base', 'official geodata', 'opendata.swiss', 'opendata.swiss', 'opendata.swiss', 'opendata.swiss', 'opendata.swiss', 'Aufbewahrungs- und Archivierungsplanung AAP - Bund', ""Planification de la conservation et de l'archivage AAP - Conféderation"", 'Pianificazione della conservazione e dell’archiviazione AAP - Confederazione', 'Conservation and archiving planning AAP - Confederation', 'Verwaltungseinheiten', 'Unités administratives', 'Unità amministrative', 'Administrative units', 'Gemeinde', 'commune', 'comune', 'municipality', 'BGDI Bundesgeodaten-Infrastruktur', 'IFDG l’Infrastructure Fédérale de données géographiques', 'IFDG Infrastruttura federale dei dati geografici', 'FSDI Federal Spatial Data Infrastructure', 'Kanton', 'canton', 'cantone', 'canton', 'Verwaltungsgrenze', 'limite administrative', 'confine amministrativo', 'administrative boundary', 'Verwaltungsgrenze', 'limite administrative', 'confine amministrativo', 'administrative boundary']";yes;['FR', 'IT', 'EN', 'RM', 'DE'];multiple;gemet;Gemeinde;commune;municipality;comune
26;ae8fe0bb-b5c6-41a6-9e70-862a455cc29e;"['Landschaftsmodell', 'modèle du territoire', 'modello del territorio', 'landscape model', 'GIS (Geografisches Informationssystem)', ""SIG (Système d'Information Géographique)"", 'SIG (Sistema Informativo Geografico)', 'GIS (Geographic Information System)', 'Aufbewahrungs- und Archivierungsplanung AAP - Bund', ""Planification de la conservation et de l'archivage AAP - Conféderation"", 'Pianificazione della conservazione e dell’archiviazione AAP - Confederazione', 'Conservation and archiving planning AAP - Confederation', 'Geobasisdaten', 'géodonnées de base', 'geodati di base', 'official geodata', 'Gemeindegrenze', 'Limite de commune', 'confine di comune', 'Municipal boundary', 'Hoheitsgrenze', 'limite territoriale', 'confine giurisdizionale', 'sovereign border', 'Landesgrenze', 'frontière nationale', 'confine nazionale', 'national border', 'See', 'lac', 'lago', 'lake', 'Grenze', 'bordure', 'frontiera', 'border', 'Geographisches Informationssystem', ""système d'information géographique"", 'sistema informativo geografico', 'geographic information system', 'Verwaltungsgrenze', 'limite administrative', 'confine amministrativo', 'administrative boundary', 'Bezirk', 'disctrict', 'distretto', 'disctrict']";no;['FR', 'IT', 'EN', 'DE'];multiple;gemet;Gemeinde;commune;municipality;comune
27;f8ec7564-4d7f-4636-8368-efb9b7377017;"['Vektor', 'vecteur', 'vettore', 'vector', 'Nomenklatur', 'nomenclature', 'nomenclatura', 'nomenclature', 'Rohrleitung', 'pipeline', 'condotta', 'pipeline', 'Plan', 'plan', 'piano', 'plan', 'Liegenschaft', 'bien-fonds', 'bene immobile', 'immoveable property', 'Gemeindegrenze', 'Limite de commune', 'confine di comune', 'Municipal boundary', 'Höhen', 'Altimétrie', 'Altimetria', 'Heigths', 'INSPIRE', 'INSPIRE', 'INSPIRE', 'INSPIRE', 'Amtliche Vermessung AV', 'mensuration officielle MO', 'misurazione ufficiale MU', 'cadastral surveying', 'Einzelobjekt', 'objet divers', 'oggetto singolo', 'single object', 'Planeinteilung', 'répartition du plan', 'ripartizione del piano', 'plan division', 'Landesgrenze', 'frontière nationale', 'confine nazionale', 'national border', 'Hoheitsgrenze', 'limite territoriale', 'confine giurisdizionale', 'sovereign border', 'Administrative Einteilung', 'division administrative', 'divisione amministrativa', 'administrative division', 'Toleranzstufe', 'niveau de tolérance', 'grado di tolleranza', 'tolerance level', 'Nummerierungsbereich', 'domaine de numérotation', 'area di numerazione', 'numbering range', 'Fixpunkt', 'point fixe', 'punto fisso', 'fixpoint', 'Ort', 'localité', 'località', 'place', 'Postleitzahl PLZ', ""numéro postal d'acheminement NPA"", ""numero postale d'avviamento NPA"", 'post code', 'Gebäudeadresse', 'adresse de bâtiment', 'indirizzo di edificio', 'building address', 'Gewässernetz', 'Hydrographie', 'Idrografia', 'Hydrography', 'Geografische Bezeichnungen', 'Dénominations géographiques', 'Nomi geografici', 'Geographical names', 'Gebäude', 'Bâtiments', 'Edifici', 'Buildings', 'Flurstücke/Grundstücke (Katasterparzellen)', 'Parcelles cadastrales', 'Parcelle catastali', 'Cadastral parcels', 'Bodenbedeckung', 'Occupation des terres', 'Copertura del suolo', 'Land cover', 'National', 'Nationales', 'Nazionali', 'National']";no;['FR', 'IT', 'EN', 'DE'];multiple;gemet;Gemeinde;commune;municipality;comune
28;e3959e7d-b331-4749-8585-e64d9a334792;['Unités administratives', 'Verwaltungseinheiten', 'Unità amministrative', 'Administrative units', 'limite administrative', 'Verwaltungsgrenze', 'confine amministrativo', 'administrative boundary', 'Limite de commune', 'Gemeindegrenze', 'confine di comune', 'Municipal boundary', 'Kanton', 'canton', 'cantone', 'canton'];no;['DE', 'IT', 'EN', 'RM', 'FR'];multiple;gemet;Gemeinde;commune;municipality;comune
29;e2241f5d-2aa4-4b2f-942b-06b4b1d4a03c;['commune', 'Gemeinde', 'comune', 'municipality', 'limite administrative', 'Verwaltungsgrenze', 'confine amministrativo', 'administrative boundary', 'Limite de commune', 'Gemeindegrenze', 'confine di comune', 'Municipal boundary', 'limite territoriale', 'Hoheitsgrenze', 'confine giurisdizionale', 'sovereign border'];yes;['DE', 'IT', 'EN', 'FR'];multiple;gemet;Gemeinde;commune;municipality;comune
30;c82ae22d-82b6-4976-b3ea-65c5421022f6;['canton', 'Kanton', 'cantone', 'canton', 'fond de plan', 'Grundplan', 'piano di base', 'basic plan', 'Limite de commune', 'Gemeindegrenze', 'confine di comune', 'Municipal boundary', 'frontière administrative', 'Administrative Grenze', 'confine amministrativo', 'administrative boundary', 'limite administrative', 'Verwaltungsgrenze', 'confine amministrativo', 'administrative boundary', 'lac', 'See', 'lago', 'lake', 'Bezirk', 'disctrict', 'distretto', 'disctrict'];no;['DE', 'IT', 'EN', 'FR'];multiple;gemet;Gemeinde;commune;municipality;comune
31;44405b05-ddb0-4e2b-83fc-ae969d0bb1fd;['canton', 'Kanton', 'cantone', 'canton', 'Limite de commune', 'Gemeindegrenze', 'confine di comune', 'Municipal boundary', 'frontière administrative', 'Administrative Grenze', 'confine amministrativo', 'administrative boundary', 'mensuration officielle MO', 'Amtliche Vermessung AV', 'misurazione ufficiale MU', 'cadastral surveying', 'limite administrative', 'Verwaltungsgrenze', 'confine amministrativo', 'administrative boundary', 'Bezirk', 'disctrict', 'distretto', 'disctrict'];no;['DE', 'IT', 'EN', 'FR'];multiple;gemet;Gemeinde;commune;municipality;comune
32;ca06b9cc-0a71-4326-a792-fb1efdbf5f32;['canton', 'Kanton', 'cantone', 'canton', 'fond de plan', 'Grundplan', 'piano di base', 'basic plan', 'Limite de commune', 'Gemeindegrenze', 'confine di comune', 'Municipal boundary', 'frontière administrative', 'Administrative Grenze', 'confine amministrativo', 'administrative boundary', 'limite administrative', 'Verwaltungsgrenze', 'confine amministrativo', 'administrative boundary', 'lac', 'See', 'lago', 'lake', 'Bezirk', 'disctrict', 'distretto', 'disctrict'];no;['DE', 'IT', 'EN', 'FR'];multiple;gemet;Gemeinde;commune;municipality;comune
33;0c6d388c-a7da-419c-9802-42ae464963d0;['canton', 'Kanton', 'cantone', 'canton', 'fond de plan', 'Grundplan', 'piano di base', 'basic plan', 'Limite de commune', 'Gemeindegrenze', 'confine di comune', 'Municipal boundary', 'frontière administrative', 'Administrative Grenze', 'confine amministrativo', 'administrative boundary', 'limite administrative', 'Verwaltungsgrenze', 'confine amministrativo', 'administrative boundary', 'lac', 'See', 'lago', 'lake', 'Bezirk', 'disctrict', 'distretto', 'disctrict'];no;['DE', 'IT', 'EN', 'FR'];multiple;gemet;Gemeinde;commune;municipality;comune
34;0aaea519-7258-4b43-be66-9a8f9d5eb0d4;['Unités administratives', 'Verwaltungseinheiten', 'Unità amministrative', 'Administrative units', 'Dénominations géographiques', 'Geografische Bezeichnungen', 'Nomi geografici', 'Geographical names', 'limite administrative', 'Verwaltungsgrenze', 'confine amministrativo', 'administrative boundary', 'commune', 'Gemeinde', 'comune', 'municipality', 'opendata.swiss', 'opendata.swiss', 'opendata.swiss', 'opendata.swiss', 'opendata.swiss', 'Limite de commune', 'Gemeindegrenze', 'confine di comune', 'Municipal boundary'];yes;['DE', 'IT', 'EN', 'RM', 'FR'];multiple;gemet;Gemeinde;commune;municipality;comune
35;f2f61e3c-b24a-4a3b-81a8-8447b57c7693;['administration', 'Verwaltung, Organisation, Institutionen, Planung, Politik und -vollzug, immaterielle Massnahmen', 'amministrazione', 'administration', 'Dénominations géographiques', 'Geografische Bezeichnungen', 'Nomi geografici', 'Geographical names', 'Unités administratives', 'Verwaltungseinheiten', 'Unità amministrative', 'Administrative units', 'commune', 'Gemeinde', 'comune', 'municipality', 'limite administrative', 'Verwaltungsgrenze', 'confine amministrativo', 'administrative boundary', 'Limite de commune', 'Gemeindegrenze', 'confine di comune', 'Municipal boundary'];yes;['DE', 'IT', 'EN', 'RM', 'FR'];multiple;gemet;Gemeinde;commune;municipality;comune
36;7611d7a3-95d7-436e-ab88-f9573c5c4588;['Limite de commune', 'Gemeindegrenze', 'confine di comune', 'Municipal boundary', 'Cantonal', 'Kantonal', 'Cantonale', 'Cantonal', 'fond de plan', 'Grundplan', 'piano di base', 'basic plan', 'frontière administrative', 'Administrative Grenze', 'confine amministrativo', 'administrative boundary', 'plan de situation', 'Situationsplan', 'piano di situazione', 'situation plan', 'limite administrative', 'Verwaltungsgrenze', 'confine amministrativo', 'administrative boundary', 'lac', 'See', 'lago', 'lake', 'Kanton', 'canton', 'cantone', 'canton', 'Bezirk', 'disctrict', 'distretto', 'disctrict'];no;['DE', 'IT', 'EN', 'FR'];multiple;gemet;Gemeinde;commune;municipality;comune
