﻿;uuid;keywords;new_kw_present;languages;multiple_languages;type;new_kw_de;new_kw_fr;new_kw_en;new_kw_it
0;a24ed0a9-cc08-4e71-b9e1-253281c25746;['AI (Aggregationsinfrastruktur der Kantone)', 'IA (Infrastructure d’agrégation des cantons)', 'IA (infrastruttura di aggregazione dei cantoni)', 'AI (aggregation infrastructure of the cantons)', 'Minimales Geodatenmodel MGDM', 'modèle de géodonnées minimal MGDM', 'modello di geodati minimi MGDM', 'minimum geodata model MGDM', 'Geobasisdaten', 'géodonnées de base', 'geodati di base', 'official geodata', 'Kanton', 'canton', 'cantone', 'canton', 'geodienste.ch', 'geodienste.ch', 'geodienste.ch', 'geodienste.ch', 'Aggregation', 'Aggrégation', 'Aggregazione', 'Aggregation', 'Aggregationsinfrastruktur AI', 'infrastructure d’aggrégation IA', 'infrastruttura di aggregazione IA', 'aggregation infrastructure AI', 'Geobasisdatensatz', 'Jeu de géodonnées de base', 'Set di dati di riferimento geospaziale', 'Geospatial reference data set', 'Bundesrecht', 'loi fédérale (D)', 'legislazione federale', 'federal law'];yes;['FR', 'IT', 'EN', 'DE'];multiple;geocat;Geobasisdaten;géodonnées de base;official geodata;geodati di base
1;964559b8-f24c-4e77-a367-594761f21ebd;['Aggregationsinfrastruktur AI', 'infrastructure d’aggrégation IA', 'infrastruttura di aggregazione IA', 'aggregation infrastructure AI', 'AI (Aggregationsinfrastruktur der Kantone)', 'IA (Infrastructure d’agrégation des cantons)', 'IA (infrastruttura di aggregazione dei cantoni)', 'AI (aggregation infrastructure of the cantons)', 'Aggregation', 'Aggrégation', 'Aggregazione', 'Aggregation', 'Geobasisdatensatz', 'Jeu de géodonnées de base', 'Set di dati di riferimento geospaziale', 'Geospatial reference data set', 'Geobasisdaten', 'géodonnées de base', 'geodati di base', 'official geodata', 'Minimales Geodatenmodel MGDM', 'modèle de géodonnées minimal MGDM', 'modello di geodati minimi MGDM', 'minimum geodata model MGDM', 'Kanton', 'canton', 'cantone', 'canton', 'geodienste.ch', 'geodienste.ch', 'geodienste.ch', 'geodienste.ch', 'Bundesrecht', 'loi fédérale (D)', 'legislazione federale', 'federal law'];yes;['FR', 'IT', 'EN', 'DE'];multiple;geocat;Geobasisdaten;géodonnées de base;official geodata;geodati di base
2;8e82db3c-1775-4a28-bbde-7671602fa109;['geodienste.ch', 'geodienste.ch', 'geodienste.ch', 'geodienste.ch', 'Aggregationsinfrastruktur AI', 'infrastructure d’aggrégation IA', 'infrastruttura di aggregazione IA', 'aggregation infrastructure AI', 'AI (Aggregationsinfrastruktur der Kantone)', 'IA (Infrastructure d’agrégation des cantons)', 'IA (infrastruttura di aggregazione dei cantoni)', 'AI (aggregation infrastructure of the cantons)', 'Aggregation', 'Aggrégation', 'Aggregazione', 'Aggregation', 'Kanton', 'canton', 'cantone', 'canton', 'Geobasisdatensatz', 'Jeu de géodonnées de base', 'Set di dati di riferimento geospaziale', 'Geospatial reference data set', 'Geobasisdaten', 'géodonnées de base', 'geodati di base', 'official geodata', 'Landwirtschaftliche Nutzfläche LN', 'surface agricole utile SAU', 'superficie agricola utile SAU', 'usable agricultural area UAA', 'Minimales Geodatenmodel MGDM', 'modèle de géodonnées minimal MGDM', 'modello di geodati minimi MGDM', 'minimum geodata model MGDM', 'Bundesrecht', 'loi fédérale (D)', 'legislazione federale', 'federal law'];yes;['FR', 'IT', 'EN', 'DE'];multiple;geocat;Geobasisdaten;géodonnées de base;official geodata;geodati di base
3;a3eefbdc-1820-4fcb-bf97-9a4072af9180;"['geodienste.ch', 'geodienste.ch', 'geodienste.ch', 'geodienste.ch', 'Aggregation', 'Aggregazione', 'Aggregation', 'Aggrégation', 'Minimales Geodatenmodel MGDM', 'modello di geodati minimi MGDM', 'minimum geodata model MGDM', 'modèle de géodonnées minimal MGDM', 'AI (Aggregationsinfrastruktur der Kantone)', 'IA (infrastruttura di aggregazione dei cantoni)', 'AI (aggregation infrastructure of the cantons)', 'IA (Infrastructure d’agrégation des cantons)', 'Aggregationsinfrastruktur AI', 'infrastruttura di aggregazione IA', 'aggregation infrastructure AI', 'infrastructure d’aggrégation IA', 'Geobasisdatensatz', 'Set di dati di riferimento geospaziale', 'Geospatial reference data set', 'Jeu de géodonnées de base', 'Geobasisdaten', 'geodati di base', 'official geodata', 'géodonnées de base', 'Kanton', 'cantone', 'canton', 'canton', 'Bundesrecht', 'legislazione federale', 'federal law', 'loi fédérale (D)', 'Raumplanung', 'pianificazione dello spazio fisico', 'physical planning', ""planification de l'espace physique""]";yes;['IT', 'EN', 'FR', 'DE'];multiple;geocat;Geobasisdaten;géodonnées de base;official geodata;geodati di base
4;04c4bff9-28e7-41a9-875d-590c41387099;['Geobasisdatensatz', 'Jeu de géodonnées de base', 'Set di dati di riferimento geospaziale', 'Geospatial reference data set', 'Kanton', 'canton', 'cantone', 'canton', 'Geobasisdaten', 'géodonnées de base', 'geodati di base', 'official geodata', 'AI (Aggregationsinfrastruktur der Kantone)', 'IA (Infrastructure d’agrégation des cantons)', 'IA (infrastruttura di aggregazione dei cantoni)', 'AI (aggregation infrastructure of the cantons)', 'Aggregation', 'Aggrégation', 'Aggregazione', 'Aggregation', 'Minimales Geodatenmodel MGDM', 'modèle de géodonnées minimal MGDM', 'modello di geodati minimi MGDM', 'minimum geodata model MGDM', 'Aggregationsinfrastruktur AI', 'infrastructure d’aggrégation IA', 'infrastruttura di aggregazione IA', 'aggregation infrastructure AI', 'geodienste.ch', 'geodienste.ch', 'geodienste.ch', 'geodienste.ch', 'Bundesrecht', 'loi fédérale (D)', 'legislazione federale', 'federal law', 'Wald', 'bois', 'bosco', 'wood'];yes;['FR', 'IT', 'EN', 'DE'];multiple;geocat;Geobasisdaten;géodonnées de base;official geodata;geodati di base
5;d3d1601a-175b-4228-b99a-90ca0c75279d;['Geobasisdatensatz', 'Jeu de géodonnées de base', 'Set di dati di riferimento geospaziale', 'Geospatial reference data set', 'Minimales Geodatenmodel MGDM', 'modèle de géodonnées minimal MGDM', 'modello di geodati minimi MGDM', 'minimum geodata model MGDM', 'Kanton', 'canton', 'cantone', 'canton', 'geodienste.ch', 'geodienste.ch', 'geodienste.ch', 'geodienste.ch', 'Aggregation', 'Aggrégation', 'Aggregazione', 'Aggregation', 'Geobasisdaten', 'géodonnées de base', 'geodati di base', 'official geodata', 'Aggregationsinfrastruktur AI', 'infrastructure d’aggrégation IA', 'infrastruttura di aggregazione IA', 'aggregation infrastructure AI', 'AI (Aggregationsinfrastruktur der Kantone)', 'IA (Infrastructure d’agrégation des cantons)', 'IA (infrastruttura di aggregazione dei cantoni)', 'AI (aggregation infrastructure of the cantons)', 'Bundesrecht', 'loi fédérale (D)', 'legislazione federale', 'federal law', 'Lärm', 'bruit', 'rumore', 'noise'];yes;['FR', 'IT', 'EN', 'DE'];multiple;geocat;Geobasisdaten;géodonnées de base;official geodata;geodati di base
6;fbfbf191-c568-49fb-91d5-6a38b142dd20;['Geobasisdaten', 'géodonnées de base', 'geodati di base', 'official geodata', 'Aggregation', 'Aggrégation', 'Aggregazione', 'Aggregation', 'Aggregationsinfrastruktur AI', 'infrastructure d’aggrégation IA', 'infrastruttura di aggregazione IA', 'aggregation infrastructure AI', 'AI (Aggregationsinfrastruktur der Kantone)', 'IA (Infrastructure d’agrégation des cantons)', 'IA (infrastruttura di aggregazione dei cantoni)', 'AI (aggregation infrastructure of the cantons)', 'geodienste.ch', 'geodienste.ch', 'geodienste.ch', 'geodienste.ch', 'Minimales Geodatenmodel MGDM', 'modèle de géodonnées minimal MGDM', 'modello di geodati minimi MGDM', 'minimum geodata model MGDM', 'Geobasisdatensatz', 'Jeu de géodonnées de base', 'Set di dati di riferimento geospaziale', 'Geospatial reference data set', 'Kanton', 'canton', 'cantone', 'canton', 'Bundesrecht', 'loi fédérale (D)', 'legislazione federale', 'federal law'];yes;['FR', 'IT', 'EN', 'DE'];multiple;geocat;Geobasisdaten;géodonnées de base;official geodata;geodati di base
7;96ed29a7-1168-4377-b0d8-c3104f7c50b1;['Aggregation', 'Aggrégation', 'Aggregazione', 'Aggregation', 'Aggregationsinfrastruktur AI', 'infrastructure d’aggrégation IA', 'infrastruttura di aggregazione IA', 'aggregation infrastructure AI', 'AI (Aggregationsinfrastruktur der Kantone)', 'IA (Infrastructure d’agrégation des cantons)', 'IA (infrastruttura di aggregazione dei cantoni)', 'AI (aggregation infrastructure of the cantons)', 'geodienste.ch', 'geodienste.ch', 'geodienste.ch', 'geodienste.ch', 'Minimales Geodatenmodel MGDM', 'modèle de géodonnées minimal MGDM', 'modello di geodati minimi MGDM', 'minimum geodata model MGDM', 'Geobasisdaten', 'géodonnées de base', 'geodati di base', 'official geodata', 'Geobasisdatensatz', 'Jeu de géodonnées de base', 'Set di dati di riferimento geospaziale', 'Geospatial reference data set', 'Kanton', 'canton', 'cantone', 'canton', 'Bundesrecht', 'loi fédérale (D)', 'legislazione federale', 'federal law'];yes;['FR', 'IT', 'EN', 'DE'];multiple;geocat;Geobasisdaten;géodonnées de base;official geodata;geodati di base
8;d929eef4-791d-4728-9d56-226b6952cf1f;['Aggregation', 'Aggrégation', 'Aggregazione', 'Aggregation', 'AI (Aggregationsinfrastruktur der Kantone)', 'IA (Infrastructure d’agrégation des cantons)', 'IA (infrastruttura di aggregazione dei cantoni)', 'AI (aggregation infrastructure of the cantons)', 'Geobasisdatensatz', 'Jeu de géodonnées de base', 'Set di dati di riferimento geospaziale', 'Geospatial reference data set', 'Minimales Geodatenmodel MGDM', 'modèle de géodonnées minimal MGDM', 'modello di geodati minimi MGDM', 'minimum geodata model MGDM', 'geodienste.ch', 'geodienste.ch', 'geodienste.ch', 'geodienste.ch', 'Aggregationsinfrastruktur AI', 'infrastructure d’aggrégation IA', 'infrastruttura di aggregazione IA', 'aggregation infrastructure AI', 'Kanton', 'canton', 'cantone', 'canton', 'Geobasisdaten', 'géodonnées de base', 'geodati di base', 'official geodata', 'Bundesrecht', 'loi fédérale (D)', 'legislazione federale', 'federal law'];yes;['FR', 'IT', 'EN', 'DE'];multiple;geocat;Geobasisdaten;géodonnées de base;official geodata;geodati di base
9;742b0405-dca4-4272-9f05-f0ed3eb12d3d;['Kanton', 'canton', 'cantone', 'canton', 'Geobasisdatensatz', 'Jeu de géodonnées de base', 'Set di dati di riferimento geospaziale', 'Geospatial reference data set', 'Geobasisdaten', 'géodonnées de base', 'geodati di base', 'official geodata', 'Aggregation', 'Aggrégation', 'Aggregazione', 'Aggregation', 'geodienste.ch', 'geodienste.ch', 'geodienste.ch', 'geodienste.ch', 'Aggregationsinfrastruktur AI', 'infrastructure d’aggrégation IA', 'infrastruttura di aggregazione IA', 'aggregation infrastructure AI', 'Minimales Geodatenmodel MGDM', 'modèle de géodonnées minimal MGDM', 'modello di geodati minimi MGDM', 'minimum geodata model MGDM', 'AI (Aggregationsinfrastruktur der Kantone)', 'IA (Infrastructure d’agrégation des cantons)', 'IA (infrastruttura di aggregazione dei cantoni)', 'AI (aggregation infrastructure of the cantons)', 'Bundesrecht', 'loi fédérale (D)', 'legislazione federale', 'federal law', 'Wald', 'bois', 'bosco', 'wood'];yes;['FR', 'IT', 'EN', 'DE'];multiple;geocat;Geobasisdaten;géodonnées de base;official geodata;geodati di base
10;13780ac3-7340-454b-b721-fc4dd490d0fc;['Verkehrsnetze', 'Réseaux de transport', 'Reti di trasporto', 'Transport networks', 'Verkehr', 'transport', 'trasporti', 'transport', 'Strasse', 'route', 'strada', 'road', 'Geobasisdatensatz', 'Jeu de géodonnées de base', 'Set di dati di riferimento geospaziale', 'Geospatial reference data set', 'opendata.swiss', 'opendata.swiss', 'opendata.swiss', 'opendata.swiss', 'opendata.swiss', 'Nationalstrasse', 'route nationale', 'strada nazionale', 'motorway', 'Sachplan', 'plan sectoriel', 'piano settoriale', 'sectoral plan', 'FSDI Federal Spatial Data Infrastructure', 'BGDI Bundesgeodaten-Infrastruktur', 'IFDG Infrastruttura federale dei dati geografici', 'IFDG l’Infrastructure Fédérale de données géographiques'];no;['FR', 'IT', 'EN', 'RM', 'DE'];multiple;geocat;Geobasisdaten;géodonnées de base;official geodata;geodati di base
11;7f662008-7236-4e84-a448-8e8037521e1f;['Aggregationsinfrastruktur AI', 'infrastructure d’aggrégation IA', 'aggregation infrastructure AI', 'infrastruttura di aggregazione IA', 'Aggregation', 'Aggrégation', 'Aggregation', 'Aggregazione', 'AI (Aggregationsinfrastruktur der Kantone)', 'IA (Infrastructure d’agrégation des cantons)', 'AI (aggregation infrastructure of the cantons)', 'IA (infrastruttura di aggregazione dei cantoni)', 'WMS', 'WMS', 'WMS', 'WMS', 'Darstellungsdienst', 'service de consultation', 'presentation service', 'servizio di rappresentazione', 'Geodienst', 'géoservice', 'geoservice', 'geoservizio', 'Geobasisdienst', 'Géodonnées de base', 'Minimales Geodatenmodel MGDM', 'modèle de géodonnées minimal MGDM', 'minimum geodata model MGDM', 'modello di geodati minimi MGDM', 'Geobasisdaten', 'géodonnées de base', 'official geodata', 'geodati di base', 'Geobasisdatensatz', 'Jeu de géodonnées de base', 'Geospatial reference data set', 'Set di dati di riferimento geospaziale', 'Kanton', 'canton', 'canton', 'cantone', 'geodienste.ch', 'geodienste.ch', 'geodienste.ch', 'geodienste.ch', 'Bundesrecht', 'loi fédérale (D)', 'federal law', 'legislazione federale'];yes;['FR', 'EN', 'IT', 'DE'];multiple;geocat;Geobasisdaten;géodonnées de base;official geodata;geodati di base
12;a81f0dc0-a795-4035-822c-4c3bf36e0916;"['Geobasisdatensatz', 'Set di dati di riferimento geospaziale', 'Geospatial reference data set', 'Jeu de géodonnées de base', 'AI (Aggregationsinfrastruktur der Kantone)', 'IA (infrastruttura di aggregazione dei cantoni)', 'AI (aggregation infrastructure of the cantons)', 'IA (Infrastructure d’agrégation des cantons)', 'Waldabstand', 'disboscamento', 'forest clearance', 'déboisement', 'Aggregation', 'Aggregazione', 'Aggregation', 'Aggrégation', 'Kanton', 'cantone', 'canton', 'canton', 'geodienste.ch', 'geodienste.ch', 'geodienste.ch', 'geodienste.ch', 'Geobasisdaten', 'geodati di base', 'official geodata', 'géodonnées de base', 'Minimales Geodatenmodel MGDM', 'modello di geodati minimi MGDM', 'minimum geodata model MGDM', 'modèle de géodonnées minimal MGDM', 'Nutzungsplanung', ""pianificazione dell'utilizzazione"", 'land use planning', ""planification de l'utilisation du sol"", 'Aggregationsinfrastruktur AI', 'infrastruttura di aggregazione IA', 'aggregation infrastructure AI', 'infrastructure d’aggrégation IA', 'Wald', 'bosco', 'wood', 'bois', 'Wald', 'bosco', 'wood', 'bois', 'Bundesrecht', 'legislazione federale', 'federal law', 'loi fédérale (D)']";yes;['IT', 'EN', 'FR', 'DE'];multiple;geocat;Geobasisdaten;géodonnées de base;official geodata;geodati di base
13;c18cbeda-b630-4507-89a3-696e64f9b0c7;['AI (Aggregationsinfrastruktur der Kantone)', 'IA (Infrastructure d’agrégation des cantons)', 'IA (infrastruttura di aggregazione dei cantoni)', 'AI (aggregation infrastructure of the cantons)', 'Aggregation', 'Aggrégation', 'Aggregazione', 'Aggregation', 'Aggregationsinfrastruktur AI', 'infrastructure d’aggrégation IA', 'infrastruttura di aggregazione IA', 'aggregation infrastructure AI', 'geodienste.ch', 'geodienste.ch', 'geodienste.ch', 'geodienste.ch', 'Geobasisdatensatz', 'Jeu de géodonnées de base', 'Set di dati di riferimento geospaziale', 'Geospatial reference data set', 'Minimales Geodatenmodel MGDM', 'modèle de géodonnées minimal MGDM', 'modello di geodati minimi MGDM', 'minimum geodata model MGDM', 'Geobasisdaten', 'géodonnées de base', 'geodati di base', 'official geodata', 'Rebe', 'vigne', 'vite', 'vine', 'Bundesrecht', 'loi fédérale (D)', 'legislazione federale', 'federal law', 'Weinbau', 'viticulture', 'viticoltura', 'viticulture', 'Anbautechnik', 'méthode culturale', 'metodo di coltivazione', 'cultivation method'];yes;['FR', 'IT', 'EN', 'DE'];multiple;geocat;Geobasisdaten;géodonnées de base;official geodata;geodati di base
14;a3e5aead-0eac-44a0-b4b7-4cbf667e88bc;['Aggregation', 'Aggregazione', 'Aggregation', 'Aggrégation', 'Kanton', 'cantone', 'canton', 'canton', 'AI (Aggregationsinfrastruktur der Kantone)', 'IA (infrastruttura di aggregazione dei cantoni)', 'AI (aggregation infrastructure of the cantons)', 'IA (Infrastructure d’agrégation des cantons)', 'geodienste.ch', 'geodienste.ch', 'geodienste.ch', 'geodienste.ch', 'Aggregationsinfrastruktur AI', 'infrastruttura di aggregazione IA', 'aggregation infrastructure AI', 'infrastructure d’aggrégation IA', 'Minimales Geodatenmodel MGDM', 'modello di geodati minimi MGDM', 'minimum geodata model MGDM', 'modèle de géodonnées minimal MGDM', 'Geobasisdaten', 'geodati di base', 'official geodata', 'géodonnées de base', 'Geobasisdatensatz', 'Set di dati di riferimento geospaziale', 'Geospatial reference data set', 'Jeu de géodonnées de base', 'Bundesrecht', 'legislazione federale', 'federal law', 'loi fédérale (D)', 'Wald', 'bosco', 'wood', 'bois', 'Reservat', 'riserva', 'reserve', 'réserve'];yes;['IT', 'EN', 'FR', 'DE'];multiple;geocat;Geobasisdaten;géodonnées de base;official geodata;geodati di base
15;9c5ae5fb-3390-41ba-b857-13422697835a;"['Geobasisdatensatz', 'Jeu de géodonnées de base', 'Geospatial reference data set', 'Set di dati di riferimento geospaziale', 'WMS', 'WMS', 'WMS', 'WMS', 'Darstellungsdienst', 'service de consultation', 'presentation service', 'servizio di rappresentazione', 'Nutzungsplanung', ""planification de l'utilisation du sol"", 'land use planning', ""pianificazione dell'utilizzazione"", 'Geodienst', 'géoservice', 'geoservice', 'geoservizio', 'Kanton', 'canton', 'canton', 'cantone', 'Aggregation', 'Aggrégation', 'Aggregation', 'Aggregazione', 'Aggregationsinfrastruktur AI', 'infrastructure d’aggrégation IA', 'aggregation infrastructure AI', 'infrastruttura di aggregazione IA', 'Waldabstand', 'déboisement', 'forest clearance', 'disboscamento', 'geodienste.ch', 'geodienste.ch', 'geodienste.ch', 'geodienste.ch', 'AI (Aggregationsinfrastruktur der Kantone)', 'IA (Infrastructure d’agrégation des cantons)', 'AI (aggregation infrastructure of the cantons)', 'IA (infrastruttura di aggregazione dei cantoni)', 'Geobasisdaten', 'géodonnées de base', 'official geodata', 'geodati di base', 'Minimales Geodatenmodel MGDM', 'modèle de géodonnées minimal MGDM', 'minimum geodata model MGDM', 'modello di geodati minimi MGDM', 'Geobasisdienst', 'Géodonnées de base', 'Bundesrecht', 'loi fédérale (D)', 'federal law', 'legislazione federale', 'Wald', 'bois', 'wood', 'bosco', 'Wald', 'bois', 'wood', 'bosco']";yes;['FR', 'EN', 'IT', 'DE'];multiple;geocat;Geobasisdaten;géodonnées de base;official geodata;geodati di base
16;91a14f4d-8f16-4c6a-96ce-3c0cae73c8f7;['Aggregation', 'Aggrégation', 'Aggregation', 'Aggregazione', 'AI (Aggregationsinfrastruktur der Kantone)', 'IA (Infrastructure d’agrégation des cantons)', 'AI (aggregation infrastructure of the cantons)', 'IA (infrastruttura di aggregazione dei cantoni)', 'Geobasisdatensatz', 'Jeu de géodonnées de base', 'Geospatial reference data set', 'Set di dati di riferimento geospaziale', 'Darstellungsdienst', 'service de consultation', 'presentation service', 'servizio di rappresentazione', 'Aggregationsinfrastruktur AI', 'infrastructure d’aggrégation IA', 'aggregation infrastructure AI', 'infrastruttura di aggregazione IA', 'WMS', 'WMS', 'WMS', 'WMS', 'Geodienst', 'géoservice', 'geoservice', 'geoservizio', 'Kanton', 'canton', 'canton', 'cantone', 'Geobasisdaten', 'géodonnées de base', 'official geodata', 'geodati di base', 'Minimales Geodatenmodel MGDM', 'modèle de géodonnées minimal MGDM', 'minimum geodata model MGDM', 'modello di geodati minimi MGDM', 'Geobasisdienst', 'Géodonnées de base', 'geodienste.ch', 'geodienste.ch', 'geodienste.ch', 'geodienste.ch', 'Bundesrecht', 'loi fédérale (D)', 'federal law', 'legislazione federale', 'Wald', 'bois', 'wood', 'bosco', 'Reservat', 'réserve', 'reserve', 'riserva'];yes;['FR', 'EN', 'IT', 'DE'];multiple;geocat;Geobasisdaten;géodonnées de base;official geodata;geodati di base
17;56335857-9393-42d8-83a2-d7f80133fefe;['Minimales Geodatenmodel MGDM', 'modèle de géodonnées minimal MGDM', 'minimum geodata model MGDM', 'modello di geodati minimi MGDM', 'Geobasisdienst', 'Géodonnées de base', 'geodienste.ch', 'geodienste.ch', 'geodienste.ch', 'geodienste.ch', 'Geobasisdaten', 'géodonnées de base', 'official geodata', 'geodati di base', 'Geobasisdatensatz', 'Jeu de géodonnées de base', 'Geospatial reference data set', 'Set di dati di riferimento geospaziale', 'Kanton', 'canton', 'canton', 'cantone', 'WMS', 'WMS', 'WMS', 'WMS', 'Landwirtschaftliche Nutzfläche LN', 'surface agricole utile SAU', 'usable agricultural area UAA', 'superficie agricola utile SAU', 'Aggregation', 'Aggrégation', 'Aggregation', 'Aggregazione', 'AI (Aggregationsinfrastruktur der Kantone)', 'IA (Infrastructure d’agrégation des cantons)', 'AI (aggregation infrastructure of the cantons)', 'IA (infrastruttura di aggregazione dei cantoni)', 'Aggregationsinfrastruktur AI', 'infrastructure d’aggrégation IA', 'aggregation infrastructure AI', 'infrastruttura di aggregazione IA', 'Darstellungsdienst', 'service de consultation', 'presentation service', 'servizio di rappresentazione', 'Geodienst', 'géoservice', 'geoservice', 'geoservizio', 'Bundesrecht', 'loi fédérale (D)', 'federal law', 'legislazione federale'];yes;['FR', 'EN', 'IT', 'DE'];multiple;geocat;Geobasisdaten;géodonnées de base;official geodata;geodati di base
18;b18d3b0e-c73a-4d1c-9ae4-b664e6ac509b;['Aggregationsinfrastruktur AI', 'infrastructure d’aggrégation IA', 'aggregation infrastructure AI', 'infrastruttura di aggregazione IA', 'Aggregation', 'Aggrégation', 'Aggregation', 'Aggregazione', 'AI (Aggregationsinfrastruktur der Kantone)', 'IA (Infrastructure d’agrégation des cantons)', 'AI (aggregation infrastructure of the cantons)', 'IA (infrastruttura di aggregazione dei cantoni)', 'geodienste.ch', 'geodienste.ch', 'geodienste.ch', 'geodienste.ch', 'Geobasisdaten', 'géodonnées de base', 'official geodata', 'geodati di base', 'Minimales Geodatenmodel MGDM', 'modèle de géodonnées minimal MGDM', 'minimum geodata model MGDM', 'modello di geodati minimi MGDM', 'Geobasisdatensatz', 'Jeu de géodonnées de base', 'Geospatial reference data set', 'Set di dati di riferimento geospaziale', 'Kanton', 'canton', 'canton', 'cantone', 'WMS', 'WMS', 'WMS', 'WMS', 'Geodienst', 'géoservice', 'geoservice', 'geoservizio', 'Darstellungsdienst', 'service de consultation', 'presentation service', 'servizio di rappresentazione', 'Geobasisdienst', 'Géodonnées de base', 'Bewirtschaftungseinheit', 'unité de gestion', 'unit of management', 'unità di gestione', 'Betrieb', 'exploitation', 'operation', 'funzionamento', 'Bundesrecht', 'loi fédérale (D)', 'federal law', 'legislazione federale'];yes;['FR', 'EN', 'IT', 'DE'];multiple;geocat;Geobasisdaten;géodonnées de base;official geodata;geodati di base
19;d91b4676-ae8d-473c-8372-f44554808da7;"['WMS', 'WMS', 'WMS', 'WMS', 'Fruchtfolgefläche FFF', ""surface d'assolement SDA"", 'surface of crop rotation SCR', ""superficie per l'avvicendamento delle colture"", 'AI (Aggregationsinfrastruktur der Kantone)', 'IA (Infrastructure d’agrégation des cantons)', 'AI (aggregation infrastructure of the cantons)', 'IA (infrastruttura di aggregazione dei cantoni)', 'Minimales Geodatenmodel MGDM', 'modèle de géodonnées minimal MGDM', 'minimum geodata model MGDM', 'modello di geodati minimi MGDM', 'Aggregationsinfrastruktur AI', 'infrastructure d’aggrégation IA', 'aggregation infrastructure AI', 'infrastruttura di aggregazione IA', 'Geobasisdatensatz', 'Jeu de géodonnées de base', 'Geospatial reference data set', 'Set di dati di riferimento geospaziale', 'Geobasisdienst', 'Géodonnées de base', 'geodienste.ch', 'geodienste.ch', 'geodienste.ch', 'geodienste.ch', 'Aggregation', 'Aggrégation', 'Aggregation', 'Aggregazione', 'Kanton', 'canton', 'canton', 'cantone', 'Geodienst', 'géoservice', 'geoservice', 'geoservizio', 'Geobasisdaten', 'géodonnées de base', 'official geodata', 'geodati di base', 'Darstellungsdienst', 'service de consultation', 'presentation service', 'servizio di rappresentazione', 'Bundesrecht', 'loi fédérale (D)', 'federal law', 'legislazione federale', 'Raumplanung', ""planification de l'espace physique"", 'physical planning', 'pianificazione dello spazio fisico']";yes;['FR', 'EN', 'IT', 'DE'];multiple;geocat;Geobasisdaten;géodonnées de base;official geodata;geodati di base
20;0ed344a4-504a-4126-8f69-43d8fdcbd005;"['AI (Aggregationsinfrastruktur der Kantone)', 'IA (Infrastructure d’agrégation des cantons)', 'IA (infrastruttura di aggregazione dei cantoni)', 'AI (aggregation infrastructure of the cantons)', 'Nutzungsplanung', ""planification de l'utilisation du sol"", ""pianificazione dell'utilizzazione"", 'land use planning', 'Kanton', 'canton', 'cantone', 'canton', 'Aggregation', 'Aggrégation', 'Aggregazione', 'Aggregation', 'Aggregationsinfrastruktur AI', 'infrastructure d’aggrégation IA', 'infrastruttura di aggregazione IA', 'aggregation infrastructure AI', 'Geobasisdaten', 'géodonnées de base', 'geodati di base', 'official geodata', 'Minimales Geodatenmodel MGDM', 'modèle de géodonnées minimal MGDM', 'modello di geodati minimi MGDM', 'minimum geodata model MGDM', 'geodienste.ch', 'geodienste.ch', 'geodienste.ch', 'geodienste.ch', 'Geobasisdatensatz', 'Jeu de géodonnées de base', 'Set di dati di riferimento geospaziale', 'Geospatial reference data set', 'Bundesrecht', 'loi fédérale (D)', 'legislazione federale', 'federal law', 'Raumplanung', ""planification de l'espace physique"", 'pianificazione dello spazio fisico', 'physical planning']";yes;['FR', 'IT', 'EN', 'DE'];multiple;geocat;Geobasisdaten;géodonnées de base;official geodata;geodati di base
21;f5c2c313-00bb-43d6-a3a8-7ccb5a099a96;"['Kanton', 'canton', 'cantone', 'canton', 'Aggregationsinfrastruktur AI', 'infrastructure d’aggrégation IA', 'infrastruttura di aggregazione IA', 'aggregation infrastructure AI', 'Geobasisdatensatz', 'Jeu de géodonnées de base', 'Set di dati di riferimento geospaziale', 'Geospatial reference data set', 'Minimales Geodatenmodel MGDM', 'modèle de géodonnées minimal MGDM', 'modello di geodati minimi MGDM', 'minimum geodata model MGDM', 'Aggregation', 'Aggrégation', 'Aggregazione', 'Aggregation', 'Geobasisdaten', 'géodonnées de base', 'geodati di base', 'official geodata', 'geodienste.ch', 'geodienste.ch', 'geodienste.ch', 'geodienste.ch', 'AI (Aggregationsinfrastruktur der Kantone)', 'IA (Infrastructure d’agrégation des cantons)', 'IA (infrastruttura di aggregazione dei cantoni)', 'AI (aggregation infrastructure of the cantons)', 'Energie aus Biomasse', 'energie de la biomasse', 'energia da biomasse', 'biomass energy', 'Windenergie', 'énergie éolienne', 'energia eolica', 'wind power', 'Energieart', ""type d'énergie"", 'tipo di energia', 'energy type', 'Energie', 'énergie', 'energia', 'energy', 'Wasserkraft', 'énergie hydraulique', 'energia idrica', 'water power', 'Solarenergie', 'énergie solaire', 'energia solare', 'solar energy', 'Biomasse', 'biomasse', 'biomassa', 'biomass']";yes;['FR', 'IT', 'EN', 'DE'];multiple;geocat;Geobasisdaten;géodonnées de base;official geodata;geodati di base
22;ef48fce3-6b6c-4cb6-a573-7626f0949ff7;['Aggregation', 'Aggrégation', 'Aggregation', 'Aggregazione', 'Aggregationsinfrastruktur AI', 'infrastructure d’aggrégation IA', 'aggregation infrastructure AI', 'infrastruttura di aggregazione IA', 'AI (Aggregationsinfrastruktur der Kantone)', 'IA (Infrastructure d’agrégation des cantons)', 'AI (aggregation infrastructure of the cantons)', 'IA (infrastruttura di aggregazione dei cantoni)', 'geodienste.ch', 'geodienste.ch', 'geodienste.ch', 'geodienste.ch', 'Minimales Geodatenmodel MGDM', 'modèle de géodonnées minimal MGDM', 'minimum geodata model MGDM', 'modello di geodati minimi MGDM', 'Geobasisdaten', 'géodonnées de base', 'official geodata', 'geodati di base', 'Geobasisdatensatz', 'Jeu de géodonnées de base', 'Geospatial reference data set', 'Set di dati di riferimento geospaziale', 'Kanton', 'canton', 'canton', 'cantone', 'WMS', 'WMS', 'WMS', 'WMS', 'Darstellungsdienst', 'service de consultation', 'presentation service', 'servizio di rappresentazione', 'Geodienst', 'géoservice', 'geoservice', 'geoservizio', 'Geobasisdienst', 'Géodonnées de base', 'Bundesrecht', 'loi fédérale (D)', 'federal law', 'legislazione federale'];yes;['FR', 'EN', 'IT', 'DE'];multiple;geocat;Geobasisdaten;géodonnées de base;official geodata;geodati di base
23;61aa2a02-11a9-4be5-8ae3-6076e722d34c;['Geobasisdaten', 'géodonnées de base', 'official geodata', 'geodati di base', 'Geobasisdaten', 'géodonnées de base', 'official geodata', 'geodati di base', 'Aggregationsinfrastruktur AI', 'infrastructure d’aggrégation IA', 'aggregation infrastructure AI', 'infrastruttura di aggregazione IA', 'AI (Aggregationsinfrastruktur der Kantone)', 'IA (Infrastructure d’agrégation des cantons)', 'AI (aggregation infrastructure of the cantons)', 'IA (infrastruttura di aggregazione dei cantoni)', 'Darstellungsdienst', 'service de consultation', 'presentation service', 'servizio di rappresentazione', 'Geodienst', 'géoservice', 'geoservice', 'geoservizio', 'Aggregation', 'Aggrégation', 'Aggregation', 'Aggregazione', 'WMS', 'WMS', 'WMS', 'WMS', 'Minimales Geodatenmodel MGDM', 'modèle de géodonnées minimal MGDM', 'minimum geodata model MGDM', 'modello di geodati minimi MGDM', 'Geobasisdatensatz', 'Jeu de géodonnées de base', 'Geospatial reference data set', 'Set di dati di riferimento geospaziale', 'Geobasisdienst', 'Géodonnées de base', 'geodienste.ch', 'geodienste.ch', 'geodienste.ch', 'geodienste.ch', 'Kanton', 'canton', 'canton', 'cantone', 'Bundesrecht', 'loi fédérale (D)', 'federal law', 'legislazione federale'];yes;['FR', 'EN', 'IT', 'DE'];multiple;geocat;Geobasisdaten;géodonnées de base;official geodata;geodati di base
24;be3cbf57-d9fe-4af1-83af-2d47da143d00;['Geobasisdaten', 'géodonnées de base', 'geodati di base', 'official geodata', 'Aggregationsinfrastruktur AI', 'infrastructure d’aggrégation IA', 'infrastruttura di aggregazione IA', 'aggregation infrastructure AI', 'Aggregation', 'Aggrégation', 'Aggregazione', 'Aggregation', 'Route', 'itinéraire', 'itinerario', 'route', 'geodienste.ch', 'geodienste.ch', 'geodienste.ch', 'geodienste.ch', 'Kantonale Ausnahmetransportrouten KATR', 'itinéraires cantonaux pour convois exceptionnels', 'itinerari cantonali per trasporti eccezionali', 'cantonal routes for exceptional loads', 'Kantonal', 'Cantonal', 'Cantonale', 'Cantonal', 'Versorgungsroute', 'route d’approvisionnement', 'via di approvvigionamento', 'supply route', 'Minimales Geodatenmodel MGDM', 'modèle de géodonnées minimal MGDM', 'modello di geodati minimi MGDM', 'minimum geodata model MGDM', 'AI (Aggregationsinfrastruktur der Kantone)', 'IA (Infrastructure d’agrégation des cantons)', 'IA (infrastruttura di aggregazione dei cantoni)', 'AI (aggregation infrastructure of the cantons)', 'Geobasisdatensatz', 'Jeu de géodonnées de base', 'Set di dati di riferimento geospaziale', 'Geospatial reference data set', 'Hindernis', 'obstacle', 'ostacolo', 'obstacle', 'Bundesrecht', 'loi fédérale (D)', 'legislazione federale', 'federal law'];yes;['FR', 'IT', 'EN', 'DE'];multiple;geocat;Geobasisdaten;géodonnées de base;official geodata;geodati di base
25;60849adc-b694-424d-af7f-79053be13e8f;"['Aggregation', 'Aggrégation', 'Aggregation', 'Aggregazione', 'Aggregationsinfrastruktur AI', 'infrastructure d’aggrégation IA', 'aggregation infrastructure AI', 'infrastruttura di aggregazione IA', 'AI (Aggregationsinfrastruktur der Kantone)', 'IA (Infrastructure d’agrégation des cantons)', 'AI (aggregation infrastructure of the cantons)', 'IA (infrastruttura di aggregazione dei cantoni)', 'geodienste.ch', 'geodienste.ch', 'geodienste.ch', 'geodienste.ch', 'Darstellungsdienst', 'service de consultation', 'presentation service', 'servizio di rappresentazione', 'Geobasisdienst', 'Géodonnées de base', 'Geodienst', 'géoservice', 'geoservice', 'geoservizio', 'Minimales Geodatenmodel MGDM', 'modèle de géodonnées minimal MGDM', 'minimum geodata model MGDM', 'modello di geodati minimi MGDM', 'WMS', 'WMS', 'WMS', 'WMS', 'Geobasisdaten', 'géodonnées de base', 'official geodata', 'geodati di base', 'Kanton', 'canton', 'canton', 'cantone', 'Geobasisdatensatz', 'Jeu de géodonnées de base', 'Geospatial reference data set', 'Set di dati di riferimento geospaziale', 'Nutzungsplanung', ""planification de l'utilisation du sol"", 'land use planning', ""pianificazione dell'utilizzazione"", 'Plan', 'plan', 'plan', 'piano', 'Raumplanung', ""planification de l'espace physique"", 'physical planning', 'pianificazione dello spazio fisico', 'Bundesrecht', 'loi fédérale (D)', 'federal law', 'legislazione federale']";yes;['FR', 'EN', 'IT', 'DE'];multiple;geocat;Geobasisdaten;géodonnées de base;official geodata;geodati di base
26;b7ec84ac-3e34-48fe-85eb-ecf5e81de26c;['Darstellungsdienst', 'service de consultation', 'presentation service', 'servizio di rappresentazione', 'Geodienst', 'géoservice', 'geoservice', 'geoservizio', 'Geobasisdienst', 'Géodonnées de base', 'AI (Aggregationsinfrastruktur der Kantone)', 'IA (Infrastructure d’agrégation des cantons)', 'AI (aggregation infrastructure of the cantons)', 'IA (infrastruttura di aggregazione dei cantoni)', 'geodienste.ch', 'geodienste.ch', 'geodienste.ch', 'geodienste.ch', 'Minimales Geodatenmodel MGDM', 'modèle de géodonnées minimal MGDM', 'minimum geodata model MGDM', 'modello di geodati minimi MGDM', 'Aggregation', 'Aggrégation', 'Aggregation', 'Aggregazione', 'Aggregationsinfrastruktur AI', 'infrastructure d’aggrégation IA', 'aggregation infrastructure AI', 'infrastruttura di aggregazione IA', 'Geobasisdaten', 'géodonnées de base', 'official geodata', 'geodati di base', 'Geobasisdatensatz', 'Jeu de géodonnées de base', 'Geospatial reference data set', 'Set di dati di riferimento geospaziale', 'Kanton', 'canton', 'canton', 'cantone', 'WMS', 'WMS', 'WMS', 'WMS', 'Bundesrecht', 'loi fédérale (D)', 'federal law', 'legislazione federale', 'Wald', 'bois', 'wood', 'bosco'];yes;['FR', 'EN', 'IT', 'DE'];multiple;geocat;Geobasisdaten;géodonnées de base;official geodata;geodati di base
27;a5135c62-aae0-49ab-92ec-b23fbff3bd96;"['Aggregation', 'Aggrégation', 'Aggregation', 'Aggregazione', 'Geobasisdatensatz', 'Jeu de géodonnées de base', 'Geospatial reference data set', 'Set di dati di riferimento geospaziale', 'WMS', 'WMS', 'WMS', 'WMS', 'geodienste.ch', 'geodienste.ch', 'geodienste.ch', 'geodienste.ch', 'AI (Aggregationsinfrastruktur der Kantone)', 'IA (Infrastructure d’agrégation des cantons)', 'AI (aggregation infrastructure of the cantons)', 'IA (infrastruttura di aggregazione dei cantoni)', 'Geobasisdaten', 'géodonnées de base', 'official geodata', 'geodati di base', 'Minimales Geodatenmodel MGDM', 'modèle de géodonnées minimal MGDM', 'minimum geodata model MGDM', 'modello di geodati minimi MGDM', 'Aggregationsinfrastruktur AI', 'infrastructure d’aggrégation IA', 'aggregation infrastructure AI', 'infrastruttura di aggregazione IA', 'Geobasisdienst', 'Géodonnées de base', 'Kanton', 'canton', 'canton', 'cantone', 'Darstellungsdienst', 'service de consultation', 'presentation service', 'servizio di rappresentazione', 'Geodienst', 'géoservice', 'geoservice', 'geoservizio', 'Bundesrecht', 'loi fédérale (D)', 'federal law', 'legislazione federale', 'Raumplanung', ""planification de l'espace physique"", 'physical planning', 'pianificazione dello spazio fisico']";yes;['FR', 'EN', 'IT', 'DE'];multiple;geocat;Geobasisdaten;géodonnées de base;official geodata;geodati di base
28;2a5212f0-e3bf-4a7b-b095-2c04e126d475;['Kantonal', 'Cantonal', 'Cantonal', 'Cantonale', 'Geodienst', 'géoservice', 'geoservice', 'geoservizio', 'geodienste.ch', 'geodienste.ch', 'geodienste.ch', 'geodienste.ch', 'Geobasisdienst', 'Géodonnées de base', 'Rebe', 'vigne', 'vine', 'vite', 'Aggregation', 'Aggrégation', 'Aggregation', 'Aggregazione', 'Geobasisdaten', 'géodonnées de base', 'official geodata', 'geodati di base', 'Aggregationsinfrastruktur AI', 'infrastructure d’aggrégation IA', 'aggregation infrastructure AI', 'infrastruttura di aggregazione IA', 'AI (Aggregationsinfrastruktur der Kantone)', 'IA (Infrastructure d’agrégation des cantons)', 'AI (aggregation infrastructure of the cantons)', 'IA (infrastruttura di aggregazione dei cantoni)', 'Geobasisdatensatz', 'Jeu de géodonnées de base', 'Geospatial reference data set', 'Set di dati di riferimento geospaziale', 'Minimales Geodatenmodel MGDM', 'modèle de géodonnées minimal MGDM', 'minimum geodata model MGDM', 'modello di geodati minimi MGDM', 'WMS', 'WMS', 'WMS', 'WMS', 'Darstellungsdienst', 'service de consultation', 'presentation service', 'servizio di rappresentazione', 'Bundesrecht', 'loi fédérale (D)', 'federal law', 'legislazione federale', 'Grundbuch', 'cadastre', 'land and property register', 'catasto dei terreni e delle proprietà', 'Weinbau', 'viticulture', 'viticulture', 'viticoltura'];yes;['FR', 'EN', 'IT', 'DE'];multiple;geocat;Geobasisdaten;géodonnées de base;official geodata;geodati di base
29;d1d031b2-e447-4d78-82df-37d057d78c2c;['Aggregation', 'Aggrégation', 'Aggregazione', 'Aggregation', 'Aggregationsinfrastruktur AI', 'infrastructure d’aggrégation IA', 'infrastruttura di aggregazione IA', 'aggregation infrastructure AI', 'AI (Aggregationsinfrastruktur der Kantone)', 'IA (Infrastructure d’agrégation des cantons)', 'IA (infrastruttura di aggregazione dei cantoni)', 'AI (aggregation infrastructure of the cantons)', 'geodienste.ch', 'geodienste.ch', 'geodienste.ch', 'geodienste.ch', 'Minimales Geodatenmodel MGDM', 'modèle de géodonnées minimal MGDM', 'modello di geodati minimi MGDM', 'minimum geodata model MGDM', 'Geobasisdaten', 'géodonnées de base', 'geodati di base', 'official geodata', 'Geobasisdatensatz', 'Jeu de géodonnées de base', 'Set di dati di riferimento geospaziale', 'Geospatial reference data set', 'Kanton', 'canton', 'cantone', 'canton', 'Rebbau', 'viticulture', 'viticoltura', 'viticulture', 'Rebe', 'vigne', 'vite', 'vine', 'Bundesrecht', 'loi fédérale (D)', 'legislazione federale', 'federal law', 'Kataster', 'cadastre', 'catasto dei terreni', 'land register'];yes;['FR', 'IT', 'EN', 'DE'];multiple;geocat;Geobasisdaten;géodonnées de base;official geodata;geodati di base
30;430c2966-0585-41f6-9f8e-f4d35bd75473;"['Kanton', 'canton', 'cantone', 'canton', 'Aggregationsinfrastruktur AI', 'infrastructure d’aggrégation IA', 'infrastruttura di aggregazione IA', 'aggregation infrastructure AI', 'Geobasisdatensatz', 'Jeu de géodonnées de base', 'Set di dati di riferimento geospaziale', 'Geospatial reference data set', 'Minimales Geodatenmodel MGDM', 'modèle de géodonnées minimal MGDM', 'modello di geodati minimi MGDM', 'minimum geodata model MGDM', 'Aggregation', 'Aggrégation', 'Aggregazione', 'Aggregation', 'Geobasisdaten', 'géodonnées de base', 'geodati di base', 'official geodata', 'geodienste.ch', 'geodienste.ch', 'geodienste.ch', 'geodienste.ch', 'AI (Aggregationsinfrastruktur der Kantone)', 'IA (Infrastructure d’agrégation des cantons)', 'IA (infrastruttura di aggregazione dei cantoni)', 'AI (aggregation infrastructure of the cantons)', 'Elektrizitätsgesellschaft', ""compagnie d'électricité"", ""ente per l'energia elettrica"", 'electricity company', 'Elektrizitätsversorgung', 'approvisionnement en électricité', 'fornitura di energia elettrica', 'electric power supply', 'Elektrizität', 'électricité', 'elettricità', 'electricity']";yes;['FR', 'IT', 'EN', 'DE'];multiple;geocat;Geobasisdaten;géodonnées de base;official geodata;geodati di base
31;88019708-a5ac-4a20-81a5-1e26b59117d5;['Aggregation', 'Aggrégation', 'Aggregation', 'Aggregazione', 'AI (Aggregationsinfrastruktur der Kantone)', 'IA (Infrastructure d’agrégation des cantons)', 'AI (aggregation infrastructure of the cantons)', 'IA (infrastruttura di aggregazione dei cantoni)', 'Aggregationsinfrastruktur AI', 'infrastructure d’aggrégation IA', 'aggregation infrastructure AI', 'infrastruttura di aggregazione IA', 'geodienste.ch', 'geodienste.ch', 'geodienste.ch', 'geodienste.ch', 'Darstellungsdienst', 'service de consultation', 'presentation service', 'servizio di rappresentazione', 'Landwirtschaftliche Bewirtschaftung', 'exploitation agricole', 'agricultural exploitation', 'gestione agricola', 'Minimales Geodatenmodel MGDM', 'modèle de géodonnées minimal MGDM', 'minimum geodata model MGDM', 'modello di geodati minimi MGDM', 'Kanton', 'canton', 'canton', 'cantone', 'WMS', 'WMS', 'WMS', 'WMS', 'Geodienst', 'géoservice', 'geoservice', 'geoservizio', 'Geobasisdaten', 'géodonnées de base', 'official geodata', 'geodati di base', 'Geobasisdienst', 'Géodonnées de base', 'Geobasisdatensatz', 'Jeu de géodonnées de base', 'Geospatial reference data set', 'Set di dati di riferimento geospaziale', 'Landwirtschaft', 'agriculture', 'agriculture', 'agricoltura', 'Bundesrecht', 'loi fédérale (D)', 'federal law', 'legislazione federale'];yes;['FR', 'EN', 'IT', 'DE'];multiple;geocat;Geobasisdaten;géodonnées de base;official geodata;geodati di base
32;7f9f2b46-e9e6-46d8-80fc-91acda009d40;['Aggregation', 'Aggregazione', 'Aggregation', 'Aggrégation', 'AI (Aggregationsinfrastruktur der Kantone)', 'IA (infrastruttura di aggregazione dei cantoni)', 'AI (aggregation infrastructure of the cantons)', 'IA (Infrastructure d’agrégation des cantons)', 'Aggregationsinfrastruktur AI', 'infrastruttura di aggregazione IA', 'aggregation infrastructure AI', 'infrastructure d’aggrégation IA', 'Landwirtschaftliche Bewirtschaftung', 'gestione agricola', 'agricultural exploitation', 'exploitation agricole', 'Geobasisdaten', 'geodati di base', 'official geodata', 'géodonnées de base', 'Kanton', 'cantone', 'canton', 'canton', 'Minimales Geodatenmodel MGDM', 'modello di geodati minimi MGDM', 'minimum geodata model MGDM', 'modèle de géodonnées minimal MGDM', 'Geobasisdatensatz', 'Set di dati di riferimento geospaziale', 'Geospatial reference data set', 'Jeu de géodonnées de base', 'geodienste.ch', 'geodienste.ch', 'geodienste.ch', 'geodienste.ch', 'Bundesrecht', 'legislazione federale', 'federal law', 'loi fédérale (D)', 'Landwirtschaft', 'agricoltura', 'agriculture', 'agriculture'];yes;['IT', 'EN', 'FR', 'DE'];multiple;geocat;Geobasisdaten;géodonnées de base;official geodata;geodati di base
33;6cb3789a-8814-4ef9-9896-3df7e1ead10e;['Aggregationsinfrastruktur AI', 'infrastructure d’aggrégation IA', 'aggregation infrastructure AI', 'infrastruttura di aggregazione IA', 'Geobasisdatensatz', 'Jeu de géodonnées de base', 'Geospatial reference data set', 'Set di dati di riferimento geospaziale', 'Geobasisdienst', 'Géodonnées de base', 'Aggregation', 'Aggrégation', 'Aggregation', 'Aggregazione', 'Geobasisdaten', 'géodonnées de base', 'official geodata', 'geodati di base', 'Kanton', 'canton', 'canton', 'cantone', 'geodienste.ch', 'geodienste.ch', 'geodienste.ch', 'geodienste.ch', 'WMS', 'WMS', 'WMS', 'WMS', 'Darstellungsdienst', 'service de consultation', 'presentation service', 'servizio di rappresentazione', 'AI (Aggregationsinfrastruktur der Kantone)', 'IA (Infrastructure d’agrégation des cantons)', 'AI (aggregation infrastructure of the cantons)', 'IA (infrastruttura di aggregazione dei cantoni)', 'Minimales Geodatenmodel MGDM', 'modèle de géodonnées minimal MGDM', 'minimum geodata model MGDM', 'modello di geodati minimi MGDM', 'Geodienst', 'géoservice', 'geoservice', 'geoservizio', 'Bundesrecht', 'loi fédérale (D)', 'federal law', 'legislazione federale', 'Lärm', 'bruit', 'noise', 'rumore'];yes;['FR', 'EN', 'IT', 'DE'];multiple;geocat;Geobasisdaten;géodonnées de base;official geodata;geodati di base
34;b8866358-8ec8-4545-9a02-e05716a67bea;['Minimales Geodatenmodel MGDM', 'modèle de géodonnées minimal MGDM', 'modello di geodati minimi MGDM', 'minimum geodata model MGDM', 'Kanton', 'canton', 'cantone', 'canton', 'geodienste.ch', 'geodienste.ch', 'geodienste.ch', 'geodienste.ch', 'Aggregation', 'Aggrégation', 'Aggregazione', 'Aggregation', 'Aggregationsinfrastruktur AI', 'infrastructure d’aggrégation IA', 'infrastruttura di aggregazione IA', 'aggregation infrastructure AI', 'AI (Aggregationsinfrastruktur der Kantone)', 'IA (Infrastructure d’agrégation des cantons)', 'IA (infrastruttura di aggregazione dei cantoni)', 'AI (aggregation infrastructure of the cantons)', 'Geobasisdaten', 'géodonnées de base', 'geodati di base', 'official geodata', 'Geobasisdatensatz', 'Jeu de géodonnées de base', 'Set di dati di riferimento geospaziale', 'Geospatial reference data set', 'Biologisches Schutzgebiet', 'réserve biologique', 'riserve biologiche', 'biological reserve', 'Schutzgebiet', 'espace protégé', 'area protetta', 'protected area', 'Wildtier', 'animal sauvage', 'animale selvatico', 'wild animal', 'Wildfauna', 'faune sauvage', 'fauna selvatica', 'wild fauna', 'Habitat wildlebender Tiere und Pflanzen', 'habitat de la faune sauvage', 'habitat di flora e fauna selvatiche', 'wildlife habitat'];yes;['FR', 'IT', 'EN', 'DE'];multiple;geocat;Geobasisdaten;géodonnées de base;official geodata;geodati di base
35;f049eb61-a11d-40ae-9c16-26f0e74bc22c;['Aggregation', 'Aggrégation', 'Aggregation', 'Aggregazione', 'AI (Aggregationsinfrastruktur der Kantone)', 'IA (Infrastructure d’agrégation des cantons)', 'AI (aggregation infrastructure of the cantons)', 'IA (infrastruttura di aggregazione dei cantoni)', 'Aggregationsinfrastruktur AI', 'infrastructure d’aggrégation IA', 'aggregation infrastructure AI', 'infrastruttura di aggregazione IA', 'geodienste.ch', 'geodienste.ch', 'geodienste.ch', 'geodienste.ch', 'Geobasisdienst', 'Géodonnées de base', 'Kanton', 'canton', 'canton', 'cantone', 'Geobasisdatensatz', 'Jeu de géodonnées de base', 'Geospatial reference data set', 'Set di dati di riferimento geospaziale', 'Rebe', 'vigne', 'vine', 'vite', 'Geobasisdaten', 'géodonnées de base', 'official geodata', 'geodati di base', 'WMS', 'WMS', 'WMS', 'WMS', 'Darstellungsdienst', 'service de consultation', 'presentation service', 'servizio di rappresentazione', 'Geodienst', 'géoservice', 'geoservice', 'geoservizio', 'Minimales Geodatenmodel MGDM', 'modèle de géodonnées minimal MGDM', 'minimum geodata model MGDM', 'modello di geodati minimi MGDM', 'Bundesrecht', 'loi fédérale (D)', 'federal law', 'legislazione federale', 'Weinbau', 'viticulture', 'viticulture', 'viticoltura', 'Anbautechnik', 'méthode culturale', 'cultivation method', 'metodo di coltivazione'];yes;['FR', 'EN', 'IT', 'DE'];multiple;geocat;Geobasisdaten;géodonnées de base;official geodata;geodati di base
36;e663692b-731a-49de-8058-2aab333689c0;"['WMS', 'WMS', 'WMS', 'WMS', 'Geodienst', 'géoservice', 'geoservice', 'geoservizio', 'Geobasisdatensatz', 'Jeu de géodonnées de base', 'Geospatial reference data set', 'Set di dati di riferimento geospaziale', 'Aggregation', 'Aggrégation', 'Aggregation', 'Aggregazione', 'Darstellungsdienst', 'service de consultation', 'presentation service', 'servizio di rappresentazione', 'Geobasisdaten', 'géodonnées de base', 'official geodata', 'geodati di base', 'geodienste.ch', 'geodienste.ch', 'geodienste.ch', 'geodienste.ch', 'Aggregationsinfrastruktur AI', 'infrastructure d’aggrégation IA', 'aggregation infrastructure AI', 'infrastruttura di aggregazione IA', 'Minimales Geodatenmodel MGDM', 'modèle de géodonnées minimal MGDM', 'minimum geodata model MGDM', 'modello di geodati minimi MGDM', 'Kanton', 'canton', 'canton', 'cantone', 'Geobasisdienst', 'Géodonnées de base', 'AI (Aggregationsinfrastruktur der Kantone)', 'IA (Infrastructure d’agrégation des cantons)', 'AI (aggregation infrastructure of the cantons)', 'IA (infrastruttura di aggregazione dei cantoni)', 'Elektrizität', 'électricité', 'electricity', 'elettricità', 'Elektrizitätsversorgung', 'approvisionnement en électricité', 'electric power supply', 'fornitura di energia elettrica', 'Elektrizitätsgesellschaft', ""compagnie d'électricité"", 'electricity company', ""ente per l'energia elettrica""]";yes;['FR', 'EN', 'IT', 'DE'];multiple;geocat;Geobasisdaten;géodonnées de base;official geodata;geodati di base
37;22294d71-36f6-472f-9ad3-7941873e358f;['Aggregation', 'Aggrégation', 'Aggregation', 'Aggregazione', 'Darstellungsdienst', 'service de consultation', 'presentation service', 'servizio di rappresentazione', 'AI (Aggregationsinfrastruktur der Kantone)', 'IA (Infrastructure d’agrégation des cantons)', 'AI (aggregation infrastructure of the cantons)', 'IA (infrastruttura di aggregazione dei cantoni)', 'Minimales Geodatenmodel MGDM', 'modèle de géodonnées minimal MGDM', 'minimum geodata model MGDM', 'modello di geodati minimi MGDM', 'Aggregationsinfrastruktur AI', 'infrastructure d’aggrégation IA', 'aggregation infrastructure AI', 'infrastruttura di aggregazione IA', 'geodienste.ch', 'geodienste.ch', 'geodienste.ch', 'geodienste.ch', 'Geobasisdaten', 'géodonnées de base', 'official geodata', 'geodati di base', 'Geodienst', 'géoservice', 'geoservice', 'geoservizio', 'Kanton', 'canton', 'canton', 'cantone', 'WMS', 'WMS', 'WMS', 'WMS', 'Geobasisdatensatz', 'Jeu de géodonnées de base', 'Geospatial reference data set', 'Set di dati di riferimento geospaziale', 'Geobasisdienst', 'Géodonnées de base', 'Bundesrecht', 'loi fédérale (D)', 'federal law', 'legislazione federale'];yes;['FR', 'EN', 'IT', 'DE'];multiple;geocat;Geobasisdaten;géodonnées de base;official geodata;geodati di base
38;97894e6e-59ea-4af1-b41e-edc688fffce7;['Aggregationsinfrastruktur AI', 'infrastructure d’aggrégation IA', 'aggregation infrastructure AI', 'infrastruttura di aggregazione IA', 'Geobasisdatensatz', 'Jeu de géodonnées de base', 'Geospatial reference data set', 'Set di dati di riferimento geospaziale', 'Aggregation', 'Aggrégation', 'Aggregation', 'Aggregazione', 'Geodienst', 'géoservice', 'geoservice', 'geoservizio', 'Minimales Geodatenmodel MGDM', 'modèle de géodonnées minimal MGDM', 'minimum geodata model MGDM', 'modello di geodati minimi MGDM', 'Geobasisdienst', 'Géodonnées de base', 'WMS', 'WMS', 'WMS', 'WMS', 'AI (Aggregationsinfrastruktur der Kantone)', 'IA (Infrastructure d’agrégation des cantons)', 'AI (aggregation infrastructure of the cantons)', 'IA (infrastruttura di aggregazione dei cantoni)', 'Geobasisdaten', 'géodonnées de base', 'official geodata', 'geodati di base', 'Kanton', 'canton', 'canton', 'cantone', 'geodienste.ch', 'geodienste.ch', 'geodienste.ch', 'geodienste.ch', 'Darstellungsdienst', 'service de consultation', 'presentation service', 'servizio di rappresentazione', 'Bundesrecht', 'loi fédérale (D)', 'federal law', 'legislazione federale'];yes;['FR', 'EN', 'IT', 'DE'];multiple;geocat;Geobasisdaten;géodonnées de base;official geodata;geodati di base
39;21a0743c-70e7-4232-9b55-6c4c48ab2385;['Aggregation', 'Aggrégation', 'Aggregazione', 'Aggregation', 'Aggregationsinfrastruktur AI', 'infrastructure d’aggrégation IA', 'infrastruttura di aggregazione IA', 'aggregation infrastructure AI', 'AI (Aggregationsinfrastruktur der Kantone)', 'IA (Infrastructure d’agrégation des cantons)', 'IA (infrastruttura di aggregazione dei cantoni)', 'AI (aggregation infrastructure of the cantons)', 'geodienste.ch', 'geodienste.ch', 'geodienste.ch', 'geodienste.ch', 'Minimales Geodatenmodel MGDM', 'modèle de géodonnées minimal MGDM', 'modello di geodati minimi MGDM', 'minimum geodata model MGDM', 'Geobasisdaten', 'géodonnées de base', 'geodati di base', 'official geodata', 'Geobasisdatensatz', 'Jeu de géodonnées de base', 'Set di dati di riferimento geospaziale', 'Geospatial reference data set', 'Kanton', 'canton', 'cantone', 'canton', 'Bewirtschaftungseinheit', 'unité de gestion', 'unità di gestione', 'unit of management', 'Betrieb', 'exploitation', 'funzionamento', 'operation', 'Produktionsstätte', 'unité de production', 'unità di produzione', 'production unit', 'Bundesrecht', 'loi fédérale (D)', 'legislazione federale', 'federal law'];yes;['FR', 'IT', 'EN', 'DE'];multiple;geocat;Geobasisdaten;géodonnées de base;official geodata;geodati di base
40;20288132-7b8b-471c-8239-90b1c5612c36;['Geobasisdienst', 'Géodonnées de base', 'AtOS (Atom OpenSearch)', 'AtOS (Atom OpenSearch)', 'AtOS (Atom OpenSearch)', 'AtOS (Atom OpenSearch)', 'AI (Aggregationsinfrastruktur der Kantone)', 'IA (Infrastructure d’agrégation des cantons)', 'AI (aggregation infrastructure of the cantons)', 'IA (infrastruttura di aggregazione dei cantoni)', 'Geodienst', 'géoservice', 'geoservice', 'geoservizio', 'geodienste.ch', 'geodienste.ch', 'geodienste.ch', 'geodienste.ch', 'Aggregationsinfrastruktur AI', 'infrastructure d’aggrégation IA', 'aggregation infrastructure AI', 'infrastruttura di aggregazione IA', 'Kanton', 'canton', 'canton', 'cantone', 'Aggregation', 'Aggrégation', 'Aggregation', 'Aggregazione', 'Geobasisdaten', 'géodonnées de base', 'official geodata', 'geodati di base', 'Minimales Geodatenmodel MGDM', 'modèle de géodonnées minimal MGDM', 'minimum geodata model MGDM', 'modello di geodati minimi MGDM', 'Geobasisdatensatz', 'Jeu de géodonnées de base', 'Geospatial reference data set', 'Set di dati di riferimento geospaziale', 'Datendownload', 'téléchargement de données', 'data download', 'download di dati', 'Bundesrecht', 'loi fédérale (D)', 'federal law', 'legislazione federale'];yes;['FR', 'EN', 'IT', 'DE'];multiple;geocat;Geobasisdaten;géodonnées de base;official geodata;geodati di base
41;7786f516-597a-4e5a-93b3-3b3b0b9e769c;"['Aggregation', 'Aggregazione', 'Aggregation', 'Aggrégation', 'Minimales Geodatenmodel MGDM', 'modello di geodati minimi MGDM', 'minimum geodata model MGDM', 'modèle de géodonnées minimal MGDM', 'Geobasisdatensatz', 'Set di dati di riferimento geospaziale', 'Geospatial reference data set', 'Jeu de géodonnées de base', 'Fruchtfolgefläche FFF', ""superficie per l'avvicendamento delle colture"", 'surface of crop rotation SCR', ""surface d'assolement SDA"", 'Aggregationsinfrastruktur AI', 'infrastruttura di aggregazione IA', 'aggregation infrastructure AI', 'infrastructure d’aggrégation IA', 'AI (Aggregationsinfrastruktur der Kantone)', 'IA (infrastruttura di aggregazione dei cantoni)', 'AI (aggregation infrastructure of the cantons)', 'IA (Infrastructure d’agrégation des cantons)', 'Kanton', 'cantone', 'canton', 'canton', 'geodienste.ch', 'geodienste.ch', 'geodienste.ch', 'geodienste.ch', 'Geobasisdaten', 'geodati di base', 'official geodata', 'géodonnées de base', 'Bundesrecht', 'legislazione federale', 'federal law', 'loi fédérale (D)', 'Raumplanung', 'pianificazione dello spazio fisico', 'physical planning', ""planification de l'espace physique""]";yes;['IT', 'EN', 'FR', 'DE'];multiple;geocat;Geobasisdaten;géodonnées de base;official geodata;geodati di base
42;104eff60-0471-436b-ba95-fb7c40eeef11;['Geodienst', 'géoservice', 'geoservice', 'geoservizio', 'AI (Aggregationsinfrastruktur der Kantone)', 'IA (Infrastructure d’agrégation des cantons)', 'AI (aggregation infrastructure of the cantons)', 'IA (infrastruttura di aggregazione dei cantoni)', 'Geobasisdienst', 'Géodonnées de base', 'Darstellungsdienst', 'service de consultation', 'presentation service', 'servizio di rappresentazione', 'Minimales Geodatenmodel MGDM', 'modèle de géodonnées minimal MGDM', 'minimum geodata model MGDM', 'modello di geodati minimi MGDM', 'geodienste.ch', 'geodienste.ch', 'geodienste.ch', 'geodienste.ch', 'Geobasisdaten', 'géodonnées de base', 'official geodata', 'geodati di base', 'Aggregationsinfrastruktur AI', 'infrastructure d’aggrégation IA', 'aggregation infrastructure AI', 'infrastruttura di aggregazione IA', 'Geobasisdatensatz', 'Jeu de géodonnées de base', 'Geospatial reference data set', 'Set di dati di riferimento geospaziale', 'Kanton', 'canton', 'canton', 'cantone', 'Aggregation', 'Aggrégation', 'Aggregation', 'Aggregazione', 'WMS', 'WMS', 'WMS', 'WMS', 'Wald', 'bois', 'wood', 'bosco', 'Bundesrecht', 'loi fédérale (D)', 'federal law', 'legislazione federale'];yes;['FR', 'EN', 'IT', 'DE'];multiple;geocat;Geobasisdaten;géodonnées de base;official geodata;geodati di base
43;fafacb61-8259-447d-8a49-8b282d079d28;"['Geobasisdienst', 'Géodonnées de base', 'AI (Aggregationsinfrastruktur der Kantone)', 'IA (Infrastructure d’agrégation des cantons)', 'AI (aggregation infrastructure of the cantons)', 'IA (infrastruttura di aggregazione dei cantoni)', 'WMS', 'WMS', 'WMS', 'WMS', 'Geodienst', 'géoservice', 'geoservice', 'geoservizio', 'Geobasisdatensatz', 'Jeu de géodonnées de base', 'Geospatial reference data set', 'Set di dati di riferimento geospaziale', 'Aggregation', 'Aggrégation', 'Aggregation', 'Aggregazione', 'Darstellungsdienst', 'service de consultation', 'presentation service', 'servizio di rappresentazione', 'Geobasisdaten', 'géodonnées de base', 'official geodata', 'geodati di base', 'geodienste.ch', 'geodienste.ch', 'geodienste.ch', 'geodienste.ch', 'Aggregationsinfrastruktur AI', 'infrastructure d’aggrégation IA', 'aggregation infrastructure AI', 'infrastruttura di aggregazione IA', 'Minimales Geodatenmodel MGDM', 'modèle de géodonnées minimal MGDM', 'minimum geodata model MGDM', 'modello di geodati minimi MGDM', 'Kanton', 'canton', 'canton', 'cantone', 'Energie', 'énergie', 'energy', 'energia', 'Biomasse', 'biomasse', 'biomass', 'biomassa', 'Windenergie', 'énergie éolienne', 'wind power', 'energia eolica', 'Wasserkraft', 'énergie hydraulique', 'water power', 'energia idrica', 'Solarenergie', 'énergie solaire', 'solar energy', 'energia solare', 'Energie aus Biomasse', 'energie de la biomasse', 'biomass energy', 'energia da biomasse', 'Energieart', ""type d'énergie"", 'energy type', 'tipo di energia']";yes;['FR', 'EN', 'IT', 'DE'];multiple;geocat;Geobasisdaten;géodonnées de base;official geodata;geodati di base
44;988c5721-eb69-41a9-95fd-5debfef60f8d;['WMS', 'WMS', 'WMS', 'WMS', 'Geobasisdaten', 'géodonnées de base', 'official geodata', 'geodati di base', 'AI (Aggregationsinfrastruktur der Kantone)', 'IA (Infrastructure d’agrégation des cantons)', 'AI (aggregation infrastructure of the cantons)', 'IA (infrastruttura di aggregazione dei cantoni)', 'geodienste.ch', 'geodienste.ch', 'geodienste.ch', 'geodienste.ch', 'Kantonale Ausnahmetransportrouten KATR', 'itinéraires cantonaux pour convois exceptionnels', 'cantonal routes for exceptional loads', 'itinerari cantonali per trasporti eccezionali', 'Darstellungsdienst', 'service de consultation', 'presentation service', 'servizio di rappresentazione', 'Aggregationsinfrastruktur AI', 'infrastructure d’aggrégation IA', 'aggregation infrastructure AI', 'infrastruttura di aggregazione IA', 'Versorgungsroute', 'route d’approvisionnement', 'supply route', 'via di approvvigionamento', 'Route', 'itinéraire', 'route', 'itinerario', 'Kanton', 'canton', 'canton', 'cantone', 'Minimales Geodatenmodel MGDM', 'modèle de géodonnées minimal MGDM', 'minimum geodata model MGDM', 'modello di geodati minimi MGDM', 'Aggregation', 'Aggrégation', 'Aggregation', 'Aggregazione', 'Geobasisdatensatz', 'Jeu de géodonnées de base', 'Geospatial reference data set', 'Set di dati di riferimento geospaziale', 'Geodienst', 'géoservice', 'geoservice', 'geoservizio', 'Geobasisdienst', 'Géodonnées de base', 'Hindernis', 'obstacle', 'obstacle', 'ostacolo', 'Bundesrecht', 'loi fédérale (D)', 'federal law', 'legislazione federale'];yes;['FR', 'EN', 'IT', 'DE'];multiple;geocat;Geobasisdaten;géodonnées de base;official geodata;geodati di base
45;0c3b5381-e21a-4677-9680-178f589f071a;['WMS', 'WMS', 'WMS', 'WMS', 'Geobasisdienst', 'Géodonnées de base', 'AI (Aggregationsinfrastruktur der Kantone)', 'IA (Infrastructure d’agrégation des cantons)', 'AI (aggregation infrastructure of the cantons)', 'IA (infrastruttura di aggregazione dei cantoni)', 'Aggregation', 'Aggrégation', 'Aggregation', 'Aggregazione', 'Darstellungsdienst', 'service de consultation', 'presentation service', 'servizio di rappresentazione', 'Kanton', 'canton', 'canton', 'cantone', 'geodienste.ch', 'geodienste.ch', 'geodienste.ch', 'geodienste.ch', 'Aggregationsinfrastruktur AI', 'infrastructure d’aggrégation IA', 'aggregation infrastructure AI', 'infrastruttura di aggregazione IA', 'Geodienst', 'géoservice', 'geoservice', 'geoservizio', 'Geobasisdatensatz', 'Jeu de géodonnées de base', 'Geospatial reference data set', 'Set di dati di riferimento geospaziale', 'Geobasisdaten', 'géodonnées de base', 'official geodata', 'geodati di base', 'Minimales Geodatenmodel MGDM', 'modèle de géodonnées minimal MGDM', 'minimum geodata model MGDM', 'modello di geodati minimi MGDM', 'Landwirtschaftliche Bewirtschaftung', 'exploitation agricole', 'agricultural exploitation', 'gestione agricola', 'Wildfauna', 'faune sauvage', 'wild fauna', 'fauna selvatica', 'Wildtier', 'animal sauvage', 'wild animal', 'animale selvatico', 'Biologisches Schutzgebiet', 'réserve biologique', 'biological reserve', 'riserve biologiche', 'Habitat wildlebender Tiere und Pflanzen', 'habitat de la faune sauvage', 'wildlife habitat', 'habitat di flora e fauna selvatiche', 'Schutzgebiet', 'espace protégé', 'protected area', 'area protetta'];yes;['FR', 'EN', 'IT', 'DE'];multiple;geocat;Geobasisdaten;géodonnées de base;official geodata;geodati di base
46;0dea2c65-6a15-44f2-90ac-1f8549f87a15;"['Aggregation', 'Aggrégation', 'Aggregazione', 'Aggregation', 'Aggregationsinfrastruktur AI', 'infrastructure d’aggrégation IA', 'infrastruttura di aggregazione IA', 'aggregation infrastructure AI', 'Unfallstandort', ""lieu d'accident"", 'sito di un incidente', 'accident site', 'Minimales Geodatenmodel MGDM', 'modèle de géodonnées minimal MGDM', 'modello di geodati minimi MGDM', 'minimum geodata model MGDM', 'geodienste.ch', 'geodienste.ch', 'geodienste.ch', 'geodienste.ch', 'Belasteter Standort', 'site pollué', 'sito inquinato', 'polluted site', 'Kanton', 'canton', 'cantone', 'canton', 'Geobasisdatensatz', 'Jeu de géodonnées de base', 'Set di dati di riferimento geospaziale', 'Geospatial reference data set', 'Betriebsstandort', ""aire d'exploitation"", 'sito aziendale', 'industrial site', 'Geobasisdaten', 'géodonnées de base', 'geodati di base', 'official geodata', 'AI (Aggregationsinfrastruktur der Kantone)', 'IA (Infrastructure d’agrégation des cantons)', 'IA (infrastruttura di aggregazione dei cantoni)', 'AI (aggregation infrastructure of the cantons)', 'Deponie', 'décharge', 'discarica', 'landfill', 'Umweltbelastung', ""impact sur l'environnement"", 'impatto ambientale', 'environmental impact', 'Altlast', 'site ancien dangereux', 'discarica dismessa', 'old hazardous site', 'Kataster', 'cadastre', 'catasto dei terreni', 'land register', 'Bundesrecht', 'loi fédérale (D)', 'legislazione federale', 'federal law', 'Ablagerung', 'rétombée atmosphérique', 'deposizione', 'deposition']";yes;['FR', 'IT', 'EN', 'DE'];multiple;geocat;Geobasisdaten;géodonnées de base;official geodata;geodati di base
