﻿;uuid;keywords;new_kw_present;languages;multiple_languages;type;new_kw_de;new_kw_fr;new_kw_en;new_kw_it
0;d8f542e2-45eb-4f76-ad23-7c9d55841dcc;['Fliessgewässer', 'Gewässername', 'Gewässer', 'Bach'];yes;['ger'];ger;gemet;Gewässer;eaux (géographie);water (geographic);acque (geografia)
1;f55e1944-b232-489f-90b6-a0a1835420e9;['Bach', 'Gewässername', 'Gewässer', 'Fliessgewässer'];yes;['ger'];ger;gemet;Gewässer;eaux (géographie);water (geographic);acque (geografia)
2;c6effda8-9297-45fb-b600-b32ad63e8419;"['Kartographie', 'cartographie', 'cartografia', 'cartography', 'Skifahren', 'skier', 'sci', 'skiing', 'Schutzgebiet', 'espace protégé', 'area protetta', 'protected area', 'Landeskarte', 'carte nationale', 'carta nazionale', 'national map', 'Bergname', 'nom de montagne', 'nome di montagna', 'mountain name', 'Gebietsname', 'nom de territoire', 'nome di territorio', 'area name', 'Gewässername', ""Nom de cours d'eau"", ""nome di corso d'acqua"", 'River name', 'Ortsname', 'nom de lieu', 'nome del luogo', 'place name', 'Hangneigung', 'déclivité', 'acclività', 'gradient', 'GPS (Global Positioning System)', 'GPS (Global Positioning System)', 'GPS (Global Positioning System)', 'GPS (Global Positioning System)', 'Schneeschuh', 'raquette à neige', 'racchetta da neve', 'snowshoe', 'Skitour', 'randonnée à ski', 'escursione con gli sci', 'ski tour', 'Topografische Karte', 'Carte topographique', 'carta topografica', 'Topographic map', 'Schneesport', 'sport de neige', 'sport della neve', 'snowsport']";no;['FR', 'IT', 'EN', 'DE'];multiple;gemet;Gewässer;eaux (géographie);water (geographic);acque (geografia)
3;0351bc2e-3cdc-4e8a-b422-0142e494e7b4;"['Gewässernetz', 'Hydrographie', 'Idrografia', 'Hydrography', 'Geographisches Informationssystem', ""système d'information géographique"", 'sistema informativo geografico', 'geographic information system', 'See', 'lac', 'lago', 'lake', 'Gewässer', 'eaux (géographie)', 'acque (geografia)', 'water (geographic)', 'Fluss', 'rivière', 'fiume', 'river', 'Landschaftsmodell', 'modèle du territoire', 'modello del territorio', 'landscape model', 'Gewässername', ""Nom de cours d'eau"", ""nome di corso d'acqua"", 'River name', 'opendata.swiss', 'opendata.swiss', 'opendata.swiss', 'opendata.swiss', 'opendata.swiss', 'e-geo.ch', 'e-geo.ch', 'e-geo.ch', 'e-geo.ch', 'GIS (Geografisches Informationssystem)', ""SIG (Système d'Information Géographique)"", 'SIG (Sistema Informativo Geografico)', 'GIS (Geographic Information System)', 'FSDI Federal Spatial Data Infrastructure', 'BGDI Bundesgeodaten-Infrastruktur', 'IFDG Infrastruttura federale dei dati geografici', 'IFDG l’Infrastructure Fédérale de données géographiques']";yes;['FR', 'IT', 'EN', 'RM', 'DE'];multiple;gemet;Gewässer;eaux (géographie);water (geographic);acque (geografia)
4;f22843ce-ee17-43b3-adc8-ad7015043984;"['GIS (Geografisches Informationssystem)', ""SIG (Système d'Information Géographique)"", 'SIG (Sistema Informativo Geografico)', 'GIS (Geographic Information System)', 'Gewässername', ""Nom de cours d'eau"", ""nome di corso d'acqua"", 'River name', 'Fluss', 'rivière', 'fiume', 'river', 'Landschaftsmodell', 'modèle du territoire', 'modello del territorio', 'landscape model', 'opendata.swiss', 'opendata.swiss', 'opendata.swiss', 'opendata.swiss', 'opendata.swiss', 'Geografische Bezeichnungen', 'Dénominations géographiques', 'Nomi geografici', 'Geographical names', 'Gewässernetz', 'Hydrographie', 'Idrografia', 'Hydrography', 'Gewässer', 'eaux (géographie)', 'acque (geografia)', 'water (geographic)', 'Ufer', 'berge', 'argine', 'bank (land)', 'Geographisches Informationssystem', ""système d'information géographique"", 'sistema informativo geografico', 'geographic information system', 'See', 'lac', 'lago', 'lake', 'Bach', 'ruisseau', 'ruscello', 'brook', 'BGDI Bundesgeodaten-Infrastruktur', 'IFDG l’Infrastructure Fédérale de données géographiques', 'IFDG Infrastruttura federale dei dati geografici', 'FSDI Federal Spatial Data Infrastructure']";yes;['FR', 'IT', 'EN', 'RM', 'DE'];multiple;gemet;Gewässer;eaux (géographie);water (geographic);acque (geografia)
5;7e35ba71-7ec0-4e37-ba87-fd881c12ae85;"['Luftbild', 'photographie aérienne', 'fotografia aerea (immagine)', 'aerial photograph', 'Wanderweg', 'sentier de randonnée', 'sentiero escursionistico', 'hiking trail', 'Kartographie', 'cartographie', 'cartografia', 'cartography', 'Gebiet', 'province', 'provincia', 'province', 'Nomenklatur', 'nomenclature', 'nomenclatura', 'nomenclature', 'Bergname', 'nom de montagne', 'nome di montagna', 'mountain name', 'Mobiltelefonie', 'téléphonie mobile', 'telefonia mobile', 'mobile telephony', 'Skitour', 'randonnée à ski', 'escursione con gli sci', 'ski tour', 'GPS (Global Positioning System)', 'GPS (Global Positioning System)', 'GPS (Global Positioning System)', 'GPS (Global Positioning System)', 'Topografische Karte', 'Carte topographique', 'carta topografica', 'Topographic map', 'Landeskarte', 'carte nationale', 'carta nazionale', 'national map', 'Ortsname', 'nom de lieu', 'nome del luogo', 'place name', 'Gewässername', ""Nom de cours d'eau"", ""nome di corso d'acqua"", 'River name', 'Geografische Bezeichnungen', 'Dénominations géographiques', 'Nomi geografici', 'Geographical names']";no;['FR', 'IT', 'EN', 'RM', 'DE'];multiple;gemet;Gewässer;eaux (géographie);water (geographic);acque (geografia)
6;d12f970f-6a83-4c33-8cfe-7504b6a5dca9;"['Gewässername', ""Nom de cours d'eau"", ""nome di corso d'acqua"", 'River name', 'Bergname', 'nom de montagne', 'nome di montagna', 'mountain name', 'Historische Karte', 'carte historique', 'carta storica', 'historic map', 'Topografische Karte', 'Carte topographique', 'carta topografica', 'Topographic map', 'Einzelsignatur', 'symbole individuel', 'simbolo individuale', 'individual Symbol', 'Geobasisdaten', 'géodonnées de base', 'geodati di base', 'official geodata', 'Geländedarstellung', 'représentation du terrain', 'rappresentazione del terreno', 'terrain representation', 'Landeskarte', 'carte nationale', 'carta nazionale', 'national map', 'Aufbewahrungs- und Archivierungsplanung AAP - Bund', ""Planification de la conservation et de l'archivage AAP - Conféderation"", 'Pianificazione della conservazione e dell’archiviazione AAP - Confederazione', 'Conservation and archiving planning AAP - Confederation', 'e-geo.ch', 'e-geo.ch', 'e-geo.ch', 'e-geo.ch', 'Ortsname', 'nom de lieu', 'nome del luogo', 'place name', 'Fels', 'roche', 'roccia', 'rock', 'Relief', 'relief', 'rilievo', 'relief (land)', 'Geschichte', 'histoire', 'storia', 'history', 'Gebiet', 'province', 'provincia', 'province', 'Nomenklatur', 'nomenclature', 'nomenclatura', 'nomenclature', 'Geografische Bezeichnungen', 'Dénominations géographiques', 'Nomi geografici', 'Geographical names', 'FSDI Federal Spatial Data Infrastructure', 'BGDI Bundesgeodaten-Infrastruktur', 'IFDG Infrastruttura federale dei dati geografici', 'IFDG l’Infrastructure Fédérale de données géographiques']";no;['FR', 'IT', 'EN', 'RM', 'DE'];multiple;gemet;Gewässer;eaux (géographie);water (geographic);acque (geografia)
7;d3b21424-70a4-4984-a693-aa7f11813c53;"['Weg', 'chemin', 'cammino', 'path', 'Landesgrenze', 'frontière nationale', 'confine nazionale', 'national border', 'Höhenkote', ""cote d'altitude"", 'quota altimetrica', 'spot height', 'Topografische Karte', 'Carte topographique', 'carta topografica', 'Topographic map', 'Landeskarte', 'carte nationale', 'carta nazionale', 'national map', 'Einzelsignatur', 'symbole individuel', 'simbolo individuale', 'individual Symbol', 'Fluss', 'rivière', 'fiume', 'river', 'Aufbewahrungs- und Archivierungsplanung AAP - Bund', ""Planification de la conservation et de l'archivage AAP - Conféderation"", 'Pianificazione della conservazione e dell’archiviazione AAP - Confederazione', 'Conservation and archiving planning AAP - Confederation', 'Historische Karte', 'carte historique', 'carta storica', 'historic map', 'e-geo.ch', 'e-geo.ch', 'e-geo.ch', 'e-geo.ch', 'GIS (Geografisches Informationssystem)', ""SIG (Système d'Information Géographique)"", 'SIG (Sistema Informativo Geografico)', 'GIS (Geographic Information System)', 'Gewässername', ""Nom de cours d'eau"", ""nome di corso d'acqua"", 'River name', 'Geländedarstellung', 'représentation du terrain', 'rappresentazione del terreno', 'terrain representation', 'Geobasisdaten', 'géodonnées de base', 'geodati di base', 'official geodata', 'Bergname', 'nom de montagne', 'nome di montagna', 'mountain name', 'Höhenkurve', 'courbe de niveau', 'curva di livello', 'contour line', 'Geografische Bezeichnungen', 'Dénominations géographiques', 'Nomi geografici', 'Geographical names', 'Bodenbedeckung', 'Occupation des terres', 'Copertura del suolo', 'Land cover', 'Straße', 'route', 'strada', 'road', 'Fels', 'roche', 'roccia', 'rock', 'Gewässer', 'eaux (géographie)', 'acque (geografia)', 'water (geographic)', 'Kartographie', 'cartographie', 'cartografia', 'cartography', 'Bach', 'ruisseau', 'ruscello', 'brook', 'Gebiet', 'province', 'provincia', 'province', 'Nomenklatur', 'nomenclature', 'nomenclatura', 'nomenclature', 'FSDI Federal Spatial Data Infrastructure', 'BGDI Bundesgeodaten-Infrastruktur', 'IFDG Infrastruttura federale dei dati geografici', 'IFDG l’Infrastructure Fédérale de données géographiques']";yes;['FR', 'IT', 'EN', 'RM', 'DE'];multiple;gemet;Gewässer;eaux (géographie);water (geographic);acque (geografia)
