﻿;uuid;keywords;new_kw_present;languages;multiple_languages;type;new_kw_de;new_kw_fr;new_kw_en;new_kw_it
0;ca9fb4e5-95a1-4a9e-ae0c-69913ee2077b;['Grundwasserschutzzone', 'Wasserbewirtschaftung', 'Grundwasser', 'Grundwasserschutz', 'Hydrogeologie', 'Trinkwasserversorgung', 'Schutzzone'];yes;['ger'];ger;gemet;Grundwasserschutz;protection des réserves d'eau souterraines;groundwater protection;protezione delle acque sotterranee
1;e528c1ba-742a-4912-b8ae-ef05f9d6156a;['Wasserbewirtschaftung', 'Hydrogeologie', 'Grundwasser', 'Trinkwasserversorgung', 'Grundwasserschutzareal', 'Schutzzone', 'Grundwasserschutzzone'];no;['ger'];ger;gemet;Grundwasserschutz;protection des réserves d'eau souterraines;groundwater protection;protezione delle acque sotterranee
2;efff4474-e42e-4753-9dc5-5c3e79923b50;['Grundwasser', 'Trinkwasserversorgung', 'Grundwasserschutz', 'Hydrogeologie', 'Wasserbewirtschaftung', 'Schutzzone', 'Grundwasserschutzzone'];yes;['ger'];ger;gemet;Grundwasserschutz;protection des réserves d'eau souterraines;groundwater protection;protezione delle acque sotterranee
3;eb05c2be-c652-4259-958a-4243d0d55c02;['Gewässerschutz', 'Grundwasserschutzareal', 'Grundwasserschutzzone', 'Gewässer', 'Gewässernetz', 'Grundwasservorkommen'];no;['ger'];ger;gemet;Grundwasserschutz;protection des réserves d'eau souterraines;groundwater protection;protezione delle acque sotterranee
4;565d3b5f-e6b4-43bf-a103-28a0f22a3731;['Grundwasserschutzareal', 'Schutzzone', 'Grundwasserschutzzone', 'Wasserbewirtschaftung', 'Grundwasser', 'Grundwasserschutz', 'Trinkwasserversorgung', 'Hydrogeologie'];yes;['ger'];ger;gemet;Grundwasserschutz;protection des réserves d'eau souterraines;groundwater protection;protezione delle acque sotterranee
5;c183d93b-298c-4edd-91ee-b38efcf5416f;"['Gewässer', 'eaux (géographie)', 'acque (geografia)', 'water (geographic)', 'Grundwasser', 'eaux souterraines', 'acqua sotterranea', 'groundwater', 'Gewässerschutz', ""prévention de la pollution de l'eau"", 'protezione delle acque', 'water pollution prevention', 'Grundwasserschutz', ""protection des réserves d'eau souterraines"", 'protezione delle acque sotterranee', 'groundwater protection', 'Flächennutzungsplanung', 'aménagement du territoire', ""pianificazione dell'utilizzazione del territorio"", 'land use planning', 'Grundwasserschutzzone', 'zone de protection des eaux souterraines', 'zona di protezione delle acque sotterranee', 'groundwater protection zone', 'Grundwasserschutzareal', 'périmètre de protection des eaux souterraines', 'area di protezione delle acque sotterranee', 'groundwater protection area', 'Gewässerschutzbereich', 'secteur de protection des eaux', 'settore di protezione delle acque', 'water protection sector']";yes;['FR', 'IT', 'EN', 'RM', 'DE'];multiple;gemet;Grundwasserschutz;protection des réserves d'eau souterraines;groundwater protection;protezione delle acque sotterranee
6;ba166030-ccd3-46a1-b344-242ccc8c8a6f;"['Flächennutzungsplanung', 'aménagement du territoire', ""pianificazione dell'utilizzazione del territorio"", 'land use planning', 'Gewässer', 'eaux (géographie)', 'acque (geografia)', 'water (geographic)', 'Grundwasserschutz', ""protection des réserves d'eau souterraines"", 'protezione delle acque sotterranee', 'groundwater protection', 'Grundwasser', 'eaux souterraines', 'acqua sotterranea', 'groundwater', 'Gewässerschutz', ""prévention de la pollution de l'eau"", 'protezione delle acque', 'water pollution prevention', 'Grundwasserschutzareal', 'périmètre de protection des eaux souterraines', 'area di protezione delle acque sotterranee', 'groundwater protection area', 'Gewässerschutzbereich', 'secteur de protection des eaux', 'settore di protezione delle acque', 'water protection sector', 'Grundwasserschutzzone', 'zone de protection des eaux souterraines', 'zona di protezione delle acque sotterranee', 'groundwater protection zone']";yes;['FR', 'IT', 'EN', 'RM', 'DE'];multiple;gemet;Grundwasserschutz;protection des réserves d'eau souterraines;groundwater protection;protezione delle acque sotterranee
7;0ae4cf29-ca95-430d-9988-4269ad1ca109;"['Grundwasser', 'eaux souterraines', 'acqua sotterranea', 'groundwater', 'Gewässerschutz', ""conservation de l'eau"", 'conservazione delle acque', 'water conservation', 'Gewässer', 'eaux (géographie)', 'acque (geografia)', 'water (geographic)', 'Grundwasserschutz', ""protection des réserves d'eau souterraines"", 'protezione delle acque sotterranee', 'groundwater protection', 'Flächennutzungsplanung', 'aménagement du territoire', ""pianificazione dell'utilizzazione del territorio"", 'land use planning', 'Gewässerschutzbereich', 'secteur de protection des eaux', 'settore di protezione delle acque', 'water protection sector', 'Grundwasserschutzareal', 'périmètre de protection des eaux souterraines', 'area di protezione delle acque sotterranee', 'groundwater protection area', 'Grundwasserschutzzone', 'zone de protection des eaux souterraines', 'zona di protezione delle acque sotterranee', 'groundwater protection zone']";yes;['FR', 'IT', 'EN', 'RM', 'DE'];multiple;gemet;Grundwasserschutz;protection des réserves d'eau souterraines;groundwater protection;protezione delle acque sotterranee
8;3d2981af-d5db-4122-8db6-1ea41ed44b3f;"['Gewässer', 'eaux (géographie)', 'acque (geografia)', 'water (geographic)', 'Grundwasser', 'eaux souterraines', 'acqua sotterranea', 'groundwater', 'Grundwasserschutz', ""protection des réserves d'eau souterraines"", 'protezione delle acque sotterranee', 'groundwater protection', 'Gewässerschutz', ""prévention de la pollution de l'eau"", 'protezione delle acque', 'water pollution prevention', 'Ressourcennutzung', 'utilisation des ressources', 'utilizzazione di risorse', 'resource utilisation', 'Population', 'population (écologique)', 'popolazione (ecologia)', 'population (ecological)', 'Bauzone', 'zone à bâtir', 'zona edificabile', 'construction zone', 'Nutzungsplanung', ""planification de l'utilisation du sol"", ""pianificazione dell'utilizzazione"", 'land use planning', 'Grundwasserschutzareal', 'périmètre de protection des eaux souterraines', 'area di protezione delle acque sotterranee', 'groundwater protection area', 'Grundwasserschutzzone', 'zone de protection des eaux souterraines', 'zona di protezione delle acque sotterranee', 'groundwater protection zone', 'Gewässerschutzbereich', 'secteur de protection des eaux', 'settore di protezione delle acque', 'water protection sector', 'Richtplanung', 'planification directrice', 'pianificazione direttrice', 'structural planning']";yes;['FR', 'IT', 'EN', 'DE'];multiple;gemet;Grundwasserschutz;protection des réserves d'eau souterraines;groundwater protection;protezione delle acque sotterranee
9;09d0ed3b-7bf4-4301-bb23-2027fd160ab5;"['Flurstücke/Grundstücke (Katasterparzellen)', 'Parcelles cadastrales', 'Parcelle catastali', 'Cadastral parcels', 'Lebensräume und Biotope', 'Habitats et biotopes', 'Habitat e biotopi', 'Habitats and biotopes', 'Bodennutzung', 'Usage des sols', 'Utilizzo del territorio', 'Land use', 'Schutzgebiete', 'Sites protégés', 'Siti protetti', 'Protected sites', 'Gesetzgebung', 'législation', 'legislazione', 'legislation', 'Verwaltung, Organisation, Institutionen, Planung, Politik und -vollzug, immaterielle Massnahmen', 'administration', 'amministrazione', 'administration', 'Natürliche Lebensräume, Landschaft, Ökosysteme', 'zones naturelles, paysages, écosystèmes', 'aree naturali, paesaggio, ecosistemi', 'natural areas, landscape, ecosystems', 'Lärm, Erschütterungen', 'bruit, vibrations', 'rumore, vibrazioni', 'noise, vibrations', 'Bauwesen und gebaute Umwelt', 'bâtiment', 'edilizia', 'building', 'National', 'Nationales', 'Nazionali', 'National', 'Grundstück', 'terrain', 'fondo', 'site', 'Grundwasserschutzareal', 'périmètre de protection des eaux souterraines', 'area di protezione delle acque sotterranee', 'groundwater protection area', 'Grundwasserschutzzone', 'zone de protection des eaux souterraines', 'zona di protezione delle acque sotterranee', 'groundwater protection zone', 'Natur und Landschaft', 'Nature et paysage', 'Natura e paesaggio', 'Nature and Landscape', 'ÖREB', 'RDPPF', 'RDPP', 'OeREB', 'Gestaltungsplan', ""plan d'aménagement"", ""piano d'edificabilità"", 'development plan', 'Quartierplan', 'plan de quartier', 'piano di quartiere', 'quarter map', 'Amtliche Vermessung AV', 'mensuration officielle MO', 'misurazione ufficiale MU', 'cadastral surveying', 'Belasteter Standort', 'site pollué', 'sito inquinato', 'polluted site', 'Biotopflächen', 'Zone de biotope', 'Zona biotopo', 'Biotope area', 'Geodienst', 'géoservice', 'geoservizio', 'geoservice', 'Gewässer', 'eaux', 'acque', 'waters', 'Gewässerschutzbereich', 'secteur de protection des eaux', 'settore di protezione delle acque', 'water protection sector', 'Grundnutzung', 'affectation primaire', 'utilizzazione di base', 'primary use']";no;['FR', 'IT', 'EN', 'DE'];multiple;gemet;Grundwasserschutz;protection des réserves d'eau souterraines;groundwater protection;protezione delle acque sotterranee
10;9a74f535-0650-4b8b-b422-992588e3dd25;"['gestion des ressources en eau', 'Wasserbewirtschaftung', 'gestione delle risorse idriche', 'water resources management', 'eaux souterraines', 'Grundwasser', 'acqua sotterranea', 'groundwater', 'ressources', 'Ressourcen, Ressourcennutzung', 'risorse', 'resources', ""captage d'eau"", 'Wassergewinnung', 'captazione di acqua', 'water collection', 'aménagement du territoire', 'Raumordnung und -planung', 'sfruttamento razionale del territorio', 'land management and planning', 'géologie', 'Geologie', 'geologia', 'geology', 'sous-sol', 'Untergrund', 'sottosuolo', 'subsoil', 'hydrogéologie', 'Hydrogeologie', 'idrogeologia', 'hydrogeology', 'exploitation de nappe souterraine', 'Untergrundwassergewinnung', 'sfruttamento della falda', 'exploitation of underground water', 'opendata.swiss', 'opendata.swiss', 'opendata.swiss', 'opendata.swiss', 'opendata.swiss', 'lithologie', 'Lithologie', 'litologia', 'lithology', ""plan d'affectation de zone PAZ"", 'Zonennutzungsplan ZNP', 'piano regolatore', 'zonal use plan', 'zone de protection des eaux souterraines', 'Grundwasserschutzzone', 'zona di protezione delle acque sotterranee', 'groundwater protection zone']";no;['DE', 'IT', 'EN', 'RM', 'FR'];multiple;gemet;Grundwasserschutz;protection des réserves d'eau souterraines;groundwater protection;protezione delle acque sotterranee
11;13c8d6a0-0e83-4971-a976-4be0865d873c;"['source', 'Quelle', 'sorgente (idrologia, territorio)', 'spring (hydrology, land)', 'eau potable', 'Trinkwasser', 'acqua potabile', 'drinking water', 'eau minérale', 'Mineralwasser', 'acqua minerale', 'mineral water', 'géologie', 'Geologie', 'geologia', 'geology', 'eau thermale', 'Thermalwasser', 'acqua termale', 'thermal water', ""captage d'eau"", 'Wassergewinnung', 'captazione di acqua', 'water collection', 'gestion des ressources en eau', 'Wasserbewirtschaftung', 'gestione delle risorse idriche', 'water resources management', 'hydrogéologie', 'Hydrogeologie', 'idrogeologia', 'hydrogeology', 'ressources', 'Ressourcen, Ressourcennutzung', 'risorse', 'resources', 'cadastre des conduites', 'Leitungskataster', 'catasto delle condotte', 'pipeline cadastre', 'zone de protection des eaux souterraines', 'Grundwasserschutzzone', 'zona di protezione delle acque sotterranee', 'groundwater protection zone', 'lithologie', 'Lithologie', 'litologia', 'lithology']";no;['DE', 'IT', 'EN', 'RM', 'FR'];multiple;gemet;Grundwasserschutz;protection des réserves d'eau souterraines;groundwater protection;protezione delle acque sotterranee
12;3813f979-a620-4814-88df-34b5f0fa140c;['eau', 'Wasser', 'acqua', 'water', 'matériaux', 'Produkte, Materialien, Werkstoffe', 'materiali', 'materials', 'ressources', 'Ressourcen, Ressourcennutzung', 'risorse', 'resources', 'Géologie', 'Geologie', 'Geologia', 'Geology', 'Ressources minérales', 'Mineralische Bodenschätze', 'Risorse minerarie', 'Mineral resources', 'Sols', 'Boden', 'Suolo', 'Soil', 'eau du sol', 'Bodenwasser', 'acqua del suolo', 'soil water', 'roche', 'Fels', 'roccia', 'rock', 'sciences de la terre', 'Geowissenschaften', 'scienze della terra', 'earth science', 'forage', 'Bohrung', 'perforazione', 'drilling', 'sous-sol', 'Untergrund', 'sottosuolo', 'subsoil', 'cadastre des conduites', 'Leitungskataster', 'catasto delle condotte', 'pipeline cadastre', 'zone de protection des eaux souterraines', 'Grundwasserschutzzone', 'zona di protezione delle acque sotterranee', 'groundwater protection zone'];no;['DE', 'IT', 'EN', 'RM', 'FR'];multiple;gemet;Grundwasserschutz;protection des réserves d'eau souterraines;groundwater protection;protezione delle acque sotterranee
