﻿;uuid;keywords;new_kw_present;languages;multiple_languages;type;new_kw_de;new_kw_fr;new_kw_en;new_kw_it
0;67c85230-6c9f-4ee4-96ca-8865bbfe6412;['Grundbuchplan, Plan für das Grundbuch', 'Amtliche Vermessung AV'];no;['ger'];ger;gemet;Grundbuch;cadastre;land and property register;catasto dei terreni e delle proprietà
1;b93d0482-a4a5-4ce2-996b-a263a0dae30d;['Darstellung', 'Représentation', 'Rappresentazione', 'Representation', 'Grundbuchplan, Plan für das Grundbuch', 'plan cadastral, plan du registre foncier', 'piano catastale, piano per il registro fondiario', 'Cadastral map'];no;['FR', 'IT', 'EN', 'DE'];multiple;gemet;Grundbuch;cadastre;land and property register;catasto dei terreni e delle proprietà
2;4fae686d-5ddf-4443-8bd4-ccb03cf98e76;['Grundbuchplan, Plan für das Grundbuch', 'plan cadastral, plan du registre foncier', 'piano catastale, piano per il registro fondiario', 'Cadastral map', 'Amtliche Vermessung AV', 'mensuration officielle MO', 'misurazione ufficiale MU', 'cadastral surveying', 'opendata.swiss', 'opendata.swiss', 'opendata.swiss', 'opendata.swiss', 'Grundbuch', 'cadastre', 'catasto dei terreni e delle proprietà', 'land and property register'];yes;['FR', 'IT', 'EN', 'DE'];multiple;gemet;Grundbuch;cadastre;land and property register;catasto dei terreni e delle proprietà
3;ca111aca-740d-4d81-be0e-6382d60fa936;['Übersichtsplan', 'Grundbuchplan, Plan für das Grundbuch', 'Amtliche Vermessung AV', 'Basisplan', 'Raumplanung', 'Plan', 'Grundbuch'];yes;['ger'];ger;gemet;Grundbuch;cadastre;land and property register;catasto dei terreni e delle proprietà
4;cf2e642a-fdc2-4760-b569-28b24c2b5996;['Basisplan', 'Grundbuchplan, Plan für das Grundbuch', 'Amtliche Vermessung AV', 'Übersichtsplan', 'Grundbuch', 'Raumplanung', 'Plan'];yes;['ger'];ger;gemet;Grundbuch;cadastre;land and property register;catasto dei terreni e delle proprietà
5;0a31b58c-bb65-4581-bf74-2509dfb8071d;['Grundbuchplan, Plan für das Grundbuch', 'Amtliche Vermessung AV', 'Übersichtsplan', 'Basisplan', 'Raumplanung', 'Grundbuch', 'Plan'];yes;['ger'];ger;gemet;Grundbuch;cadastre;land and property register;catasto dei terreni e delle proprietà
6;668c19e7-7eed-4ffc-a1a9-bf1d6ea49261;['Amtliche Vermessung AV', 'Übersichtsplan', 'Basisplan', 'Grundbuchplan, Plan für das Grundbuch', 'Plan', 'Raumplanung', 'Grundbuch'];yes;['ger'];ger;gemet;Grundbuch;cadastre;land and property register;catasto dei terreni e delle proprietà
7;28b964b2-1ce3-4918-9653-0957dbe72c87;['Grundbuchplan, Plan für das Grundbuch', 'Amtliche Vermessung AV', 'Übersichtsplan', 'Basisplan', 'Plan', 'Grundbuch', 'Raumplanung'];yes;['ger'];ger;gemet;Grundbuch;cadastre;land and property register;catasto dei terreni e delle proprietà
8;43d72614-2c87-4bce-a341-aa89a7ee4f7f;['Grundbuchplan, Plan für das Grundbuch', 'Basisplan', 'Übersichtsplan', 'Amtliche Vermessung AV', 'Plan', 'Raumplanung', 'Grundbuch'];yes;['ger'];ger;gemet;Grundbuch;cadastre;land and property register;catasto dei terreni e delle proprietà
9;c153d7ef-8fa7-45a8-9e20-4bf01086bd32;['Basisplan', 'Grundbuchplan, Plan für das Grundbuch', 'Übersichtsplan', 'Amtliche Vermessung AV', 'Grundbuch', 'Raumplanung', 'Plan'];yes;['ger'];ger;gemet;Grundbuch;cadastre;land and property register;catasto dei terreni e delle proprietà
10;87304e2f-4796-4638-9584-86bb686d20a6;['Grundbuchplan, Plan für das Grundbuch', 'Amtliche Vermessung AV', 'Übersichtsplan', 'Basisplan', 'Raumplanung', 'Grundbuch', 'Plan'];yes;['ger'];ger;gemet;Grundbuch;cadastre;land and property register;catasto dei terreni e delle proprietà
11;cc15ca44-10f5-4ddc-8bc0-d80e88a44a50;['Grundbuchplan, Plan für das Grundbuch', 'Übersichtsplan', 'Amtliche Vermessung AV', 'Basisplan', 'Plan', 'Grundbuch', 'Raumplanung'];yes;['ger'];ger;gemet;Grundbuch;cadastre;land and property register;catasto dei terreni e delle proprietà
12;d8693d24-4d9c-47a1-ad34-decca935b60d;['Übersichtsplan', 'Grundbuchplan, Plan für das Grundbuch', 'Basisplan', 'Amtliche Vermessung AV', 'Plan', 'Grundbuch', 'Raumplanung'];yes;['ger'];ger;gemet;Grundbuch;cadastre;land and property register;catasto dei terreni e delle proprietà
13;8c8ff7ca-cea2-4558-b986-ddc3afdfd297;['Übersichtsplan', 'Amtliche Vermessung AV', 'Basisplan', 'Grundbuchplan, Plan für das Grundbuch', 'Plan', 'Grundbuch', 'Raumplanung'];yes;['ger'];ger;gemet;Grundbuch;cadastre;land and property register;catasto dei terreni e delle proprietà
14;9fd69fa6-4bda-4a51-b8ac-80913e1949bc;['Basisplan', 'Amtliche Vermessung AV', 'Übersichtsplan', 'Grundbuchplan, Plan für das Grundbuch', 'Raumplanung', 'Grundbuch', 'Plan'];yes;['ger'];ger;gemet;Grundbuch;cadastre;land and property register;catasto dei terreni e delle proprietà
15;17bf5161-422a-4c10-a164-82c7dac4e08e;['Basisplan', 'Amtliche Vermessung AV', 'Übersichtsplan', 'Grundbuchplan, Plan für das Grundbuch', 'Grundbuch', 'Plan', 'Raumplanung'];yes;['ger'];ger;gemet;Grundbuch;cadastre;land and property register;catasto dei terreni e delle proprietà
16;ffbce8a4-fa4c-419a-81ff-9baf3d08273b;['Grundbuchplan, Plan für das Grundbuch', 'Amtliche Vermessung AV', 'Übersichtsplan', 'Basisplan', 'Raumplanung', 'Plan', 'Grundbuch'];yes;['ger'];ger;gemet;Grundbuch;cadastre;land and property register;catasto dei terreni e delle proprietà
17;aa000c3e-8c16-4fa7-86f7-e26f99940a6d;['Grundbuchplan, Plan für das Grundbuch', 'Amtliche Vermessung AV', 'Basisplan', 'Übersichtsplan', 'Plan', 'Raumplanung', 'Grundbuch'];yes;['ger'];ger;gemet;Grundbuch;cadastre;land and property register;catasto dei terreni e delle proprietà
18;f0331bb2-93b6-4b4d-a79f-54ea7f5a8547;['Basisplan', 'Übersichtsplan', 'Grundbuchplan, Plan für das Grundbuch', 'Amtliche Vermessung AV', 'Plan', 'Grundbuch', 'Raumplanung'];yes;['ger'];ger;gemet;Grundbuch;cadastre;land and property register;catasto dei terreni e delle proprietà
19;6c65cb8c-fda5-4622-a577-21889733bbc7;['Übersichtsplan', 'Grundbuchplan, Plan für das Grundbuch', 'Basisplan', 'Amtliche Vermessung AV', 'Plan', 'Raumplanung', 'Grundbuch'];yes;['ger'];ger;gemet;Grundbuch;cadastre;land and property register;catasto dei terreni e delle proprietà
20;d844921a-b969-4c9d-a45b-96fc42c1d942;['Übersichtsplan', 'Grundbuchplan, Plan für das Grundbuch', 'Amtliche Vermessung AV', 'Basisplan', 'Grundbuch', 'Raumplanung', 'Plan'];yes;['ger'];ger;gemet;Grundbuch;cadastre;land and property register;catasto dei terreni e delle proprietà
21;10b6cc03-13a4-4e76-8afd-c3f53857ec77;['Grundbuchplan, Plan für das Grundbuch', 'Übersichtsplan', 'Basisplan', 'Amtliche Vermessung AV', 'Grundbuch', 'Raumplanung', 'Plan'];yes;['ger'];ger;gemet;Grundbuch;cadastre;land and property register;catasto dei terreni e delle proprietà
22;813f2027-2126-4d95-85ad-2f5c855645d6;['Übersichtsplan', 'Grundbuchplan, Plan für das Grundbuch', 'Basisplan', 'Amtliche Vermessung AV', 'Plan', 'Raumplanung', 'Grundbuch'];yes;['ger'];ger;gemet;Grundbuch;cadastre;land and property register;catasto dei terreni e delle proprietà
23;9ae8c008-533b-49fb-b084-416e4c27d00d;['Grundbuchplan, Plan für das Grundbuch', 'Amtliche Vermessung AV', 'Übersichtsplan', 'Basisplan', 'Plan', 'Grundbuch', 'Raumplanung'];yes;['ger'];ger;gemet;Grundbuch;cadastre;land and property register;catasto dei terreni e delle proprietà
24;ee3ab2f2-3f3a-4c66-865a-840e867e2ff9;['Amtliche Vermessung AV', 'Grundbuchplan, Plan für das Grundbuch', 'Basisplan', 'Übersichtsplan', 'Grundbuch', 'Plan', 'Raumplanung'];yes;['ger'];ger;gemet;Grundbuch;cadastre;land and property register;catasto dei terreni e delle proprietà
25;421943e5-5865-4a18-b47c-a58787e198a7;['Grundbuchplan, Plan für das Grundbuch', 'Basisplan', 'Amtliche Vermessung AV', 'Übersichtsplan', 'Raumplanung', 'Plan', 'Grundbuch'];yes;['ger'];ger;gemet;Grundbuch;cadastre;land and property register;catasto dei terreni e delle proprietà
26;b29b34f3-38aa-46af-8c04-358b43ea7617;['Amtliche Vermessung AV', 'Grundbuchplan, Plan für das Grundbuch', 'Basisplan', 'Übersichtsplan', 'Plan', 'Raumplanung', 'Grundbuch'];yes;['ger'];ger;gemet;Grundbuch;cadastre;land and property register;catasto dei terreni e delle proprietà
27;b8e793fc-1ad8-4885-b5ec-df7bd60e8dba;['Amtliche Vermessung AV', 'Basisplan', 'Übersichtsplan', 'Grundbuchplan, Plan für das Grundbuch', 'Raumordnung und -planung', 'Plan', 'Flächennutzungsplan', 'Raumplanung', 'Grundbuch'];yes;['ger'];ger;gemet;Grundbuch;cadastre;land and property register;catasto dei terreni e delle proprietà
28;57c8a902-ea21-44c2-977f-760c882d732b;['Amtliche Vermessung AV', 'Übersichtsplan', 'Grundbuchplan, Plan für das Grundbuch', 'Basisplan', 'Raumplanung', 'Flächennutzungsplan', 'Raumordnung und -planung', 'Plan', 'Grundbuch'];yes;['ger'];ger;gemet;Grundbuch;cadastre;land and property register;catasto dei terreni e delle proprietà
29;cbca42c0-768a-4eaf-bb99-df64de3a4453;['Amtliche Vermessung AV', 'Übersichtsplan', 'Basisplan', 'Grundbuchplan, Plan für das Grundbuch', 'Flächennutzungsplan', 'Plan', 'Raumplanung', 'Raumordnung und -planung', 'Grundbuch'];yes;['ger'];ger;gemet;Grundbuch;cadastre;land and property register;catasto dei terreni e delle proprietà
30;1e257aa6-9670-455f-aa8f-6a703f91d5c2;['Amtliche Vermessung AV', 'Grundbuchplan, Plan für das Grundbuch', 'Übersichtsplan', 'Basisplan', 'Raumordnung und -planung', 'Plan', 'Raumplanung', 'Flächennutzungsplan', 'Grundbuch'];yes;['ger'];ger;gemet;Grundbuch;cadastre;land and property register;catasto dei terreni e delle proprietà
31;56e938ee-d9d0-41e2-9041-35bbfbf6dece;['Amtliche Vermessung AV', 'Grundbuchplan, Plan für das Grundbuch', 'Basisplan', 'Übersichtsplan', 'Flächennutzungsplan', 'Raumordnung und -planung', 'Plan', 'Raumplanung', 'Grundbuch'];yes;['ger'];ger;gemet;Grundbuch;cadastre;land and property register;catasto dei terreni e delle proprietà
32;4c175ec6-65a1-45e4-8464-ff86894896a9;['Amtliche Vermessung AV', 'Grundbuchplan, Plan für das Grundbuch', 'Basisplan', 'Übersichtsplan', 'Raumplanung', 'Raumordnung und -planung', 'Flächennutzungsplan', 'Plan', 'Grundbuch'];yes;['ger'];ger;gemet;Grundbuch;cadastre;land and property register;catasto dei terreni e delle proprietà
33;ad3b8e73-49d3-4253-9e2f-42cbaee5025d;['Amtliche Vermessung AV', 'Grundbuchplan, Plan für das Grundbuch', 'Übersichtsplan', 'Basisplan', 'Flächennutzungsplan', 'Raumordnung und -planung', 'Plan', 'Raumplanung', 'Grundbuch'];yes;['ger'];ger;gemet;Grundbuch;cadastre;land and property register;catasto dei terreni e delle proprietà
34;efae08a5-9322-44a7-8795-d1451d3e8bb2;['Amtliche Vermessung AV', 'Basisplan', 'Übersichtsplan', 'Grundbuchplan, Plan für das Grundbuch', 'Raumplanung', 'Raumordnung und -planung', 'Plan', 'Flächennutzungsplan', 'Grundbuch'];yes;['ger'];ger;gemet;Grundbuch;cadastre;land and property register;catasto dei terreni e delle proprietà
35;0cc3354d-2ced-4470-b6b0-108e5a2ba372;['plan cadastral, plan du registre foncier', 'Grundbuchplan, Plan für das Grundbuch', 'Cadastral map', 'piano catastale, piano per il registro fondiario', 'Historische Karte', 'carte historique', 'carta storica', 'historic map'];no;['DE', 'EN', 'IT', 'FR'];multiple;gemet;Grundbuch;cadastre;land and property register;catasto dei terreni e delle proprietà
36;f0bb101f-f53f-4e89-b798-01a82795c0ab;['plan cadastral, plan du registre foncier', 'Grundbuchplan, Plan für das Grundbuch', 'Cadastral map', 'piano catastale, piano per il registro fondiario', 'Historische Karte', 'carte historique', 'carta storica', 'historic map'];no;['DE', 'EN', 'IT', 'FR'];multiple;gemet;Grundbuch;cadastre;land and property register;catasto dei terreni e delle proprietà
37;1fb5c99e-3554-4f6b-b014-fcb0f57ab597;['plan cadastral, plan du registre foncier', 'Grundbuchplan, Plan für das Grundbuch', 'Cadastral map', 'piano catastale, piano per il registro fondiario', 'Historische Karte', 'carte historique', 'carta storica', 'historic map'];no;['DE', 'EN', 'IT', 'FR'];multiple;gemet;Grundbuch;cadastre;land and property register;catasto dei terreni e delle proprietà
38;c16c7a50-e40a-4a0e-8892-9f446949257a;['plan cadastral, plan du registre foncier', 'Grundbuchplan, Plan für das Grundbuch', 'mensuration officielle MO', 'Amtliche Vermessung AV'];no;['DE', 'FR'];multiple;gemet;Grundbuch;cadastre;land and property register;catasto dei terreni e delle proprietà
