﻿;uuid;keywords;new_kw_present;languages;multiple_languages;type;new_kw_de;new_kw_fr;new_kw_en;new_kw_it
0;5ec2356b-c587-4324-b446-a985cc79dea5;['Historischer Plan', 'Plan historique', 'Piano storico', 'Historical plan', 'Historische Karte', 'carte historique', 'carta storica', 'historic map'];yes;['FR', 'IT', 'EN', 'DE'];multiple;geocat;Historische Karte;carte historique;historic map;carta storica
1;831069aa-72f0-47c0-b87f-383a55e05438;['Historischer Plan', 'Plan historique', 'Piano storico', 'Historical plan', 'Stadtplan', 'plan de ville', 'carta di città', 'city map', 'Historische Karte', 'carte historique', 'carta storica', 'historic map', 'opendata.swiss', 'opendata.swiss', 'opendata.swiss', 'opendata.swiss'];yes;['FR', 'IT', 'EN', 'DE'];multiple;geocat;Historische Karte;carte historique;historic map;carta storica
2;e492e53f-0788-4815-afa2-21e5f0fd6702;['Historischer Plan', 'Plan historique', 'Piano storico', 'Historical plan', 'Historische Karte', 'carte historique', 'carta storica', 'historic map', 'Stadtplan', 'plan de ville', 'carta di città', 'city map', 'opendata.swiss', 'opendata.swiss', 'opendata.swiss', 'opendata.swiss'];yes;['FR', 'IT', 'EN', 'DE'];multiple;geocat;Historische Karte;carte historique;historic map;carta storica
3;83012294-58f6-49ae-abb7-85d4286bae00;['Historische Karte', 'carte historique', 'carta storica', 'historic map', 'Stadtplan', 'plan de ville', 'carta di città', 'city map', 'Historischer Plan', 'Plan historique', 'Piano storico', 'Historical plan', 'opendata.swiss', 'opendata.swiss', 'opendata.swiss', 'opendata.swiss'];yes;['FR', 'IT', 'EN', 'DE'];multiple;geocat;Historische Karte;carte historique;historic map;carta storica
4;c9a66cd3-2979-4381-b326-ca39ea456c61;['Stadtplan', 'plan de ville', 'carta di città', 'city map', 'Historischer Plan', 'Plan historique', 'Piano storico', 'Historical plan', 'Historische Karte', 'carte historique', 'carta storica', 'historic map', 'opendata.swiss', 'opendata.swiss', 'opendata.swiss', 'opendata.swiss'];yes;['FR', 'IT', 'EN', 'DE'];multiple;geocat;Historische Karte;carte historique;historic map;carta storica
5;95c7c01f-5268-4953-8871-145f65e71668;"['Übersichtsplan', ""plan d'ensemble"", 'piano corografico', 'survey plan', 'Historischer Plan', 'Plan historique', 'Piano storico', 'Historical plan', 'Historische Karte', 'carte historique', 'carta storica', 'historic map', 'opendata.swiss', 'opendata.swiss', 'opendata.swiss', 'opendata.swiss']";yes;['FR', 'IT', 'EN', 'DE'];multiple;geocat;Historische Karte;carte historique;historic map;carta storica
6;d660ff01-c363-43d6-a0aa-01cfeab95631;['Historische Karte', 'carte historique', 'carta storica', 'historic map', 'Historischer Plan', 'Plan historique', 'Piano storico', 'Historical plan', 'Stadtplan', 'plan de ville', 'carta di città', 'city map', 'opendata.swiss', 'opendata.swiss', 'opendata.swiss', 'opendata.swiss'];yes;['FR', 'IT', 'EN', 'DE'];multiple;geocat;Historische Karte;carte historique;historic map;carta storica
7;8ab986cb-ca6e-4792-a8c3-64f9e420024f;['Stadtplan', 'plan de ville', 'carta di città', 'city map', 'Historische Karte', 'carte historique', 'carta storica', 'historic map', 'Historischer Plan', 'Plan historique', 'Piano storico', 'Historical plan', 'opendata.swiss', 'opendata.swiss', 'opendata.swiss', 'opendata.swiss'];yes;['FR', 'IT', 'EN', 'DE'];multiple;geocat;Historische Karte;carte historique;historic map;carta storica
8;a91b902b-5fb5-4a0c-9a99-915ba1cf0d70;['Stadtplan', 'plan de ville', 'carta di città', 'city map', 'Historischer Plan', 'Plan historique', 'Piano storico', 'Historical plan', 'Historische Karte', 'carte historique', 'carta storica', 'historic map', 'opendata.swiss', 'opendata.swiss', 'opendata.swiss', 'opendata.swiss'];yes;['FR', 'IT', 'EN', 'DE'];multiple;geocat;Historische Karte;carte historique;historic map;carta storica
9;ff8490a5-dfec-40c1-bd80-d0540ac94b09;"['Historische Karte', 'carte historique', 'carta storica', 'historic map', 'Übersichtsplan', ""plan d'ensemble"", 'piano corografico', 'survey plan', 'Historischer Plan', 'Plan historique', 'Piano storico', 'Historical plan', 'opendata.swiss', 'opendata.swiss', 'opendata.swiss', 'opendata.swiss']";yes;['FR', 'IT', 'EN', 'DE'];multiple;geocat;Historische Karte;carte historique;historic map;carta storica
10;289efb09-af95-4f8e-9d74-2f1875633350;"['Übersichtsplan', ""plan d'ensemble"", 'piano corografico', 'survey plan', 'Historischer Plan', 'Plan historique', 'Piano storico', 'Historical plan', 'Historische Karte', 'carte historique', 'carta storica', 'historic map', 'opendata.swiss', 'opendata.swiss', 'opendata.swiss', 'opendata.swiss']";yes;['FR', 'IT', 'EN', 'DE'];multiple;geocat;Historische Karte;carte historique;historic map;carta storica
11;ae7cbcd9-ab9b-41d7-a217-176bdf55231e;['Historischer Plan', 'Plan historique', 'Piano storico', 'Historical plan', 'Historische Karte', 'carte historique', 'carta storica', 'historic map', 'opendata.swiss', 'opendata.swiss', 'opendata.swiss', 'opendata.swiss'];yes;['FR', 'IT', 'EN', 'DE'];multiple;geocat;Historische Karte;carte historique;historic map;carta storica
12;02c75fbc-086a-4c26-b504-95554c634e21;"['Historischer Plan', 'Plan historique', 'Piano storico', 'Historical plan', 'Historische Karte', 'carte historique', 'carta storica', 'historic map', 'Übersichtsplan', ""plan d'ensemble"", 'piano corografico', 'survey plan', 'opendata.swiss', 'opendata.swiss', 'opendata.swiss', 'opendata.swiss']";yes;['FR', 'IT', 'EN', 'DE'];multiple;geocat;Historische Karte;carte historique;historic map;carta storica
13;534bb611-2700-4b3a-bd59-f0cdf593c470;['Historische Karte', 'carte historique', 'carta storica', 'historic map', 'Historischer Plan', 'Plan historique', 'Piano storico', 'Historical plan', 'opendata.swiss', 'opendata.swiss', 'opendata.swiss', 'opendata.swiss'];yes;['FR', 'IT', 'EN', 'DE'];multiple;geocat;Historische Karte;carte historique;historic map;carta storica
14;0cc3354d-2ced-4470-b6b0-108e5a2ba372;['plan cadastral, plan du registre foncier', 'Grundbuchplan, Plan für das Grundbuch', 'Cadastral map', 'piano catastale, piano per il registro fondiario', 'Plan historique', 'Historischer Plan', 'Historical plan', 'Piano storico'];no;['DE', 'EN', 'IT', 'FR'];multiple;geocat;Historische Karte;carte historique;historic map;carta storica
15;4666f82e-f66f-4cb1-bfc3-ecc8fb0b2110;"[""plan d'ensemble"", 'Übersichtsplan', 'survey plan', 'piano corografico', 'Plan historique', 'Historischer Plan', 'Historical plan', 'Piano storico']";no;['DE', 'EN', 'IT', 'FR'];multiple;geocat;Historische Karte;carte historique;historic map;carta storica
16;b3e3b646-376f-4f52-860b-f84b0359fd7d;"[""plan d'ensemble"", 'Übersichtsplan', 'survey plan', 'piano corografico', 'Plan historique', 'Historischer Plan', 'Historical plan', 'Piano storico']";no;['DE', 'EN', 'IT', 'FR'];multiple;geocat;Historische Karte;carte historique;historic map;carta storica
17;1fb5c99e-3554-4f6b-b014-fcb0f57ab597;['Plan historique', 'Historischer Plan', 'Historical plan', 'Piano storico', 'plan cadastral, plan du registre foncier', 'Grundbuchplan, Plan für das Grundbuch', 'Cadastral map', 'piano catastale, piano per il registro fondiario'];no;['DE', 'EN', 'IT', 'FR'];multiple;geocat;Historische Karte;carte historique;historic map;carta storica
18;f0bb101f-f53f-4e89-b798-01a82795c0ab;['plan cadastral, plan du registre foncier', 'Grundbuchplan, Plan für das Grundbuch', 'Cadastral map', 'piano catastale, piano per il registro fondiario', 'Plan historique', 'Historischer Plan', 'Historical plan', 'Piano storico'];no;['DE', 'EN', 'IT', 'FR'];multiple;geocat;Historische Karte;carte historique;historic map;carta storica
19;9d9aacd4-9956-4a2f-9963-121761c180c3;"['Plan historique', 'Historischer Plan', 'Historical plan', 'Piano storico', ""plan d'ensemble"", 'Übersichtsplan', 'survey plan', 'piano corografico']";no;['DE', 'EN', 'IT', 'FR'];multiple;geocat;Historische Karte;carte historique;historic map;carta storica
