﻿;uuid;keywords;new_kw_present;languages;multiple_languages;type;new_kw_de;new_kw_fr;new_kw_en;new_kw_it
0;23770718-1f0a-48fc-b472-c094bae135f8;['Höhenkurven', 'Courbes de niveau', 'Linee di contorno', 'Contour lines'];no;['FR', 'IT', 'EN', 'DE'];multiple;geocat;Höhenkurve;courbe de niveau;contour line;curva di livello
1;547fdc68-01eb-4ced-86e4-8078145bf7cd;['Höhenkurven', 'Courbes de niveau', 'Linee di contorno', 'Contour lines'];no;['FR', 'IT', 'EN', 'DE'];multiple;geocat;Höhenkurve;courbe de niveau;contour line;curva di livello
2;278955f6-2732-491d-a229-95ba198721f7;['Courbes de niveau', 'Höhenkurven', 'Linee di contorno', 'Contour lines', 'Altimétrie', 'Höhen', 'Altimetria', 'Heigths', 'modèle numérique de terrain MNT', 'Digitales Terrainmodell DTM', 'modello digitale del terreno DTM', 'digital terrain model DTM', 'LIDAR (Light Detection And Ranging)', 'LIDAR (Light Detection And Ranging)', 'LIDAR (Light Detection And Ranging)', 'LIDAR (Light Detection And Ranging)', 'MNS (modèle numérique de surface)', 'DOM (Digitales Oberflächenmodell)', 'DSM (modello digitale di superficie)', 'DSM (digital surface model)'];no;['DE', 'IT', 'EN', 'FR'];multiple;geocat;Höhenkurve;courbe de niveau;contour line;curva di livello
3;ba88d24b-0b78-45d4-bbd6-7255f8fc3dbe;['Altimétrie', 'Höhen', 'Altimetria', 'Heigths', 'Courbes de niveau', 'Höhenkurven', 'Linee di contorno', 'Contour lines', 'LIDAR (Light Detection And Ranging)', 'LIDAR (Light Detection And Ranging)', 'LIDAR (Light Detection And Ranging)', 'LIDAR (Light Detection And Ranging)', 'MNS (modèle numérique de surface)', 'DOM (Digitales Oberflächenmodell)', 'DSM (modello digitale di superficie)', 'DSM (digital surface model)', 'modèle numérique de terrain MNT', 'Digitales Terrainmodell DTM', 'modello digitale del terreno DTM', 'digital terrain model DTM'];no;['DE', 'IT', 'EN', 'FR'];multiple;geocat;Höhenkurve;courbe de niveau;contour line;curva di livello
4;5a10b8d5-87ff-40d2-946b-125686dbd927;['Courbes de niveau', 'Höhenkurven', 'Linee di contorno', 'Contour lines', 'Altimétrie', 'Höhen', 'Altimetria', 'Heigths', 'modèle numérique de terrain MNT', 'Digitales Terrainmodell DTM', 'modello digitale del terreno DTM', 'digital terrain model DTM', 'LIDAR (Light Detection And Ranging)', 'LIDAR (Light Detection And Ranging)', 'LIDAR (Light Detection And Ranging)', 'LIDAR (Light Detection And Ranging)', 'MNS (modèle numérique de surface)', 'DOM (Digitales Oberflächenmodell)', 'DSM (modello digitale di superficie)', 'DSM (digital surface model)'];no;['DE', 'IT', 'EN', 'FR'];multiple;geocat;Höhenkurve;courbe de niveau;contour line;curva di livello
5;cb6194e9-aeef-471d-b357-b9c695870c42;['Altimétrie', 'Höhen', 'Altimetria', 'Heigths', 'LIDAR (Light Detection And Ranging)', 'LIDAR (Light Detection And Ranging)', 'LIDAR (Light Detection And Ranging)', 'LIDAR (Light Detection And Ranging)', 'modèle numérique de terrain MNT', 'Digitales Terrainmodell DTM', 'modello digitale del terreno DTM', 'digital terrain model DTM', 'Courbes de niveau', 'Höhenkurven', 'Linee di contorno', 'Contour lines', 'MNS (modèle numérique de surface)', 'DOM (Digitales Oberflächenmodell)', 'DSM (modello digitale di superficie)', 'DSM (digital surface model)'];no;['DE', 'IT', 'EN', 'FR'];multiple;geocat;Höhenkurve;courbe de niveau;contour line;curva di livello
6;1336fa70-b5ae-42c7-ac6b-823f2faf6cbf;['LIDAR (Light Detection And Ranging)', 'LIDAR (Light Detection And Ranging)', 'LIDAR (Light Detection And Ranging)', 'LIDAR (Light Detection And Ranging)', 'Courbes de niveau', 'Höhenkurven', 'Linee di contorno', 'Contour lines', 'Altimétrie', 'Höhen', 'Altimetria', 'Heigths', 'modèle numérique de terrain MNT', 'Digitales Terrainmodell DTM', 'modello digitale del terreno DTM', 'digital terrain model DTM', 'MNS (modèle numérique de surface)', 'DOM (Digitales Oberflächenmodell)', 'DSM (modello digitale di superficie)', 'DSM (digital surface model)'];no;['DE', 'IT', 'EN', 'FR'];multiple;geocat;Höhenkurve;courbe de niveau;contour line;curva di livello
7;6b48ac2d-d814-445a-a98b-4287afb1c22c;['relief', 'Courbes de niveau'];no;['DE', 'FR'];multiple;geocat;Höhenkurve;courbe de niveau;contour line;curva di livello
8;5a960f57-1ef7-4dd8-a653-9fb68baca0c6;['Altimétrie', 'Höhen', 'Altimetria', 'Heigths', 'modèle numérique de terrain MNT', 'Digitales Terrainmodell DTM', 'modello digitale del terreno DTM', 'digital terrain model DTM', 'LIDAR (Light Detection And Ranging)', 'LIDAR (Light Detection And Ranging)', 'LIDAR (Light Detection And Ranging)', 'LIDAR (Light Detection And Ranging)', 'MNS (modèle numérique de surface)', 'DOM (Digitales Oberflächenmodell)', 'DSM (modello digitale di superficie)', 'DSM (digital surface model)', 'Courbes de niveau', 'Höhenkurven', 'Linee di contorno', 'Contour lines', 'orthophoto', 'Orthofoto', 'ortofoto', 'orthophoto'];no;['DE', 'IT', 'EN', 'FR'];multiple;geocat;Höhenkurve;courbe de niveau;contour line;curva di livello
9;9c059550-1cf7-4338-aa51-f39474a67639;['Altimétrie', 'Höhen', 'Altimetria', 'Heigths', 'Courbes de niveau', 'Höhenkurven', 'Linee di contorno', 'Contour lines', 'modèle numérique de terrain MNT', 'Digitales Terrainmodell DTM', 'modello digitale del terreno DTM', 'digital terrain model DTM', 'MNS (modèle numérique de surface)', 'DOM (Digitales Oberflächenmodell)', 'DSM (modello digitale di superficie)', 'DSM (digital surface model)', 'LIDAR (Light Detection And Ranging)', 'LIDAR (Light Detection And Ranging)', 'LIDAR (Light Detection And Ranging)', 'LIDAR (Light Detection And Ranging)', 'orthophoto', 'Orthofoto', 'ortofoto', 'orthophoto'];no;['DE', 'IT', 'EN', 'FR'];multiple;geocat;Höhenkurve;courbe de niveau;contour line;curva di livello
