﻿;uuid;keywords;new_kw_present;languages;multiple_languages;type;new_kw_de;new_kw_fr;new_kw_en;new_kw_it
0;a8efe0ff-e611-42c0-8cf7-06c3856cb3c4;['Höhen', 'DOM (Digitales Oberflächenmodell)'];no;['ger'];ger;gemet;Höhe;altitude;altitude;altitudine
1;68a93058-9bc0-445d-991d-c40890ed7603;['DHM (Digitales Höhenmodell)', 'Höhen'];no;['ger'];ger;gemet;Höhe;altitude;altitude;altitudine
2;6b132d10-f075-4089-80a6-676f8b6b9f80;['DHM (Digitales Höhenmodell)', 'Höhen'];no;['ger'];ger;gemet;Höhe;altitude;altitude;altitudine
3;ae22acdd-74c8-4564-b48e-95b0fd52e5dd;['DHM (Digitales Höhenmodell)', 'Höhen'];no;['ger'];ger;gemet;Höhe;altitude;altitude;altitudine
4;d75126b5-b66a-4e9d-93cc-19d36e6b9b27;['Höhen', 'DHM (Digitales Höhenmodell)'];no;['ger'];ger;gemet;Höhe;altitude;altitude;altitudine
5;1cf26dba-1cae-46fa-9fe9-57704fa82666;['Höhen', 'DHM (Digitales Höhenmodell)'];no;['ger'];ger;gemet;Höhe;altitude;altitude;altitudine
6;de4f6916-c1ae-450c-98ec-9a995ce0eb89;['Höhen', 'Altimétrie', 'Altimetria', 'Heigths', 'Digitales Terrainmodell DTM', 'modèle numérique de terrain MNT', 'modello digitale del terreno DTM', 'digital terrain model DTM'];no;['FR', 'IT', 'EN', 'DE'];multiple;gemet;Höhe;altitude;altitude;altitudine
7;9644f57a-3a73-458a-a9b5-af75d7561bea;['Amtliche Vermessung AV', 'Höhen', 'Planung'];no;['ger'];ger;gemet;Höhe;altitude;altitude;altitudine
8;6cbed226-2281-4e6e-bc8f-ca414844756e;['Amtliche Vermessung AV', 'Höhen', 'Planung'];no;['ger'];ger;gemet;Höhe;altitude;altitude;altitudine
9;d8c31171-2f54-4aa8-8ebb-48366035d6c0;['Amtliche Vermessung AV', 'Höhen', 'Planung'];no;['ger'];ger;gemet;Höhe;altitude;altitude;altitudine
10;e827add3-3b6b-46f7-ad74-ebcbffcce4e7;['Amtliche Vermessung AV', 'Höhen', 'Planung'];no;['ger'];ger;gemet;Höhe;altitude;altitude;altitudine
11;b5a48275-c5be-4dcf-a9ac-e8f00d75ce2a;['Amtliche Vermessung AV', 'Höhen', 'Planung'];no;['ger'];ger;gemet;Höhe;altitude;altitude;altitudine
12;6ffced9d-b4e7-424f-b16a-8060b8ca3100;['Amtliche Vermessung AV', 'Höhen', 'Planung'];no;['ger'];ger;gemet;Höhe;altitude;altitude;altitudine
13;f3468d8f-1fbe-4cf7-a3a1-a58219ecae58;['Amtliche Vermessung AV', 'Höhen', 'Planung'];no;['ger'];ger;gemet;Höhe;altitude;altitude;altitudine
14;1999d984-1314-4ff1-b854-e873e33b4143;['Amtliche Vermessung AV', 'Höhen', 'Planung'];no;['ger'];ger;gemet;Höhe;altitude;altitude;altitudine
15;4be8c7ae-8586-4df4-80dd-806986b49282;['Höhen', 'Höhenkurve', 'Hangneigung', 'Landwirtschaft'];no;['ger'];ger;gemet;Höhe;altitude;altitude;altitudine
16;ad1cbe16-c559-4e50-82af-345287817d1d;"['DHM (Digitales Höhenmodell)', ""MNA (modèle numérique d'altitude)"", 'DEM (modello digitale di elevazione)', 'DEM (digital elevation model)', 'Höhen', 'Altimétrie', 'Altimetria', 'Heigths', 'Höhenpunkt', 'point altimétrique', 'punto quotato', 'spot elevation', 'Höhenkurve', 'courbe de niveau', 'curva di livello', 'contour line']";no;['FR', 'IT', 'EN', 'DE'];multiple;gemet;Höhe;altitude;altitude;altitudine
17;299aeeec-28fc-4091-88c5-bb8e97723bc8;['Höhen', 'Amtliche Vermessung AV', 'Höhe'];yes;['ger'];ger;gemet;Höhe;altitude;altitude;altitudine
18;2b64e4d6-2b8f-42ff-a710-f20ba5743b21;['Höhen', 'Altimétrie', 'Altimetria', 'Heigths', 'DOM (Digitales Oberflächenmodell)', 'MNS (modèle numérique de surface)', 'DSM (modello digitale di superficie)', 'DSM (digital surface model)', 'Bauwesen und gebaute Umwelt', 'bâtiment', 'edilizia', 'building'];no;['FR', 'IT', 'EN', 'DE'];multiple;gemet;Höhe;altitude;altitude;altitudine
19;2a87fd68-315e-48f1-b8d7-f101872acb92;['Digitales Terrainmodell DTM', 'modèle numérique de terrain MNT', 'modello digitale del terreno DTM', 'digital terrain model DTM', 'Höhen', 'Altimétrie', 'Altimetria', 'Heigths', 'opendata.swiss', 'opendata.swiss', 'opendata.swiss', 'opendata.swiss'];no;['FR', 'IT', 'EN', 'DE'];multiple;gemet;Höhe;altitude;altitude;altitudine
20;a9017634-f251-41d0-a413-9d1fd3798b09;['Baum', 'arbre', 'albero', 'tree', 'Wald', 'bois', 'bosco', 'wood', 'Höhen', 'Altimétrie', 'Altimetria', 'Heigths', 'DOM (Digitales Oberflächenmodell)', 'MNS (modèle numérique de surface)', 'DSM (modello digitale di superficie)', 'DSM (digital surface model)'];no;['FR', 'IT', 'EN', 'DE'];multiple;gemet;Höhe;altitude;altitude;altitudine
21;29be1dda-9fbf-4c43-a725-bfb814cf8109;['Höhen', 'Altimétrie', 'Altimetria', 'Heigths', 'Höhenpunkt', 'point altimétrique', 'punto quotato', 'spot elevation', 'Amtliche Vermessung AV', 'mensuration officielle MO', 'misurazione ufficiale MU', 'cadastral surveying'];no;['FR', 'IT', 'EN', 'DE'];multiple;gemet;Höhe;altitude;altitude;altitudine
22;1bf94825-bd03-41a6-aefb-3dbe79fd0689;['Digitales Terrainmodell DTM', 'modèle numérique de terrain MNT', 'modello digitale del terreno DTM', 'digital terrain model DTM', 'Höhen', 'Altimétrie', 'Altimetria', 'Heigths', 'opendata.swiss', 'opendata.swiss', 'opendata.swiss', 'opendata.swiss'];no;['FR', 'IT', 'EN', 'DE'];multiple;gemet;Höhe;altitude;altitude;altitudine
23;b3362599-3bc6-4615-a290-546792f89c83;['Höhen', 'Altimétrie', 'Altimetria', 'Heigths', 'Bezugsrahmen', 'cadre de référence', 'quadro di riferimento', 'reference frame', 'Transformation', 'transformation', 'trasformazione', 'transformation', 'FSDI Federal Spatial Data Infrastructure', 'BGDI Bundesgeodaten-Infrastruktur', 'IFDG Infrastruttura federale dei dati geografici', 'IFDG l’Infrastructure Fédérale de données géographiques'];no;['FR', 'IT', 'EN', 'RM', 'DE'];multiple;gemet;Höhe;altitude;altitude;altitudine
24;80a03e2f-7827-4497-8f0a-62ab8816d609;['Alpenhebung', 'Soulèvement alpin', 'Innalzamento delle Alpi', 'Alpine uplift', 'Höhen', 'Altimétrie', 'Altimetria', 'Heigths', 'BGDI Bundesgeodaten-Infrastruktur', 'IFDG l’Infrastructure Fédérale de données géographiques', 'IFDG Infrastruttura federale dei dati geografici', 'FSDI Federal Spatial Data Infrastructure'];no;['FR', 'IT', 'EN', 'RM', 'DE'];multiple;gemet;Höhe;altitude;altitude;altitudine
25;935bf47a-cd72-4ae5-bba6-90ffb8c9b9e6;['Höhen', 'Altimétrie', 'Altimetria', 'Heigths', 'INSPIRE', 'INSPIRE', 'INSPIRE', 'INSPIRE', 'DOM (Digitales Oberflächenmodell)', 'MNS (modèle numérique de surface)', 'DSM (modello digitale di superficie)', 'DSM (digital surface model)', 'Höhe', 'Altitude', 'Elevazione', 'Elevation', 'National', 'Nationales', 'Nazionali', 'National'];yes;['FR', 'IT', 'EN', 'DE'];multiple;gemet;Höhe;altitude;altitude;altitudine
26;dc42da62-699d-4551-96be-0c4d93d9fa42;"['Höhen', 'Altimétrie', 'Altimetria', 'Heigths', 'Höhenkurve', 'courbe de niveau', 'curva di livello', 'contour line', 'Übersichtsplan', ""plan d'ensemble"", 'piano corografico', 'survey plan', 'Höhenpunkt', 'point altimétrique', 'punto quotato', 'spot elevation', 'Höhe', 'Altitude', 'Elevazione', 'Elevation']";yes;['FR', 'IT', 'EN', 'DE'];multiple;gemet;Höhe;altitude;altitude;altitudine
27;0aeb0281-2fc1-49e7-809b-cfc622ea2140;['INSPIRE', 'INSPIRE', 'INSPIRE', 'INSPIRE', 'Höhen', 'Altimétrie', 'Altimetria', 'Heigths', 'Bezugsrahmen', 'cadre de référence', 'quadro di riferimento', 'reference frame', 'Höhe', 'Altitude', 'Elevazione', 'Elevation', 'National', 'Nationales', 'Nazionali', 'National'];yes;['FR', 'IT', 'EN', 'DE'];multiple;gemet;Höhe;altitude;altitude;altitudine
28;7e312168-ea61-46d1-80fc-0db12742f046;['INSPIRE', 'INSPIRE', 'INSPIRE', 'INSPIRE', 'Höhen', 'Altimétrie', 'Altimetria', 'Heigths', 'DOM (Digitales Oberflächenmodell)', 'MNS (modèle numérique de surface)', 'DSM (modello digitale di superficie)', 'DSM (digital surface model)', 'Höhe', 'Altitude', 'Elevazione', 'Elevation', 'National', 'Nationales', 'Nazionali', 'National'];yes;['FR', 'IT', 'EN', 'DE'];multiple;gemet;Höhe;altitude;altitude;altitudine
29;1b97015c-ae26-461e-b3f4-e53f65b6735f;"['Digitales Terrainmodell DTM', 'modèle numérique de terrain MNT', 'modello digitale del terreno DTM', 'digital terrain model DTM', 'DHM (Digitales Höhenmodell)', ""MNA (modèle numérique d'altitude)"", 'DEM (modello digitale di elevazione)', 'DEM (digital elevation model)', 'Schummerung', 'ombrage', 'ombreggiatura', 'hillshade', 'Höhen', 'Altimétrie', 'Altimetria', 'Heigths', 'FSDI Federal Spatial Data Infrastructure', 'BGDI Bundesgeodaten-Infrastruktur', 'IFDG Infrastruttura federale dei dati geografici', 'IFDG l’Infrastructure Fédérale de données géographiques']";no;['FR', 'IT', 'EN', 'RM', 'DE'];multiple;gemet;Höhe;altitude;altitude;altitudine
30;17037efd-8fb9-4e99-9346-f03bb7e9c40f;['Höhen', 'Altimétrie', 'Altimetria', 'Heigths', 'LIDAR (Light Detection And Ranging)', 'LIDAR (Light Detection And Ranging)', 'LIDAR (Light Detection And Ranging)', 'LIDAR (Light Detection And Ranging)', 'INSPIRE', 'INSPIRE', 'INSPIRE', 'INSPIRE', 'Digitales Terrainmodell DTM', 'modèle numérique de terrain MNT', 'modello digitale del terreno DTM', 'digital terrain model DTM', 'Höhe', 'Altitude', 'Elevazione', 'Elevation', 'National', 'Nationales', 'Nazionali', 'National'];yes;['FR', 'IT', 'EN', 'DE'];multiple;gemet;Höhe;altitude;altitude;altitudine
31;3a1af678-01fa-4069-bc83-d17627725ef4;['INSPIRE', 'INSPIRE', 'INSPIRE', 'INSPIRE', 'Höhen', 'Altimétrie', 'Altimetria', 'Heigths', 'Digitales Terrainmodell DTM', 'modèle numérique de terrain MNT', 'modello digitale del terreno DTM', 'digital terrain model DTM', 'LIDAR (Light Detection And Ranging)', 'LIDAR (Light Detection And Ranging)', 'LIDAR (Light Detection And Ranging)', 'LIDAR (Light Detection And Ranging)', 'Geländedarstellung', 'représentation du terrain', 'rappresentazione del terreno', 'terrain representation', 'Höhe', 'Altitude', 'Elevazione', 'Elevation', 'Höhe', 'altitude', 'altitudine', 'altitude', 'National', 'Nationales', 'Nazionali', 'National'];yes;['FR', 'IT', 'EN', 'DE'];multiple;gemet;Höhe;altitude;altitude;altitudine
32;8791f570-4a60-4bdd-9331-fd3deaf81e50;"['DHM (Digitales Höhenmodell)', ""MNA (modèle numérique d'altitude)"", 'DEM (modello digitale di elevazione)', 'DEM (digital elevation model)', 'Höhen', 'Altimétrie', 'Altimetria', 'Heigths', 'Höhenkurve', 'courbe de niveau', 'curva di livello', 'contour line', 'Höhenpunkt', 'point altimétrique', 'punto quotato', 'spot elevation', 'LIDAR (Light Detection And Ranging)', 'LIDAR (Light Detection And Ranging)', 'LIDAR (Light Detection And Ranging)', 'LIDAR (Light Detection And Ranging)', 'Wasserstand', ""niveau d'eau"", ""livello dell'acqua"", 'water level', 'See', 'lac', 'lago', 'lake']";no;['FR', 'IT', 'EN', 'DE'];multiple;gemet;Höhe;altitude;altitude;altitudine
33;d7f820b3-fcc5-4081-a275-4036b39c0896;"['DHM (Digitales Höhenmodell)', ""MNA (modèle numérique d'altitude)"", 'DEM (modello digitale di elevazione)', 'DEM (digital elevation model)', 'Digitales Terrainmodell DTM', 'modèle numérique de terrain MNT', 'modello digitale del terreno DTM', 'digital terrain model DTM', 'Höhenpunkt', 'point altimétrique', 'punto quotato', 'spot elevation', 'Höhen', 'Altimétrie', 'Altimetria', 'Heigths', 'Laserscanning', 'laserscanning', 'laserscanning', 'laserscanning', 'Höhe', 'Altitude', 'Elevazione', 'Elevation', 'National', 'Nationales', 'Nazionali', 'National', 'Gitternetz', 'maillage', 'grigliatura', 'gridding']";yes;['FR', 'IT', 'EN', 'DE'];multiple;gemet;Höhe;altitude;altitude;altitudine
34;88fc8efd-9506-418f-a465-d7f945c7bfe8;"['INSPIRE', 'INSPIRE', 'INSPIRE', 'INSPIRE', 'Digitales Terrainmodell DTM', 'modèle numérique de terrain MNT', 'modello digitale del terreno DTM', 'digital terrain model DTM', 'Höhen', 'Altimétrie', 'Altimetria', 'Heigths', 'Rasterdaten', 'données raster', 'dati raster', 'raster data', 'DHM (Digitales Höhenmodell)', ""MNA (modèle numérique d'altitude)"", 'DEM (modello digitale di elevazione)', 'DEM (digital elevation model)', 'Höhenpunkt', 'point altimétrique', 'punto quotato', 'spot elevation', 'Laserscanning', 'laserscanning', 'laserscanning', 'laserscanning', 'Höhe', 'Altitude', 'Elevazione', 'Elevation', 'National', 'Nationales', 'Nazionali', 'National', 'Gitternetz', 'maillage', 'grigliatura', 'gridding']";yes;['FR', 'IT', 'EN', 'DE'];multiple;gemet;Höhe;altitude;altitude;altitudine
35;a1a07baa-2dfc-458e-91e7-b1710ce1de1d;"['Geographisches Informationssystem', ""système d'information géographique"", 'sistema informativo geografico', 'geographic information system', 'Vegetation', 'végétation', 'vegetazione', 'vegetation', 'Höhe', 'altitude', 'altitudine', 'altitude', 'Relief', 'relief', 'rilievo', 'relief (land)', 'Laser', 'laser', 'laser (radiazione)', 'laser', 'Höhe', 'Altitude', 'Elevazione', 'Elevation', 'Airborne-Laser-Scanning', 'Airborne-Laser-Scanning', 'Airborne-Laser-Scanning', 'Airborne-Laser-Scanning', 'LIDAR (Light Detection And Ranging)', 'LIDAR (Light Detection And Ranging)', 'LIDAR (Light Detection And Ranging)', 'LIDAR (Light Detection And Ranging)', 'Höhen', 'Altimétrie', 'Altimetria', 'Heigths', 'FSDI Federal Spatial Data Infrastructure', 'BGDI Bundesgeodaten-Infrastruktur', 'IFDG Infrastruttura federale dei dati geografici', 'IFDG l’Infrastructure Fédérale de données géographiques']";yes;['FR', 'IT', 'EN', 'RM', 'DE'];multiple;gemet;Höhe;altitude;altitude;altitudine
36;36ad08cb-ba6b-4bd4-9960-c809a1ff7a66;['Relief', 'relief', 'rilievo', 'relief (land)', 'Höhe', 'altitude', 'altitudine', 'altitude', 'Laser', 'laser', 'laser (radiazione)', 'laser', 'Vegetation', 'végétation', 'vegetazione', 'vegetation', 'Höhe', 'Altitude', 'Elevazione', 'Elevation', 'LIDAR (Light Detection And Ranging)', 'LIDAR (Light Detection And Ranging)', 'LIDAR (Light Detection And Ranging)', 'LIDAR (Light Detection And Ranging)', 'Höhen', 'Altimétrie', 'Altimetria', 'Heigths', 'Rasterdaten', 'données raster', 'dati raster', 'raster data', 'Airborne-Laser-Scanning', 'Airborne-Laser-Scanning', 'Airborne-Laser-Scanning', 'Airborne-Laser-Scanning', 'FSDI Federal Spatial Data Infrastructure', 'BGDI Bundesgeodaten-Infrastruktur', 'IFDG Infrastruttura federale dei dati geografici', 'IFDG l’Infrastructure Fédérale de données géographiques'];yes;['FR', 'IT', 'EN', 'RM', 'DE'];multiple;gemet;Höhe;altitude;altitude;altitudine
37;651fe1b8-ca54-41df-85ec-e8b9035f99a1;"['Höhe', 'altitude', 'altitudine', 'altitude', 'Laser', 'laser', 'laser (radiazione)', 'laser', 'Relief', 'relief', 'rilievo', 'relief (land)', 'Geographisches Informationssystem', ""système d'information géographique"", 'sistema informativo geografico', 'geographic information system', 'Digitales Geländemodell', 'modèle terrestre numérique', 'modello digitale del territorio', 'digital land model', 'Seebodenkurve', 'courbe des fonds des lacs', 'quota altimetrica dei laghi', 'contour in lakes', 'Höhen', 'Altimétrie', 'Altimetria', 'Heigths', 'Digitales Terrainmodell DTM', 'modèle numérique de terrain MNT', 'modello digitale del terreno DTM', 'digital terrain model DTM', 'Airborne-Laser-Scanning', 'Airborne-Laser-Scanning', 'Airborne-Laser-Scanning', 'Airborne-Laser-Scanning', 'Höhe', 'Altitude', 'Elevazione', 'Elevation']";yes;['FR', 'IT', 'EN', 'RM', 'DE'];multiple;gemet;Höhe;altitude;altitude;altitudine
38;5cb73a88-887c-432d-b3a4-f4ea2b508a51;"['Geographisches Informationssystem', ""système d'information géographique"", 'sistema informativo geografico', 'geographic information system', 'Relief', 'relief', 'rilievo', 'relief (land)', 'Höhe', 'altitude', 'altitudine', 'altitude', 'Laser', 'laser', 'laser (radiazione)', 'laser', 'Vegetation', 'végétation', 'vegetazione', 'vegetation', 'Höhe', 'Altitude', 'Elevazione', 'Elevation', 'Airborne-Laser-Scanning', 'Airborne-Laser-Scanning', 'Airborne-Laser-Scanning', 'Airborne-Laser-Scanning', 'opendata.swiss', 'opendata.swiss', 'opendata.swiss', 'opendata.swiss', 'opendata.swiss', 'LIDAR (Light Detection And Ranging)', 'LIDAR (Light Detection And Ranging)', 'LIDAR (Light Detection And Ranging)', 'LIDAR (Light Detection And Ranging)', 'Höhen', 'Altimétrie', 'Altimetria', 'Heigths', 'FSDI Federal Spatial Data Infrastructure', 'BGDI Bundesgeodaten-Infrastruktur', 'IFDG Infrastruttura federale dei dati geografici', 'IFDG l’Infrastructure Fédérale de données géographiques']";yes;['FR', 'IT', 'EN', 'RM', 'DE'];multiple;gemet;Höhe;altitude;altitude;altitudine
39;bd4f6bf2-6622-4a16-a6c8-37326ebc9012;['Relief', 'relief', 'rilievo', 'relief (land)', 'Laser', 'laser', 'laser (radiazione)', 'laser', 'Vegetation', 'végétation', 'vegetazione', 'vegetation', 'Höhe', 'altitude', 'altitudine', 'altitude', 'Höhe', 'Altitude', 'Elevazione', 'Elevation', 'LIDAR (Light Detection And Ranging)', 'LIDAR (Light Detection And Ranging)', 'LIDAR (Light Detection And Ranging)', 'LIDAR (Light Detection And Ranging)', 'Höhen', 'Altimétrie', 'Altimetria', 'Heigths', 'Rasterdaten', 'données raster', 'dati raster', 'raster data', 'Airborne-Laser-Scanning', 'Airborne-Laser-Scanning', 'Airborne-Laser-Scanning', 'Airborne-Laser-Scanning'];yes;['FR', 'IT', 'EN', 'RM', 'DE'];multiple;gemet;Höhe;altitude;altitude;altitudine
40;b0840d78-9dcb-4881-98b0-704f5cb85214;['Rohrleitung', 'Liegenschaft', 'Bodenbedeckung', 'Höhen', 'Fixpunkt', 'Amtliche Vermessung AV', 'Einzelobjekt', 'Dauernde Bodenverschiebung', 'Hoheitsgrenze', 'Administrative Einteilung', 'Gebäudeadresse', 'Nomenklatur'];no;['ger'];ger;gemet;Höhe;altitude;altitude;altitudine
41;81949e93-f552-42b6-ab4b-5a2d529a7768;"['Laser', 'laser', 'laser (radiazione)', 'laser', 'Geographisches Informationssystem', ""système d'information géographique"", 'sistema informativo geografico', 'geographic information system', 'Höhe', 'altitude', 'altitudine', 'altitude', 'Digitales Geländemodell', 'modèle terrestre numérique', 'modello digitale del territorio', 'digital land model', 'Relief', 'relief', 'rilievo', 'relief (land)', 'opendata.swiss', 'opendata.swiss', 'opendata.swiss', 'opendata.swiss', 'opendata.swiss', 'Höhen', 'Altimétrie', 'Altimetria', 'Heigths', 'Seebodenkurve', 'courbe des fonds des lacs', 'quota altimetrica dei laghi', 'contour in lakes', 'Airborne-Laser-Scanning', 'Airborne-Laser-Scanning', 'Airborne-Laser-Scanning', 'Airborne-Laser-Scanning', 'Digitales Terrainmodell DTM', 'modèle numérique de terrain MNT', 'modello digitale del terreno DTM', 'digital terrain model DTM', 'Höhe', 'Altitude', 'Elevazione', 'Elevation', 'FSDI Federal Spatial Data Infrastructure', 'BGDI Bundesgeodaten-Infrastruktur', 'IFDG Infrastruttura federale dei dati geografici', 'IFDG l’Infrastructure Fédérale de données géographiques']";yes;['FR', 'IT', 'EN', 'RM', 'DE'];multiple;gemet;Höhe;altitude;altitude;altitudine
42;f8ec7564-4d7f-4636-8368-efb9b7377017;"['Vektor', 'vecteur', 'vettore', 'vector', 'Nomenklatur', 'nomenclature', 'nomenclatura', 'nomenclature', 'Rohrleitung', 'pipeline', 'condotta', 'pipeline', 'Plan', 'plan', 'piano', 'plan', 'Liegenschaft', 'bien-fonds', 'bene immobile', 'immoveable property', 'Höhen', 'Altimétrie', 'Altimetria', 'Heigths', 'INSPIRE', 'INSPIRE', 'INSPIRE', 'INSPIRE', 'Amtliche Vermessung AV', 'mensuration officielle MO', 'misurazione ufficiale MU', 'cadastral surveying', 'Einzelobjekt', 'objet divers', 'oggetto singolo', 'single object', 'Planeinteilung', 'répartition du plan', 'ripartizione del piano', 'plan division', 'Landesgrenze', 'frontière nationale', 'confine nazionale', 'national border', 'Hoheitsgrenze', 'limite territoriale', 'confine giurisdizionale', 'sovereign border', 'Administrative Einteilung', 'division administrative', 'divisione amministrativa', 'administrative division', 'Toleranzstufe', 'niveau de tolérance', 'grado di tolleranza', 'tolerance level', 'Nummerierungsbereich', 'domaine de numérotation', 'area di numerazione', 'numbering range', 'Fixpunkt', 'point fixe', 'punto fisso', 'fixpoint', 'Ort', 'localité', 'località', 'place', 'Postleitzahl PLZ', ""numéro postal d'acheminement NPA"", ""numero postale d'avviamento NPA"", 'post code', 'Gebäudeadresse', 'adresse de bâtiment', 'indirizzo di edificio', 'building address', 'Gewässernetz', 'Hydrographie', 'Idrografia', 'Hydrography', 'Geografische Bezeichnungen', 'Dénominations géographiques', 'Nomi geografici', 'Geographical names', 'Gebäude', 'Bâtiments', 'Edifici', 'Buildings', 'Flurstücke/Grundstücke (Katasterparzellen)', 'Parcelles cadastrales', 'Parcelle catastali', 'Cadastral parcels', 'Bodenbedeckung', 'Occupation des terres', 'Copertura del suolo', 'Land cover', 'National', 'Nationales', 'Nazionali', 'National', 'Verwaltungsgrenze', 'limite administrative', 'confine amministrativo', 'administrative boundary', 'Gemeinde', 'commune', 'comune', 'municipality']";no;['FR', 'IT', 'EN', 'DE'];multiple;gemet;Höhe;altitude;altitude;altitudine
43;E84DD3F7-EADA-42D7-9020-60EEFFFBFA51;['Altimétrie', 'Höhen', 'Altimetria', 'Heigths', 'altitude', 'Höhe', 'altitudine', 'altitude', 'Altitude', 'Höhe', 'Elevazione', 'Elevation'];yes;['DE', 'IT', 'EN', 'FR'];multiple;gemet;Höhe;altitude;altitude;altitudine
44;782be445-f8d8-4270-b6bc-93c9b3191059;['Altimétrie', 'Höhen', 'Altimetria', 'Heigths', 'Cantonal', 'Kantonal', 'Cantonale', 'Cantonal'];no;['DE', 'IT', 'EN', 'FR'];multiple;gemet;Höhe;altitude;altitude;altitudine
45;eec25ec2-1fa5-4bd5-b3fa-15755ce96c9b;['Cantonal', 'Kantonal', 'Cantonale', 'Cantonal', 'Altimétrie', 'Höhen', 'Altimetria', 'Heigths'];no;['DE', 'IT', 'EN', 'FR'];multiple;gemet;Höhe;altitude;altitude;altitudine
46;0a209a64-c6d9-43b6-87ef-0153c7e2f69c;['Altimétrie', 'Höhen', 'Altimetria', 'Heigths', 'Cantonal', 'Kantonal', 'Cantonale', 'Cantonal'];no;['DE', 'IT', 'EN', 'FR'];multiple;gemet;Höhe;altitude;altitude;altitudine
47;0f522704-d90d-49b9-a2aa-f792aff721c8;['Altimétrie', 'Höhen', 'Altimetria', 'Heigths', 'Cantonal', 'Kantonal', 'Cantonale', 'Cantonal'];no;['DE', 'IT', 'EN', 'FR'];multiple;gemet;Höhe;altitude;altitude;altitudine
48;49ffb52d-7cd6-4fa7-855b-d7f77d137e9e;"['Altimétrie', 'Höhen', 'Altimetria', 'Heigths', ""MNA (modèle numérique d'altitude)"", 'DHM (Digitales Höhenmodell)', 'DEM (modello digitale di elevazione)', 'DEM (digital elevation model)']";no;['DE', 'IT', 'EN', 'FR'];multiple;gemet;Höhe;altitude;altitude;altitudine
49;035ab940-70e9-424a-a059-f92c5bf581fb;['Altimétrie', 'Höhen', 'Altimetria', 'Heigths', 'mensuration officielle MO', 'Amtliche Vermessung AV', 'misurazione ufficiale MU', 'cadastral surveying'];no;['DE', 'IT', 'EN', 'FR'];multiple;gemet;Höhe;altitude;altitude;altitudine
50;1ae0ba9d-d8a4-46c2-a6b3-3e9e72a847c2;['Altimétrie', 'Höhen', 'Altimetria', 'Heigths', 'Cantonal', 'Kantonal', 'Cantonale', 'Cantonal', 'pente', 'Hang', 'pendio', 'slope', 'relief', 'Relief', 'rilievo', 'relief (land)'];no;['DE', 'IT', 'EN', 'FR'];multiple;gemet;Höhe;altitude;altitude;altitudine
51;a3727515-bf8c-4892-aeaa-6b89c6b9c942;['Altimétrie', 'Höhen', 'Altimetria', 'Heigths', 'modèle numérique de terrain MNT', 'Digitales Terrainmodell DTM', 'modello digitale del terreno DTM', 'digital terrain model DTM', 'Cantonal', 'Kantonal', 'Cantonale', 'Cantonal'];no;['DE', 'IT', 'EN', 'FR'];multiple;gemet;Höhe;altitude;altitude;altitudine
52;562dd2ad-440e-47fa-83dd-073a28965be3;['Altimétrie', 'Höhen', 'Altimetria', 'Heigths', 'MNS (modèle numérique de surface)', 'DOM (Digitales Oberflächenmodell)', 'DSM (modello digitale di superficie)', 'DSM (digital surface model)', 'Cantonal', 'Kantonal', 'Cantonale', 'Cantonal', 'trame', 'Raster', 'raster', 'raster'];no;['DE', 'IT', 'EN', 'FR'];multiple;gemet;Höhe;altitude;altitude;altitudine
53;673f7f5a-b116-48dc-8b13-bc2b99fe5e3e;['Cantonal', 'Kantonal', 'Cantonale', 'Cantonal', 'Altimétrie', 'Höhen', 'Altimetria', 'Heigths', 'modèle numérique de terrain MNT', 'Digitales Terrainmodell DTM', 'modello digitale del terreno DTM', 'digital terrain model DTM', 'trame', 'Raster', 'raster', 'raster'];no;['DE', 'IT', 'EN', 'FR'];multiple;gemet;Höhe;altitude;altitude;altitudine
54;ae8df5d9-6c76-460a-926a-9399eda85428;['Altimétrie', 'Höhen', 'Altimetria', 'Heigths', 'Cantonal', 'Kantonal', 'Cantonale', 'Cantonal', 'relief', 'Relief', 'rilievo', 'relief (land)', 'pente', 'Hang', 'pendio', 'slope'];no;['DE', 'IT', 'EN', 'FR'];multiple;gemet;Höhe;altitude;altitude;altitudine
55;ea48ea72-893e-4ef8-a1fb-d79595790925;['Altimétrie', 'Höhen', 'Altimetria', 'Heigths', 'Cantonal', 'Kantonal', 'Cantonale', 'Cantonal', 'relief', 'Relief', 'rilievo', 'relief (land)', 'pente', 'Hang', 'pendio', 'slope'];no;['DE', 'IT', 'EN', 'FR'];multiple;gemet;Höhe;altitude;altitude;altitudine
56;4133bb41-410a-44c4-b950-e284ac7f9935;['Cantonal', 'Kantonal', 'Cantonale', 'Cantonal', 'Altimétrie', 'Höhen', 'Altimetria', 'Heigths', 'relief', 'Relief', 'rilievo', 'relief (land)', 'pente', 'Hang', 'pendio', 'slope'];no;['DE', 'IT', 'EN', 'FR'];multiple;gemet;Höhe;altitude;altitude;altitudine
57;278955f6-2732-491d-a229-95ba198721f7;['Altimétrie', 'Höhen', 'Altimetria', 'Heigths', 'modèle numérique de terrain MNT', 'Digitales Terrainmodell DTM', 'modello digitale del terreno DTM', 'digital terrain model DTM', 'LIDAR (Light Detection And Ranging)', 'LIDAR (Light Detection And Ranging)', 'LIDAR (Light Detection And Ranging)', 'LIDAR (Light Detection And Ranging)', 'MNS (modèle numérique de surface)', 'DOM (Digitales Oberflächenmodell)', 'DSM (modello digitale di superficie)', 'DSM (digital surface model)', 'Höhenkurve', 'courbe de niveau', 'curva di livello', 'contour line'];no;['DE', 'IT', 'EN', 'FR'];multiple;gemet;Höhe;altitude;altitude;altitudine
58;1336fa70-b5ae-42c7-ac6b-823f2faf6cbf;['LIDAR (Light Detection And Ranging)', 'LIDAR (Light Detection And Ranging)', 'LIDAR (Light Detection And Ranging)', 'LIDAR (Light Detection And Ranging)', 'Altimétrie', 'Höhen', 'Altimetria', 'Heigths', 'modèle numérique de terrain MNT', 'Digitales Terrainmodell DTM', 'modello digitale del terreno DTM', 'digital terrain model DTM', 'MNS (modèle numérique de surface)', 'DOM (Digitales Oberflächenmodell)', 'DSM (modello digitale di superficie)', 'DSM (digital surface model)', 'Höhenkurve', 'courbe de niveau', 'curva di livello', 'contour line'];no;['DE', 'IT', 'EN', 'FR'];multiple;gemet;Höhe;altitude;altitude;altitudine
59;ba88d24b-0b78-45d4-bbd6-7255f8fc3dbe;['Altimétrie', 'Höhen', 'Altimetria', 'Heigths', 'LIDAR (Light Detection And Ranging)', 'LIDAR (Light Detection And Ranging)', 'LIDAR (Light Detection And Ranging)', 'LIDAR (Light Detection And Ranging)', 'MNS (modèle numérique de surface)', 'DOM (Digitales Oberflächenmodell)', 'DSM (modello digitale di superficie)', 'DSM (digital surface model)', 'modèle numérique de terrain MNT', 'Digitales Terrainmodell DTM', 'modello digitale del terreno DTM', 'digital terrain model DTM', 'Höhenkurve', 'courbe de niveau', 'curva di livello', 'contour line'];no;['DE', 'IT', 'EN', 'FR'];multiple;gemet;Höhe;altitude;altitude;altitudine
60;5a10b8d5-87ff-40d2-946b-125686dbd927;['Altimétrie', 'Höhen', 'Altimetria', 'Heigths', 'modèle numérique de terrain MNT', 'Digitales Terrainmodell DTM', 'modello digitale del terreno DTM', 'digital terrain model DTM', 'LIDAR (Light Detection And Ranging)', 'LIDAR (Light Detection And Ranging)', 'LIDAR (Light Detection And Ranging)', 'LIDAR (Light Detection And Ranging)', 'MNS (modèle numérique de surface)', 'DOM (Digitales Oberflächenmodell)', 'DSM (modello digitale di superficie)', 'DSM (digital surface model)', 'Höhenkurve', 'courbe de niveau', 'curva di livello', 'contour line'];no;['DE', 'IT', 'EN', 'FR'];multiple;gemet;Höhe;altitude;altitude;altitudine
61;cb6194e9-aeef-471d-b357-b9c695870c42;['Altimétrie', 'Höhen', 'Altimetria', 'Heigths', 'LIDAR (Light Detection And Ranging)', 'LIDAR (Light Detection And Ranging)', 'LIDAR (Light Detection And Ranging)', 'LIDAR (Light Detection And Ranging)', 'modèle numérique de terrain MNT', 'Digitales Terrainmodell DTM', 'modello digitale del terreno DTM', 'digital terrain model DTM', 'MNS (modèle numérique de surface)', 'DOM (Digitales Oberflächenmodell)', 'DSM (modello digitale di superficie)', 'DSM (digital surface model)', 'Höhenkurve', 'courbe de niveau', 'curva di livello', 'contour line'];no;['DE', 'IT', 'EN', 'FR'];multiple;gemet;Höhe;altitude;altitude;altitudine
62;41ee9819-e1a1-43b8-9b37-c8495b452165;"['orographie', 'Orographie', 'orografia', 'orography', 'relief', 'Relief', 'rilievo', 'relief (land)', ""MNA (modèle numérique d'altitude)"", 'DHM (Digitales Höhenmodell)', 'DEM (modello digitale di elevazione)', 'DEM (digital elevation model)', 'topographie', 'Topografie', 'topografia', 'topography', 'Altimétrie', 'Höhen', 'Altimetria', 'Heigths', 'courbe de niveau', 'Höhenkurve', 'curva di livello', 'contour line', 'Altitude', 'Höhe', 'Elevazione', 'Elevation']";yes;['DE', 'IT', 'EN', 'FR'];multiple;gemet;Höhe;altitude;altitude;altitudine
63;5a960f57-1ef7-4dd8-a653-9fb68baca0c6;['Altimétrie', 'Höhen', 'Altimetria', 'Heigths', 'modèle numérique de terrain MNT', 'Digitales Terrainmodell DTM', 'modello digitale del terreno DTM', 'digital terrain model DTM', 'LIDAR (Light Detection And Ranging)', 'LIDAR (Light Detection And Ranging)', 'LIDAR (Light Detection And Ranging)', 'LIDAR (Light Detection And Ranging)', 'MNS (modèle numérique de surface)', 'DOM (Digitales Oberflächenmodell)', 'DSM (modello digitale di superficie)', 'DSM (digital surface model)', 'orthophoto', 'Orthofoto', 'ortofoto', 'orthophoto', 'Höhenkurve', 'courbe de niveau', 'curva di livello', 'contour line'];no;['DE', 'IT', 'EN', 'FR'];multiple;gemet;Höhe;altitude;altitude;altitudine
64;9c059550-1cf7-4338-aa51-f39474a67639;['Altimétrie', 'Höhen', 'Altimetria', 'Heigths', 'modèle numérique de terrain MNT', 'Digitales Terrainmodell DTM', 'modello digitale del terreno DTM', 'digital terrain model DTM', 'MNS (modèle numérique de surface)', 'DOM (Digitales Oberflächenmodell)', 'DSM (modello digitale di superficie)', 'DSM (digital surface model)', 'LIDAR (Light Detection And Ranging)', 'LIDAR (Light Detection And Ranging)', 'LIDAR (Light Detection And Ranging)', 'LIDAR (Light Detection And Ranging)', 'orthophoto', 'Orthofoto', 'ortofoto', 'orthophoto', 'Höhenkurve', 'courbe de niveau', 'curva di livello', 'contour line'];no;['DE', 'IT', 'EN', 'FR'];multiple;gemet;Höhe;altitude;altitude;altitudine
65;b49e7236-3b9f-4396-978c-a5fd62060644;"['altitude', 'Höhe', 'altitudine', 'altitude', 'laser', 'Laser', 'laser (radiazione)', 'laser', 'orographie', 'Orographie', 'orografia', 'orography', 'relief', 'Relief', 'rilievo', 'relief (land)', 'laserscanning', 'Laserscanning', 'laserscanning', 'laserscanning', 'modèle numérique de terrain MNT', 'Digitales Terrainmodell DTM', 'modello digitale del terreno DTM', 'digital terrain model DTM', 'terrain', 'Grundstück', 'fondo', 'site', ""MNA (modèle numérique d'altitude)"", 'DHM (Digitales Höhenmodell)', 'DEM (modello digitale di elevazione)', 'DEM (digital elevation model)', 'Altimétrie', 'Höhen', 'Altimetria', 'Heigths']";yes;['DE', 'IT', 'EN', 'RM', 'FR'];multiple;gemet;Höhe;altitude;altitude;altitudine
66;ddffb342-5585-4744-a056-69aaccfc2719;"['topographie', 'Topografie', 'topografia', 'topography', ""MNA (modèle numérique d'altitude)"", 'DHM (Digitales Höhenmodell)', 'DEM (modello digitale di elevazione)', 'DEM (digital elevation model)', 'Altimétrie', 'Höhen', 'Altimetria', 'Heigths', 'ombrage', 'Schummerung', 'ombreggiatura', 'hillshade', 'terrain', 'Grundstück', 'fondo', 'site', 'relief', 'Relief', 'rilievo', 'relief (land)', 'orographie', 'Orographie', 'orografia', 'orography', 'laser', 'Laser', 'laser (radiazione)', 'laser', 'Altitude', 'Höhe', 'Elevazione', 'Elevation']";yes;['DE', 'IT', 'EN', 'FR'];multiple;gemet;Höhe;altitude;altitude;altitudine
67;c1fa7457-9ff1-4263-b4fb-364bb2da2ac8;"['Altimétrie', 'Höhen', 'Altimetria', 'Heigths', 'courbe de niveau', 'Höhenkurve', 'curva di livello', 'contour line', 'topographie', 'Topografie', 'topografia', 'topography', 'terrain', 'Grundstück', 'fondo', 'site', ""MNA (modèle numérique d'altitude)"", 'DHM (Digitales Höhenmodell)', 'DEM (modello digitale di elevazione)', 'DEM (digital elevation model)', 'orographie', 'Orographie', 'orografia', 'orography', 'laser', 'Laser', 'laser (radiazione)', 'laser', 'relief', 'Relief', 'rilievo', 'relief (land)', 'Altitude', 'Höhe', 'Elevazione', 'Elevation']";yes;['DE', 'IT', 'EN', 'FR'];multiple;gemet;Höhe;altitude;altitude;altitudine
68;68d685ef-6bd7-4faf-ba50-c183a475dc70;"['terrain', 'Grundstück', 'fondo', 'site', ""MNA (modèle numérique d'altitude)"", 'DHM (Digitales Höhenmodell)', 'DEM (modello digitale di elevazione)', 'DEM (digital elevation model)', 'Altimétrie', 'Höhen', 'Altimetria', 'Heigths', 'topographie', 'Topografie', 'topografia', 'topography', 'relief', 'Relief', 'rilievo', 'relief (land)', 'orographie', 'Orographie', 'orografia', 'orography', 'laser', 'Laser', 'laser (radiazione)', 'laser', 'Altitude', 'Höhe', 'Elevazione', 'Elevation']";yes;['DE', 'IT', 'EN', 'FR'];multiple;gemet;Höhe;altitude;altitude;altitudine
69;448009c1-0a93-4ed5-9008-649826e7a433;"['topographie', 'Topografie', 'topografia', 'topography', 'Altimétrie', 'Höhen', 'Altimetria', 'Heigths', 'terrain', 'Grundstück', 'fondo', 'site', ""MNA (modèle numérique d'altitude)"", 'DHM (Digitales Höhenmodell)', 'DEM (modello digitale di elevazione)', 'DEM (digital elevation model)', 'laser', 'Laser', 'laser (radiazione)', 'laser', 'relief', 'Relief', 'rilievo', 'relief (land)', 'orographie', 'Orographie', 'orografia', 'orography', 'Altitude', 'Höhe', 'Elevazione', 'Elevation']";yes;['DE', 'IT', 'EN', 'FR'];multiple;gemet;Höhe;altitude;altitude;altitudine
70;b629e2bb-40d0-46ef-ae3c-ad18cbcb3eb1;"['topographie', 'Topografie', 'topografia', 'topography', 'terrain', 'Grundstück', 'fondo', 'site', 'Altimétrie', 'Höhen', 'Altimetria', 'Heigths', ""MNA (modèle numérique d'altitude)"", 'DHM (Digitales Höhenmodell)', 'DEM (modello digitale di elevazione)', 'DEM (digital elevation model)', 'relief', 'Relief', 'rilievo', 'relief (land)', 'laser', 'Laser', 'laser (radiazione)', 'laser', 'orographie', 'Orographie', 'orografia', 'orography', 'Altitude', 'Höhe', 'Elevazione', 'Elevation']";yes;['DE', 'IT', 'EN', 'FR'];multiple;gemet;Höhe;altitude;altitude;altitudine
71;4ffddd26-7d2c-45f6-9ecc-26afd339d25a;"['topographie', 'Topografie', 'topografia', 'topography', 'terrain', 'Grundstück', 'fondo', 'site', ""MNA (modèle numérique d'altitude)"", 'DHM (Digitales Höhenmodell)', 'DEM (modello digitale di elevazione)', 'DEM (digital elevation model)', 'Altimétrie', 'Höhen', 'Altimetria', 'Heigths', 'ombrage', 'Schummerung', 'ombreggiatura', 'hillshade', 'orographie', 'Orographie', 'orografia', 'orography', 'relief', 'Relief', 'rilievo', 'relief (land)', 'laser', 'Laser', 'laser (radiazione)', 'laser', 'Altitude', 'Höhe', 'Elevazione', 'Elevation']";yes;['DE', 'IT', 'EN', 'FR'];multiple;gemet;Höhe;altitude;altitude;altitudine
