﻿;uuid;keywords;new_kw_present;languages;multiple_languages;type;new_kw_de;new_kw_fr;new_kw_en;new_kw_it
0;db661de9-03b7-4f88-a941-50d7b5629fdf;['Planung', 'planification', 'pianificazione', 'planning', 'Kantonal', 'Cantonal', 'Cantonale', 'Cantonal', 'Ortsplanung', 'aménagement local', 'pianificazione locale', 'local planning'];no;['FR', 'IT', 'EN', 'DE'];multiple;geocat;Kanton;canton;canton;cantone
1;df192088-d5c8-4a83-bbef-f522b8e8f69d;['Kantonal', 'Ortsplanung', 'Planung', 'Raumordnung und -planung'];no;['ger'];ger;geocat;Kanton;canton;canton;cantone
2;5327cb7b-269b-4d02-b199-19418ee33d54;['Luftbild', 'photographie aérienne', 'fotografia aerea (immagine)', 'aerial photograph', 'Luftbild', 'photographie aérienne', 'fotografia aerea (immagine)', 'aerial photograph', 'Kantonal', 'Cantonal', 'Cantonale', 'Cantonal', 'Orthofotografie', 'Ortho-imagerie', 'Orto immagini', 'Orthoimagery', 'FSDI Federal Spatial Data Infrastructure', 'BGDI Bundesgeodaten-Infrastruktur', 'IFDG Infrastruttura federale dei dati geografici', 'IFDG l’Infrastructure Fédérale de données géographiques'];no;['FR', 'IT', 'EN', 'RM', 'DE'];multiple;geocat;Kanton;canton;canton;cantone
3;c4a0f220-e4ff-4910-bebe-fbfbcc812be2;"['Nutzungsplanung', ""planification de l'utilisation du sol"", ""pianificazione dell'utilizzazione"", 'land use planning', 'Kantonal', 'Cantonal', 'Cantonale', 'Cantonal', 'Detailplan', 'plan détaillé', 'piano particolareggiato', 'detailled plan', 'Regional', 'régional', 'regionale', 'regional']";no;['FR', 'IT', 'EN', 'DE'];multiple;geocat;Kanton;canton;canton;cantone
4;ec7085ca-caae-43fe-9820-28bffa0b4787;['Planung', 'planification', 'pianificazione', 'planning', 'Kantonal', 'Cantonal', 'Cantonale', 'Cantonal', 'Ortsplanung', 'aménagement local', 'pianificazione locale', 'local planning'];no;['FR', 'IT', 'EN', 'DE'];multiple;geocat;Kanton;canton;canton;cantone
5;2d6dd6f4-d926-41a6-a521-7eb0af6b743f;['Erschliessung', 'Kantonal', 'Ortsplanung', 'Planung', 'Raumordnung und -planung'];no;['ger'];ger;geocat;Kanton;canton;canton;cantone
6;9d5124e5-2f76-49e2-8d13-80136e0719f3;['Kantonal', 'Ortsplanung', 'Erschliessung', 'Raumordnung und -planung', 'Planung'];no;['ger'];ger;geocat;Kanton;canton;canton;cantone
7;8430afd9-6c32-4518-9a59-c9afaf202de9;['Ortsplanung', 'Kantonal', 'Erschliessung', 'Raumordnung und -planung', 'Planung'];no;['ger'];ger;geocat;Kanton;canton;canton;cantone
8;9c10edb5-5eac-4d01-b8d7-dd73abde6668;['Erschliessung', 'Kantonal', 'Ortsplanung', 'Raumordnung und -planung', 'Planung'];no;['ger'];ger;geocat;Kanton;canton;canton;cantone
9;3e525369-d287-4f9f-8968-edbcd37242cd;['Kantonal', 'Erschliessung', 'Ortsplanung', 'Raumordnung und -planung', 'Planung'];no;['ger'];ger;geocat;Kanton;canton;canton;cantone
10;7ecb5673-6443-4e92-bf26-d5ecbf8f772a;['Kantonal', 'Ortsplanung', 'Erschliessung', 'Planung', 'Raumordnung und -planung'];no;['ger'];ger;geocat;Kanton;canton;canton;cantone
11;b587df9a-17e6-4279-8b43-b9e5e745cf51;['Erschliessung', 'Ortsplanung', 'Kantonal', 'Kantonal', 'Planung', 'Raumordnung und -planung'];no;['ger'];ger;geocat;Kanton;canton;canton;cantone
12;2e0cb294-55c8-4f30-ba89-a034702428af;['Ortsplanung', 'Erschliessung', 'Kantonal', 'Raumordnung und -planung', 'Planung'];no;['ger'];ger;geocat;Kanton;canton;canton;cantone
13;71edc6b1-738c-4cc3-ba10-0ed7e99efce5;"['Nutzungszone', ""zone d'affectation"", 'zona di utilizzazione', 'land use zone', 'Nutzungsplan', ""plan d'affectation"", ""piano d'utilizzazione"", 'land use plan', 'Zonenplan', 'plan de zones', 'piano delle zone', 'zoning plan', 'Kantonal', 'Cantonal', 'Cantonale', 'Cantonal', 'Flächennutzungsplan', ""plan d'occupation des sols"", 'piano di uso del suolo', 'land use plan']";no;['FR', 'IT', 'EN', 'RM', 'DE'];multiple;geocat;Kanton;canton;canton;cantone
14;9962ff45-f902-4191-a701-9fce6dd1b808;"['Nutzungsplan', ""plan d'affectation"", ""piano d'utilizzazione"", 'land use plan', 'Kantonal', 'Cantonal', 'Cantonale', 'Cantonal', 'ÖREB', 'RDPPF', 'RDPP', 'OeREB', 'Strasse', 'route', 'strada', 'road', 'Flächennutzungsplan', ""plan d'occupation des sols"", 'piano di uso del suolo', 'land use plan']";no;['FR', 'IT', 'EN', 'RM', 'DE'];multiple;geocat;Kanton;canton;canton;cantone
15;4ba94385-c7fa-4d0b-89a6-9312ee0e7539;['Ortsplanung', 'Kantonal', 'Erschliessung', 'Planung', 'Raumordnung und -planung'];no;['ger'];ger;geocat;Kanton;canton;canton;cantone
16;14c89d83-f68c-44f6-99e6-91c8a0f8b373;['Ortsplanung', 'Kantonal', 'Erschliessung', 'Planung', 'Raumordnung und -planung'];no;['ger'];ger;geocat;Kanton;canton;canton;cantone
17;62e70fff-37ad-434b-9e40-e46b46377164;['Kantonal', 'Ortsplanung', 'Erschliessung', 'Planung', 'Raumordnung und -planung'];no;['ger'];ger;geocat;Kanton;canton;canton;cantone
18;8e553d82-d12d-4caa-a5fb-835932637b64;['Ortsplanung', 'Erschliessung', 'Kantonal', 'Erschliessung', 'Planung', 'Raumordnung und -planung'];no;['ger'];ger;geocat;Kanton;canton;canton;cantone
19;11423062-14f9-4722-b62c-a0e400b0fea8;['Ortsplanung', 'Kantonal', 'Erschliessung', 'Raumordnung und -planung', 'Planung'];no;['ger'];ger;geocat;Kanton;canton;canton;cantone
20;878a63a4-06bb-4c11-bee3-e639b9bff05b;['Ortsplanung', 'Kantonal', 'Erschliessung', 'Planung', 'Raumordnung und -planung'];no;['ger'];ger;geocat;Kanton;canton;canton;cantone
21;f39a9f84-ecb2-4f9a-bfae-9a5ccce07bdf;['Kantonal', 'Ortsplanung', 'Erschliessung', 'Planung', 'Raumordnung und -planung'];no;['ger'];ger;geocat;Kanton;canton;canton;cantone
22;008778a6-beaf-43ed-97f7-db218c30abcf;['Kantonal', 'Erschliessung', 'Ortsplanung', 'Planung', 'Raumordnung und -planung'];no;['ger'];ger;geocat;Kanton;canton;canton;cantone
23;08dcf22c-28d4-4553-9e11-fdc0de01562f;['Kantonal', 'Ortsplanung', 'Erschliessung', 'Raumordnung und -planung', 'Planung'];no;['ger'];ger;geocat;Kanton;canton;canton;cantone
24;117d2974-d7af-473f-98ac-5f377380e478;['Ortsplanung', 'Kantonal', 'Erschliessung', 'Raumordnung und -planung', 'Planung'];no;['ger'];ger;geocat;Kanton;canton;canton;cantone
25;1e629121-602e-4417-9427-da28efb68857;['Ortsplanung', 'Kantonal', 'Erschliessung', 'Raumordnung und -planung', 'Planung'];no;['ger'];ger;geocat;Kanton;canton;canton;cantone
26;588bee0b-b818-4d8f-b322-f2765c601b6b;['Kantonal', 'Cantonal', 'Cantonale', 'Cantonal', 'Kanton', 'canton', 'cantone', 'canton', 'Hoheitsgrenze', 'limite territoriale', 'confine giurisdizionale', 'sovereign border', 'Grenze', 'bordure', 'frontiera', 'border', 'opendata.swiss', 'opendata.swiss', 'opendata.swiss', 'opendata.swiss'];yes;['FR', 'IT', 'EN', 'DE'];multiple;geocat;Kanton;canton;canton;cantone
27;fc96283b-05d3-498a-a577-806620dde332;['Naturschutz', 'Pflanzenschutz', 'Biotop', 'Natürliche Lebensräume, Landschaft, Ökosysteme', 'Kantonal', 'Flachmoor'];no;['ger'];ger;geocat;Kanton;canton;canton;cantone
28;6f0689f3-a860-4279-8235-e0e33c461946;['Pflanzenschutz', 'Biotop', 'Naturschutz', 'Wiese', 'Kantonal', 'Flachmoor'];no;['ger'];ger;geocat;Kanton;canton;canton;cantone
29;9eee6d40-f0a6-46c9-94ad-69679b9f3d38;['Verwaltungseinheiten', 'Unités administratives', 'Unità amministrative', 'Administrative units', 'Kantonal', 'Cantonal', 'Cantonale', 'Cantonal', 'opendata.swiss', 'opendata.swiss', 'opendata.swiss', 'opendata.swiss', 'opendata.swiss', 'BGDI Bundesgeodaten-Infrastruktur', 'IFDG l’Infrastructure Fédérale de données géographiques', 'IFDG Infrastruttura federale dei dati geografici', 'FSDI Federal Spatial Data Infrastructure', 'Kanton', 'canton', 'cantone', 'canton', 'Verwaltungsgrenze', 'limite administrative', 'confine amministrativo', 'administrative boundary'];yes;['FR', 'IT', 'EN', 'RM', 'DE'];multiple;geocat;Kanton;canton;canton;cantone
30;4aa954c6-2d71-4d96-ab85-cb5fb128be8e;['Bezirk', 'district', 'distretto', 'district', 'Kantonal', 'Cantonal', 'Cantonale', 'Cantonal', 'Grossregion', 'grande région', 'grande regione', 'major region', 'Politische Grenze', 'limite politique', 'confine politico', 'political boundary', 'Kartografische Generalisierung', 'généralisation cartographique', 'generalizzazione cartografica', 'cartographic generalisation', 'Gemeinde', 'commune', 'comune', 'municipality', 'See', 'lac', 'lago', 'lake', 'Region', 'région', 'regione', 'region', 'FSDI Federal Spatial Data Infrastructure', 'BGDI Bundesgeodaten-Infrastruktur', 'IFDG Infrastruttura federale dei dati geografici', 'IFDG l’Infrastructure Fédérale de données géographiques', 'Verwaltungsgrenze', 'limite administrative', 'confine amministrativo', 'administrative boundary'];no;['FR', 'IT', 'EN', 'RM', 'DE'];multiple;geocat;Kanton;canton;canton;cantone
31;68924d22-bc42-425e-bbcc-a2f75c5c796c;['Grossregion', 'grande région', 'grande regione', 'major region', 'Bezirk', 'district', 'distretto', 'district', 'Kartografische Generalisierung', 'généralisation cartographique', 'generalizzazione cartografica', 'cartographic generalisation', 'Politische Grenze', 'limite politique', 'confine politico', 'political boundary', 'Kantonal', 'Cantonal', 'Cantonale', 'Cantonal', 'See', 'lac', 'lago', 'lake', 'Gemeinde', 'commune', 'comune', 'municipality', 'Region', 'région', 'regione', 'region', 'FSDI Federal Spatial Data Infrastructure', 'BGDI Bundesgeodaten-Infrastruktur', 'IFDG Infrastruttura federale dei dati geografici', 'IFDG l’Infrastructure Fédérale de données géographiques', 'Verwaltungsgrenze', 'limite administrative', 'confine amministrativo', 'administrative boundary'];no;['FR', 'IT', 'EN', 'RM', 'DE'];multiple;geocat;Kanton;canton;canton;cantone
32;be3cbf57-d9fe-4af1-83af-2d47da143d00;['Geobasisdaten', 'géodonnées de base', 'geodati di base', 'official geodata', 'Route', 'itinéraire', 'itinerario', 'route', 'geodienste.ch', 'geodienste.ch', 'geodienste.ch', 'geodienste.ch', 'Kantonale Ausnahmetransportrouten KATR', 'itinéraires cantonaux pour convois exceptionnels', 'itinerari cantonali per trasporti eccezionali', 'cantonal routes for exceptional loads', 'Kantonal', 'Cantonal', 'Cantonale', 'Cantonal', 'Versorgungsroute', 'route d’approvisionnement', 'via di approvvigionamento', 'supply route', 'Minimales Geodatenmodel MGDM', 'modèle de géodonnées minimal MGDM', 'modello di geodati minimi MGDM', 'minimum geodata model MGDM', 'Hindernis', 'obstacle', 'ostacolo', 'obstacle', 'Bundesrecht', 'loi fédérale (D)', 'legislazione federale', 'federal law'];no;['FR', 'IT', 'EN', 'DE'];multiple;geocat;Kanton;canton;canton;cantone
33;2a5212f0-e3bf-4a7b-b095-2c04e126d475;['Kantonal', 'Cantonal', 'Cantonal', 'Cantonale', 'Geodienst', 'géoservice', 'geoservice', 'geoservizio', 'geodienste.ch', 'geodienste.ch', 'geodienste.ch', 'geodienste.ch', 'Geobasisdienst', 'Géodonnées de base', 'Rebe', 'vigne', 'vine', 'vite', 'Geobasisdaten', 'géodonnées de base', 'official geodata', 'geodati di base', 'Minimales Geodatenmodel MGDM', 'modèle de géodonnées minimal MGDM', 'minimum geodata model MGDM', 'modello di geodati minimi MGDM', 'WMS', 'WMS', 'WMS', 'WMS', 'Darstellungsdienst', 'service de consultation', 'presentation service', 'servizio di rappresentazione', 'Bundesrecht', 'loi fédérale (D)', 'federal law', 'legislazione federale', 'Grundbuch', 'cadastre', 'land and property register', 'catasto dei terreni e delle proprietà', 'Weinbau', 'viticulture', 'viticulture', 'viticoltura'];no;['FR', 'EN', 'IT', 'DE'];multiple;geocat;Kanton;canton;canton;cantone
34;6518b96f-bbe4-4c65-ab58-74e008d1d6f1;"['Kartografische Generalisierung', 'généralisation cartographique', 'generalizzazione cartografica', 'cartographic generalisation', 'Politische Grenze', 'limite politique', 'confine politico', 'political boundary', 'Grossregion', 'grande région', 'grande regione', 'major region', 'Bezirk', 'district', 'distretto', 'district', 'opendata.swiss', 'opendata.swiss', 'opendata.swiss', 'opendata.swiss', 'opendata.swiss', 'opendata.swiss', 'opendata.swiss', 'opendata.swiss', 'opendata.swiss', 'opendata.swiss', 'Kantonal', 'Cantonal', 'Cantonale', 'Cantonal', 'Aufbewahrungs- und Archivierungsplanung AAP - Bund', ""Planification de la conservation et de l'archivage AAP - Conféderation"", 'Pianificazione della conservazione e dell’archiviazione AAP - Confederazione', 'Conservation and archiving planning AAP - Confederation', 'See', 'lac', 'lago', 'lake', 'Gemeinde', 'commune', 'comune', 'municipality', 'Region', 'région', 'regione', 'region', 'Verwaltungsgrenze', 'limite administrative', 'confine amministrativo', 'administrative boundary']";no;['FR', 'IT', 'EN', 'RM', 'DE'];multiple;geocat;Kanton;canton;canton;cantone
35;86cb844f-296b-40cb-b972-5b1ae8028f7c;"['Landesgrenze', 'frontière nationale', 'confine nazionale', 'national border', 'Kantonal', 'Cantonal', 'Cantonale', 'Cantonal', 'Bezirk', 'district', 'distretto', 'district', 'Geobasisdaten', 'géodonnées de base', 'geodati di base', 'official geodata', 'opendata.swiss', 'opendata.swiss', 'opendata.swiss', 'opendata.swiss', 'opendata.swiss', 'Aufbewahrungs- und Archivierungsplanung AAP - Bund', ""Planification de la conservation et de l'archivage AAP - Conféderation"", 'Pianificazione della conservazione e dell’archiviazione AAP - Confederazione', 'Conservation and archiving planning AAP - Confederation', 'Verwaltungseinheiten', 'Unités administratives', 'Unità amministrative', 'Administrative units', 'Gemeinde', 'commune', 'comune', 'municipality', 'BGDI Bundesgeodaten-Infrastruktur', 'IFDG l’Infrastructure Fédérale de données géographiques', 'IFDG Infrastruttura federale dei dati geografici', 'FSDI Federal Spatial Data Infrastructure', 'Kanton', 'canton', 'cantone', 'canton', 'Verwaltungsgrenze', 'limite administrative', 'confine amministrativo', 'administrative boundary', 'Verwaltungsgrenze', 'limite administrative', 'confine amministrativo', 'administrative boundary']";yes;['FR', 'IT', 'EN', 'RM', 'DE'];multiple;geocat;Kanton;canton;canton;cantone
36;c6ffd3cb-3590-4411-86b2-f6cd16a976ce;['Cantonal', 'Kantonal', 'Cantonale', 'Cantonal'];no;['DE', 'IT', 'EN', 'FR'];multiple;geocat;Kanton;canton;canton;cantone
37;7ed6bc5f-caef-4a84-9282-f0406e2b1014;['Cantonal', 'Kantonal', 'Cantonale', 'Cantonal', 'natural monument', 'Naturdenkmal', 'monumento naturale', 'monument naturel'];no;['FR', 'DE', 'IT', 'EN'];multiple;geocat;Kanton;canton;canton;cantone
38;4bf879e3-6f92-4bf7-b3ce-603b355c2a50;['Cantonal', 'Kantonal', 'Cantonale', 'Cantonal', 'limite administrative', 'Verwaltungsgrenze', 'confine amministrativo', 'administrative boundary'];no;['DE', 'IT', 'EN', 'FR'];multiple;geocat;Kanton;canton;canton;cantone
39;19678893-cacb-4b11-a7ea-e5459ce6ed38;['Cantonal', 'Kantonal', 'Cantonale', 'Cantonal', 'mensuration officielle MO', 'Amtliche Vermessung AV', 'misurazione ufficiale MU', 'cadastral surveying'];no;['DE', 'IT', 'EN', 'FR'];multiple;geocat;Kanton;canton;canton;cantone
40;65e059cc-a242-43b3-9a33-4e01b28eff7c;['Cantonal', 'Kantonal', 'Cantonale', 'Cantonal', 'mensuration officielle MO', 'Amtliche Vermessung AV', 'misurazione ufficiale MU', 'cadastral surveying'];no;['DE', 'IT', 'EN', 'FR'];multiple;geocat;Kanton;canton;canton;cantone
41;db2f5077-6fdd-42d1-9f0a-4c3c632a4675;['Cantonal', 'Kantonal', 'Cantonale', 'Cantonal', 'transport en commun', 'Öffentlicher Verkehr', 'trasporto pubblico', 'public transport'];no;['DE', 'IT', 'EN', 'FR'];multiple;geocat;Kanton;canton;canton;cantone
42;0c107f8a-6142-491e-ba79-cc879508e5cd;['Cantonal', 'Kantonal', 'Cantonale', 'Cantonal', 'transport en commun', 'Öffentlicher Verkehr', 'trasporto pubblico', 'public transport'];no;['DE', 'IT', 'EN', 'FR'];multiple;geocat;Kanton;canton;canton;cantone
43;17426941-43d3-400b-95e8-349372966be7;['mensuration officielle MO', 'Amtliche Vermessung AV', 'misurazione ufficiale MU', 'cadastral surveying', 'Cantonal', 'Kantonal', 'Cantonale', 'Cantonal'];no;['DE', 'IT', 'EN', 'FR'];multiple;geocat;Kanton;canton;canton;cantone
44;653d1a02-eb4e-4d88-8a38-83aec6eec11c;['Cantonal', 'Kantonal', 'Cantonale', 'Cantonal', 'télécommunication', 'Telekommunikation', 'telecomunicazione', 'telecommunication'];no;['DE', 'IT', 'EN', 'FR'];multiple;geocat;Kanton;canton;canton;cantone
45;782be445-f8d8-4270-b6bc-93c9b3191059;['Altimétrie', 'Höhen', 'Altimetria', 'Heigths', 'Cantonal', 'Kantonal', 'Cantonale', 'Cantonal'];no;['DE', 'IT', 'EN', 'FR'];multiple;geocat;Kanton;canton;canton;cantone
46;eec25ec2-1fa5-4bd5-b3fa-15755ce96c9b;['Cantonal', 'Kantonal', 'Cantonale', 'Cantonal', 'Altimétrie', 'Höhen', 'Altimetria', 'Heigths'];no;['DE', 'IT', 'EN', 'FR'];multiple;geocat;Kanton;canton;canton;cantone
47;760bdfda-03cb-4668-a673-f0b46150419d;['fond de plan', 'Grundplan', 'piano di base', 'basic plan', 'Cantonal', 'Kantonal', 'Cantonale', 'Cantonal'];no;['DE', 'IT', 'EN', 'FR'];multiple;geocat;Kanton;canton;canton;cantone
48;0a209a64-c6d9-43b6-87ef-0153c7e2f69c;['Altimétrie', 'Höhen', 'Altimetria', 'Heigths', 'Cantonal', 'Kantonal', 'Cantonale', 'Cantonal'];no;['DE', 'IT', 'EN', 'FR'];multiple;geocat;Kanton;canton;canton;cantone
49;0f522704-d90d-49b9-a2aa-f792aff721c8;['Altimétrie', 'Höhen', 'Altimetria', 'Heigths', 'Cantonal', 'Kantonal', 'Cantonale', 'Cantonal'];no;['DE', 'IT', 'EN', 'FR'];multiple;geocat;Kanton;canton;canton;cantone
50;e229ace5-7a36-40f5-b57f-598c37dfbbb2;['Cantonal', 'Kantonal', 'Cantonale', 'Cantonal', 'site pollué', 'Verunreinigter Standort', 'sito inquinato', 'polluted site'];no;['DE', 'IT', 'EN', 'FR'];multiple;geocat;Kanton;canton;canton;cantone
51;69fec8ec-c34b-4136-906c-c2a9b5ff5d68;['Cantonal', 'Kantonal', 'Cantonale', 'Cantonal', 'mensuration officielle MO', 'Amtliche Vermessung AV', 'misurazione ufficiale MU', 'cadastral surveying', 'Parcelles cadastrales', 'Flurstücke/Grundstücke (Katasterparzellen)', 'Parcelle catastali', 'Cadastral parcels'];no;['DE', 'IT', 'EN', 'FR'];multiple;geocat;Kanton;canton;canton;cantone
52;47ae9963-a6c8-4bce-92ab-45ead8493945;['Cantonal', 'Kantonal', 'Cantonale', 'Cantonal', 'rayonnement solaire', 'Solarstrahlung', 'radiazione solare', 'solar radiation', 'rayonnement', 'Strahlung', 'radiazione', 'radiation'];no;['DE', 'IT', 'EN', 'FR'];multiple;geocat;Kanton;canton;canton;cantone
53;10006737-5eb8-48be-aacd-ef856140534e;"['Cantonal', 'Kantonal', 'Cantonale', 'Cantonal', 'zone de protection', 'Schutzzone', 'zona di protezione', 'protection zone', ""zone de captage d'eau potable"", 'Trinkwasserschutzgebiet', 'area di protezione delle acque potabile', 'drinking water protection area', 'zone', 'Fläche', 'areale di distribuzione', 'distribution area']";no;['DE', 'IT', 'EN', 'FR'];multiple;geocat;Kanton;canton;canton;cantone
54;ade5ac41-4394-4ce6-aaa9-352de6bd180b;['Cantonal', 'Kantonal', 'Cantonale', 'Cantonal', 'mensuration officielle MO', 'Amtliche Vermessung AV', 'misurazione ufficiale MU', 'cadastral surveying', 'Adresses', 'Adressen', 'Indirizzi', 'Addresses'];no;['DE', 'IT', 'EN', 'FR'];multiple;geocat;Kanton;canton;canton;cantone
55;b1c9f849-ee8e-4439-9599-06a844181084;['Cantonal', 'Kantonal', 'Cantonale', 'Cantonal', 'domaine privé', 'Privater Bereich', 'proprietà privata (condizione)', 'private domain', 'limite administrative', 'Verwaltungsgrenze', 'confine amministrativo', 'administrative boundary', 'forêt', 'Forst', 'foresta', 'forest'];no;['DE', 'IT', 'EN', 'FR'];multiple;geocat;Kanton;canton;canton;cantone
56;1ae0ba9d-d8a4-46c2-a6b3-3e9e72a847c2;['Altimétrie', 'Höhen', 'Altimetria', 'Heigths', 'Cantonal', 'Kantonal', 'Cantonale', 'Cantonal', 'pente', 'Hang', 'pendio', 'slope', 'relief', 'Relief', 'rilievo', 'relief (land)'];no;['DE', 'IT', 'EN', 'FR'];multiple;geocat;Kanton;canton;canton;cantone
57;1ecb37d2-05cc-47af-b411-1063937fef1e;['Cantonal', 'Kantonal', 'Cantonale', 'Cantonal', 'rayonnement', 'Strahlung', 'radiazione', 'radiation', 'rayonnement solaire', 'Solarstrahlung', 'radiazione solare', 'solar radiation'];no;['DE', 'IT', 'EN', 'FR'];multiple;geocat;Kanton;canton;canton;cantone
58;25d7bd25-bb81-4e18-83e0-738d1471a0d6;['Cantonal', 'Kantonal', 'Cantonale', 'Cantonal', 'radon', 'Radon', 'radon', 'radon', 'environnement', 'Umwelt', 'ambiente (in generale)', 'environment'];no;['DE', 'IT', 'EN', 'FR'];multiple;geocat;Kanton;canton;canton;cantone
59;3015df44-e183-40eb-9698-80930725af3a;['Cantonal', 'Kantonal', 'Cantonale', 'Cantonal', 'arrondissement forestier', 'Forstkreis', 'circondario forestale', 'forest district', 'forêt', 'Forst', 'foresta', 'forest', 'limite administrative', 'Verwaltungsgrenze', 'confine amministrativo', 'administrative boundary'];no;['DE', 'IT', 'EN', 'FR'];multiple;geocat;Kanton;canton;canton;cantone
60;66c4f93b-d2e7-4a89-8e64-de4e038bab78;['Cantonal', 'Kantonal', 'Cantonale', 'Cantonal', 'bruit', 'Lärm', 'rumore', 'noise', 'environnement', 'Umwelt', 'ambiente (in generale)', 'environment'];no;['DE', 'IT', 'EN', 'FR'];multiple;geocat;Kanton;canton;canton;cantone
61;4d67cfb4-732b-4ec6-8a4e-84de7a272b15;['Cantonal', 'Kantonal', 'Cantonale', 'Cantonal', 'rayonnement', 'Strahlung', 'radiazione', 'radiation', 'rayonnement solaire', 'Solarstrahlung', 'radiazione solare', 'solar radiation'];no;['DE', 'IT', 'EN', 'FR'];multiple;geocat;Kanton;canton;canton;cantone
62;a3727515-bf8c-4892-aeaa-6b89c6b9c942;['Altimétrie', 'Höhen', 'Altimetria', 'Heigths', 'modèle numérique de terrain MNT', 'Digitales Terrainmodell DTM', 'modello digitale del terreno DTM', 'digital terrain model DTM', 'Cantonal', 'Kantonal', 'Cantonale', 'Cantonal'];no;['DE', 'IT', 'EN', 'FR'];multiple;geocat;Kanton;canton;canton;cantone
63;ca1d0194-454f-4972-8770-945a0127dc2a;['police', 'Polizei', 'polizia', 'police', 'mensuration officielle MO', 'Amtliche Vermessung AV', 'misurazione ufficiale MU', 'cadastral surveying', 'Cantonal', 'Kantonal', 'Cantonale', 'Cantonal'];no;['DE', 'IT', 'EN', 'FR'];multiple;geocat;Kanton;canton;canton;cantone
64;474458d3-a8ac-495a-a926-4f0591637ea3;['Cantonal', 'Kantonal', 'Cantonale', 'Cantonal', 'mensuration officielle MO', 'Amtliche Vermessung AV', 'misurazione ufficiale MU', 'cadastral surveying', 'bâtiment', 'Gebäude', 'edificio', 'building'];no;['DE', 'IT', 'EN', 'FR'];multiple;geocat;Kanton;canton;canton;cantone
65;975d4681-8528-4bd7-a2b5-66d1399e449b;['Cantonal', 'Kantonal', 'Cantonale', 'Cantonal', 'entreprise', 'Kommerzielle Aktivität', 'impresa', 'business', 'accident majeur', 'Großer Unfall', 'incidente grave', 'major accident', 'environnement', 'Umwelt', 'ambiente (in generale)', 'environment'];no;['DE', 'IT', 'EN', 'FR'];multiple;geocat;Kanton;canton;canton;cantone
66;562dd2ad-440e-47fa-83dd-073a28965be3;['Altimétrie', 'Höhen', 'Altimetria', 'Heigths', 'MNS (modèle numérique de surface)', 'DOM (Digitales Oberflächenmodell)', 'DSM (modello digitale di superficie)', 'DSM (digital surface model)', 'Cantonal', 'Kantonal', 'Cantonale', 'Cantonal', 'trame', 'Raster', 'raster', 'raster'];no;['DE', 'IT', 'EN', 'FR'];multiple;geocat;Kanton;canton;canton;cantone
67;ef62dca6-456c-4ab7-8e23-b7365547a524;['Cantonal', 'Kantonal', 'Cantonale', 'Cantonal', 'autorisation de construire', 'Baubewilligung', 'autorizzazione di costruzione', 'construction permit', 'urbanisation', 'Verstädterung', 'urbanizzazione', 'urbanisation', 'chauffage à distance', 'Fernheizung', 'riscaldamento domestico fornito da impianti industriali situati nelle vicin', 'teleheating'];no;['DE', 'IT', 'EN', 'FR'];multiple;geocat;Kanton;canton;canton;cantone
68;423e2ad0-1b5b-4810-b255-a642588fde2d;['Cantonal', 'Kantonal', 'Cantonale', 'Cantonal', 'limite administrative', 'Verwaltungsgrenze', 'confine amministrativo', 'administrative boundary', 'forêt', 'Forst', 'foresta', 'forest', 'gestion forestière', 'Forstwirtschaft', 'gestione delle foreste', 'forest management'];no;['DE', 'IT', 'EN', 'FR'];multiple;geocat;Kanton;canton;canton;cantone
69;fbeae1b6-9e7d-4777-88df-4527078ecd21;['zone de protection', 'Schutzzone', 'zona di protezione', 'protection zone', 'Cantonal', 'Kantonal', 'Cantonale', 'Cantonal', 'forêt', 'Forst', 'foresta', 'forest', 'protection de la forêt', 'Waldschutz', 'protezione della foresta', 'forest protection'];no;['DE', 'IT', 'EN', 'FR'];multiple;geocat;Kanton;canton;canton;cantone
70;73b71d4d-0453-43cc-9cf2-b955f98bd30e;['Cantonal', 'Kantonal', 'Cantonale', 'Cantonal', 'environnement', 'Umwelt', 'ambiente (in generale)', 'environment', 'plante', 'Pflanze', 'piante', 'plant (biology)'];no;['DE', 'IT', 'EN', 'FR'];multiple;geocat;Kanton;canton;canton;cantone
71;673f7f5a-b116-48dc-8b13-bc2b99fe5e3e;['Cantonal', 'Kantonal', 'Cantonale', 'Cantonal', 'Altimétrie', 'Höhen', 'Altimetria', 'Heigths', 'modèle numérique de terrain MNT', 'Digitales Terrainmodell DTM', 'modello digitale del terreno DTM', 'digital terrain model DTM', 'trame', 'Raster', 'raster', 'raster'];no;['DE', 'IT', 'EN', 'FR'];multiple;geocat;Kanton;canton;canton;cantone
72;873dbd6c-db69-45a6-bf21-29fd6439fb63;['Cantonal', 'Kantonal', 'Cantonale', 'Cantonal', 'environnement', 'Umwelt', 'ambiente (in generale)', 'environment', 'électricité', 'Elektrizität', 'elettricità', 'electricity'];no;['DE', 'IT', 'EN', 'FR'];multiple;geocat;Kanton;canton;canton;cantone
73;ae8df5d9-6c76-460a-926a-9399eda85428;['Altimétrie', 'Höhen', 'Altimetria', 'Heigths', 'Cantonal', 'Kantonal', 'Cantonale', 'Cantonal', 'relief', 'Relief', 'rilievo', 'relief (land)', 'pente', 'Hang', 'pendio', 'slope'];no;['DE', 'IT', 'EN', 'FR'];multiple;geocat;Kanton;canton;canton;cantone
74;bd93a64c-e8a9-48a9-8e27-2ef5ea429ff0;['Cantonal', 'Kantonal', 'Cantonale', 'Cantonal', 'rayonnement', 'Strahlung', 'radiazione', 'radiation', 'rayonnement solaire', 'Solarstrahlung', 'radiazione solare', 'solar radiation'];no;['DE', 'IT', 'EN', 'FR'];multiple;geocat;Kanton;canton;canton;cantone
75;ea48ea72-893e-4ef8-a1fb-d79595790925;['Altimétrie', 'Höhen', 'Altimetria', 'Heigths', 'Cantonal', 'Kantonal', 'Cantonale', 'Cantonal', 'relief', 'Relief', 'rilievo', 'relief (land)', 'pente', 'Hang', 'pendio', 'slope'];no;['DE', 'IT', 'EN', 'FR'];multiple;geocat;Kanton;canton;canton;cantone
76;4133bb41-410a-44c4-b950-e284ac7f9935;['Cantonal', 'Kantonal', 'Cantonale', 'Cantonal', 'Altimétrie', 'Höhen', 'Altimetria', 'Heigths', 'relief', 'Relief', 'rilievo', 'relief (land)', 'pente', 'Hang', 'pendio', 'slope'];no;['DE', 'IT', 'EN', 'FR'];multiple;geocat;Kanton;canton;canton;cantone
77;b1125605-7280-4a09-a8c1-fca4eb21bf21;['Cantonal', 'Kantonal', 'Cantonale', 'Cantonal', 'disponibilité des données', 'Datenverfügbarkeit', 'disponibilità di dati', 'data availability', 'carte synoptique', 'Übersichtskarte', 'carta corografica', 'outline map', 'mensuration officielle MO', 'Amtliche Vermessung AV', 'misurazione ufficiale MU', 'cadastral surveying'];no;['DE', 'IT', 'EN', 'FR'];multiple;geocat;Kanton;canton;canton;cantone
78;190f1666-7a89-4a7b-8c58-2fc874839672;['Cantonal', 'Kantonal', 'Cantonale', 'Cantonal', 'chauffage à distance', 'Fernheizung', 'riscaldamento domestico fornito da impianti industriali situati nelle vicin', 'teleheating', 'télécommunication', 'Telekommunikation', 'telecomunicazione', 'telecommunication'];no;['DE', 'IT', 'EN', 'FR'];multiple;geocat;Kanton;canton;canton;cantone
79;da7ca148-09f8-45c7-861f-d0ec7b1ec0e4;['Cantonal', 'Kantonal', 'Cantonale', 'Cantonal', 'couverture du sol', 'Bodenbedeckung', 'copertura del suolo', 'land cover', 'mensuration officielle MO', 'Amtliche Vermessung AV', 'misurazione ufficiale MU', 'cadastral surveying'];no;['DE', 'IT', 'EN', 'FR'];multiple;geocat;Kanton;canton;canton;cantone
80;ccec65f4-43e2-4ac4-8515-03b42fae466e;['Cantonal', 'Kantonal', 'Cantonale', 'Cantonal', 'limite administrative', 'Verwaltungsgrenze', 'confine amministrativo', 'administrative boundary', 'forêt', 'Forst', 'foresta', 'forest'];no;['DE', 'IT', 'EN', 'FR'];multiple;geocat;Kanton;canton;canton;cantone
81;ada6fb62-fe38-45e0-8d0c-c44514f73e5a;['Cantonal', 'Kantonal', 'Cantonale', 'Cantonal', 'conduite', 'Rohrleitung', 'condotta', 'pipeline', 'viticulture', 'Weinbau', 'viticoltura', 'viticulture', 'agriculture', 'Landwirtschaft', 'agricoltura', 'agriculture', 'drainage', 'Entwässerung', 'drenaggio', 'drainage'];no;['DE', 'IT', 'EN', 'FR'];multiple;geocat;Kanton;canton;canton;cantone
82;b4c7a17f-6ece-4f07-ad23-a90f0eac8852;['Cantonal', 'Kantonal', 'Cantonale', 'Cantonal', 'conduite', 'Rohrleitung', 'condotta', 'pipeline', 'viticulture', 'Weinbau', 'viticoltura', 'viticulture', 'agriculture', 'Landwirtschaft', 'agricoltura', 'agriculture', 'drainage', 'Entwässerung', 'drenaggio', 'drainage'];no;['DE', 'IT', 'EN', 'FR'];multiple;geocat;Kanton;canton;canton;cantone
83;8f741d26-52e1-4ce6-9f58-bb69b189b3c4;['Cantonal', 'Kantonal', 'Cantonale', 'Cantonal', 'conduite', 'Rohrleitung', 'condotta', 'pipeline', 'viticulture', 'Weinbau', 'viticoltura', 'viticulture', 'agriculture', 'Landwirtschaft', 'agricoltura', 'agriculture', 'drainage', 'Entwässerung', 'drenaggio', 'drainage'];no;['DE', 'IT', 'EN', 'FR'];multiple;geocat;Kanton;canton;canton;cantone
84;c81a0e91-d0f8-49a3-9da2-80fec26e6fe3;['Cantonal', 'Kantonal', 'Cantonale', 'Cantonal', 'conduite', 'Rohrleitung', 'condotta', 'pipeline', 'viticulture', 'Weinbau', 'viticoltura', 'viticulture', 'agriculture', 'Landwirtschaft', 'agricoltura', 'agriculture', 'drainage', 'Entwässerung', 'drenaggio', 'drainage'];no;['DE', 'IT', 'EN', 'FR'];multiple;geocat;Kanton;canton;canton;cantone
85;3ea82ac3-43ed-483f-b69b-68c3a8083118;['Cantonal', 'Kantonal', 'Cantonale', 'Cantonal', 'conduite', 'Rohrleitung', 'condotta', 'pipeline', 'viticulture', 'Weinbau', 'viticoltura', 'viticulture', 'agriculture', 'Landwirtschaft', 'agricoltura', 'agriculture', 'drainage', 'Entwässerung', 'drenaggio', 'drainage'];no;['DE', 'IT', 'EN', 'FR'];multiple;geocat;Kanton;canton;canton;cantone
86;f8b1bb83-4912-4ae9-8bd8-61050989ff6a;['Cantonal', 'Kantonal', 'Cantonale', 'Cantonal', 'conduite', 'Rohrleitung', 'condotta', 'pipeline', 'drainage', 'Entwässerung', 'drenaggio', 'drainage', 'agriculture', 'Landwirtschaft', 'agricoltura', 'agriculture', 'viticulture', 'Weinbau', 'viticoltura', 'viticulture'];no;['DE', 'IT', 'EN', 'FR'];multiple;geocat;Kanton;canton;canton;cantone
87;0c887259-9496-4bcd-b531-3121ba025e7a;"['Cantonal', 'Kantonal', 'Cantonale', 'Cantonal', 'autorisation de construire', 'Baubewilligung', 'autorizzazione di costruzione', 'construction permit', ""conduite d'eau"", 'Wasserleitung', ""condotta d'acqua"", 'water pipe', 'chauffage à distance', 'Fernheizung', 'riscaldamento domestico fornito da impianti industriali situati nelle vicin', 'teleheating', 'urbanisation', 'Verstädterung', 'urbanizzazione', 'urbanisation']";no;['DE', 'IT', 'EN', 'FR'];multiple;geocat;Kanton;canton;canton;cantone
88;d2fe4168-af57-4950-8019-d1f182533696;['conduite de gaz', 'Gasleitung', 'condotta di gas', 'gas pipeline', 'Cantonal', 'Kantonal', 'Cantonale', 'Cantonal', 'réseau gazier', 'Gasnetz', 'rete di distribuzione del gas', 'gas network', 'urbanisation', 'Verstädterung', 'urbanizzazione', 'urbanisation', 'chauffage à distance', 'Fernheizung', 'riscaldamento domestico fornito da impianti industriali situati nelle vicin', 'teleheating'];no;['DE', 'IT', 'EN', 'FR'];multiple;geocat;Kanton;canton;canton;cantone
89;a58c4684-657c-41dd-8abc-596d976f0088;['Cantonal', 'Kantonal', 'Cantonale', 'Cantonal', 'conduite', 'Rohrleitung', 'condotta', 'pipeline', 'viticulture', 'Weinbau', 'viticoltura', 'viticulture', 'agriculture', 'Landwirtschaft', 'agricoltura', 'agriculture', 'drainage', 'Entwässerung', 'drenaggio', 'drainage'];no;['DE', 'IT', 'EN', 'FR'];multiple;geocat;Kanton;canton;canton;cantone
90;2bd493a9-d6e4-4e77-b7e7-b05e77384a0c;['Cantonal', 'Kantonal', 'Cantonale', 'Cantonal', 'sylviculture', 'Forstwirtschaft', 'attività forestali', 'forestry', 'forêt', 'Forst', 'foresta', 'forest', 'administration', 'Verwaltung', 'amministrazione', 'administration', 'limite administrative', 'Verwaltungsgrenze', 'confine amministrativo', 'administrative boundary'];no;['DE', 'IT', 'EN', 'FR'];multiple;geocat;Kanton;canton;canton;cantone
91;dfbfeb61-4e1e-4d66-b338-369524ed0516;['Cantonal', 'Kantonal', 'Cantonale', 'Cantonal', 'chauffage à distance', 'Fernheizung', 'riscaldamento domestico fornito da impianti industriali situati nelle vicin', 'teleheating', 'urbanisation', 'Verstädterung', 'urbanizzazione', 'urbanisation', 'télécommunication', 'Telekommunikation', 'telecomunicazione', 'telecommunication', 'Gemeinde', 'commune', 'comune', 'municipality'];no;['DE', 'IT', 'EN', 'FR'];multiple;geocat;Kanton;canton;canton;cantone
92;082c414d-633d-4fd0-a40f-574db7df9009;['autorisation de construire', 'Baubewilligung', 'autorizzazione di costruzione', 'construction permit', 'Cantonal', 'Kantonal', 'Cantonale', 'Cantonal', 'réseau électrique', 'Stromnetz', 'rete elettrica', 'power grid', 'chauffage à distance', 'Fernheizung', 'riscaldamento domestico fornito da impianti industriali situati nelle vicin', 'teleheating', 'urbanisation', 'Verstädterung', 'urbanizzazione', 'urbanisation', 'ligne électrique', 'Elektrische Leitung', 'linea elettrica', 'electric line', 'électricité', 'Elektrizität', 'elettricità', 'electricity'];no;['DE', 'IT', 'EN', 'FR'];multiple;geocat;Kanton;canton;canton;cantone
93;60bf7734-c945-4006-a950-71c970983455;['Cantonal', 'Kantonal', 'Cantonale', 'Cantonal', 'route nationale', 'Nationalstrasse', 'strada nazionale', 'motorway', 'route cantonale', 'Kantonsstrasse', 'strada cantonale', 'cantonal road', 'route', 'Öffentliche Straße', 'superstrada', 'highway', 'trafic routier', 'Straßenverkehr', 'traffico su strada', 'road traffic', 'trafic', 'Verkehr', 'traffico', 'traffic'];no;['DE', 'IT', 'EN', 'FR'];multiple;geocat;Kanton;canton;canton;cantone
94;31b207e9-9e14-45c7-ad10-fd42d9d074f9;['Cantonal', 'Kantonal', 'Cantonale', 'Cantonal', 'point', 'Punkt', 'punto', 'point', 'accident', 'Unfall', 'incidente', 'accident', 'service de secours', 'Rettungsdienst', 'servizio di salvataggio', 'rescue service', 'limite administrative', 'Verwaltungsgrenze', 'confine amministrativo', 'administrative boundary', 'forêt', 'Forst', 'foresta', 'forest'];no;['DE', 'IT', 'EN', 'FR'];multiple;geocat;Kanton;canton;canton;cantone
95;368cf7a9-bab9-4180-bf87-2c84c11992d6;['Cantonal', 'Kantonal', 'Cantonale', 'Cantonal', 'autorisation de construire', 'Baubewilligung', 'autorizzazione di costruzione', 'construction permit', 'réseau électrique', 'Stromnetz', 'rete elettrica', 'power grid', 'chauffage à distance', 'Fernheizung', 'riscaldamento domestico fornito da impianti industriali situati nelle vicin', 'teleheating', 'urbanisation', 'Verstädterung', 'urbanizzazione', 'urbanisation', 'ligne électrique', 'Elektrische Leitung', 'linea elettrica', 'electric line', 'électricité', 'Elektrizität', 'elettricità', 'electricity'];no;['DE', 'IT', 'EN', 'FR'];multiple;geocat;Kanton;canton;canton;cantone
96;3f6f4fa5-7ea4-4445-a643-2fc0bef26924;['Cantonal', 'Kantonal', 'Cantonale', 'Cantonal', 'bâtiment', 'Bauwesen und gebaute Umwelt', 'edilizia', 'building', 'archéologie', 'Archäologie', 'archeologia', 'archaeology', 'architecture', 'Architektur', 'architettura', 'architecture', 'bibliographie', 'Bibliographie', 'bibliografia', 'bibliography', 'monument historique', 'Baudenkmal', 'monumento di valore storico', 'historical monument', 'patrimoine culturel', 'Kulturerbe', 'patrimonio culturale', 'cultural heritage'];no;['DE', 'IT', 'EN', 'FR'];multiple;geocat;Kanton;canton;canton;cantone
97;fbdcafe3-aaac-4f43-bb9a-1f83d6a9780b;['Cantonal', 'Kantonal', 'Cantonale', 'Cantonal', 'route cantonale', 'Kantonsstrasse', 'strada cantonale', 'cantonal road', 'route nationale', 'Nationalstrasse', 'strada nazionale', 'motorway', 'accident de la route', 'Verkehrsunfall', 'incidente dovuto al traffico', 'traffic accident', 'accident', 'Unfall', 'incidente', 'accident', 'route', 'Öffentliche Straße', 'superstrada', 'highway'];no;['DE', 'IT', 'EN', 'FR'];multiple;geocat;Kanton;canton;canton;cantone
98;a850c331-0324-4023-be7c-c8285d4efd9f;['conduite de gaz naturel', 'Erdgasleitung', 'metandotto', 'natural gas pipeline', 'autorisation de construire', 'Baubewilligung', 'autorizzazione di costruzione', 'construction permit', 'Cantonal', 'Kantonal', 'Cantonale', 'Cantonal', 'conduite de gaz', 'Gasleitung', 'condotta di gas', 'gas pipeline', 'urbanisation', 'Verstädterung', 'urbanizzazione', 'urbanisation', 'réseau gazier', 'Gasnetz', 'rete di distribuzione del gas', 'gas network', 'gazoduc', 'Gasrohrleitung', 'gasdotto', 'gas pipeline'];no;['DE', 'IT', 'EN', 'FR'];multiple;geocat;Kanton;canton;canton;cantone
99;59bc69b7-2ec1-4177-89bf-8e9471920de5;['Cantonal', 'Kantonal', 'Cantonale', 'Cantonal', 'autorisation de construire', 'Baubewilligung', 'autorizzazione di costruzione', 'construction permit', 'chauffage à distance', 'Fernheizung', 'riscaldamento domestico fornito da impianti industriali situati nelle vicin', 'teleheating', 'urbanisation', 'Verstädterung', 'urbanizzazione', 'urbanisation', 'drainage', 'Entwässerung', 'drenaggio', 'drainage', 'Gemeinde', 'commune', 'comune', 'municipality'];no;['DE', 'IT', 'EN', 'FR'];multiple;geocat;Kanton;canton;canton;cantone
100;c2dc77f2-3363-47f9-85cc-7af49f08ab18;['région', 'Region', 'regione', 'region', 'limite administrative', 'Verwaltungsgrenze', 'confine amministrativo', 'administrative boundary', 'commune', 'Gemeinde', 'comune', 'municipality', 'Cantonal', 'Kantonal', 'Cantonale', 'Cantonal', 'limite territoriale', 'Hoheitsgrenze', 'confine giurisdizionale', 'sovereign border', 'district', 'Bezirk', 'distretto', 'district'];no;['DE', 'IT', 'EN', 'FR'];multiple;geocat;Kanton;canton;canton;cantone
101;943a15e4-b8f8-4698-9191-675846e9b0ec;"['Cantonal', 'Kantonal', 'Cantonale', 'Cantonal', 'forêt', 'Forst', 'foresta', 'forest', 'service de secours', 'Rettungsdienst', 'servizio di salvataggio', 'rescue service', 'accident', 'Unfall', 'incidente', 'accident', 'limite administrative', 'Verwaltungsgrenze', 'confine amministrativo', 'administrative boundary', 'sécurité', 'Sicherheit', 'sicurezza', 'safety', ""plan d'urgence"", 'Nofallplan', 'piano di emergenza', 'emergency plan', ""secours d'urgence"", 'Nothilfe', 'soccorso di emergenza', 'emergency relief', 'prévoyance en cas de catastrophe', 'Katastrophenbereitschaft', 'preparazione in vista di disastri', 'disaster preparedness']";no;['DE', 'IT', 'EN', 'FR'];multiple;geocat;Kanton;canton;canton;cantone
102;e6135b60-c5b2-47e8-ba6d-e420a1c11167;['Cantonal', 'Kantonal', 'Cantonale', 'Cantonal', 'bâtiment', 'Bauwesen und gebaute Umwelt', 'edilizia', 'building', 'recensement', 'Volkszählung', 'censimento', 'census survey', 'bibliographie', 'Bibliographie', 'bibliografia', 'bibliography', 'archéologie', 'Archäologie', 'archeologia', 'archaeology', 'monument historique', 'Baudenkmal', 'monumento di valore storico', 'historical monument', 'architecture', 'Architektur', 'architettura', 'architecture', 'patrimoine culturel', 'Kulturerbe', 'patrimonio culturale', 'cultural heritage'];no;['DE', 'IT', 'EN', 'FR'];multiple;geocat;Kanton;canton;canton;cantone
103;7611d7a3-95d7-436e-ab88-f9573c5c4588;['Cantonal', 'Kantonal', 'Cantonale', 'Cantonal', 'fond de plan', 'Grundplan', 'piano di base', 'basic plan', 'plan de situation', 'Situationsplan', 'piano di situazione', 'situation plan', 'limite administrative', 'Verwaltungsgrenze', 'confine amministrativo', 'administrative boundary', 'lac', 'See', 'lago', 'lake', 'Kanton', 'canton', 'cantone', 'canton', 'Bezirk', 'disctrict', 'distretto', 'disctrict', 'Gemeinde', 'commune', 'comune', 'municipality'];yes;['DE', 'IT', 'EN', 'FR'];multiple;geocat;Kanton;canton;canton;cantone
104;9712c454-72a8-45b2-a8bf-8dae15013967;"[""plan d'aménagement"", 'Entwicklungsplan', 'piano di sviluppo', 'development plan', 'affectation', 'Allokation', 'allocazione', 'allocation', 'zone', 'Fläche', 'areale di distribuzione', 'distribution area', 'viticulture', 'Weinbau', 'viticoltura', 'viticulture', 'paysage', 'Landschaft', 'paesaggio', 'landscape', ""plan d'affectation"", 'Bebauungsplan', 'piano regolatore', 'allocation plan', 'aménagement du territoire', 'Flächenstruktur', 'assetto del territorio', 'land setup', ""planification de l'espace physique"", 'Raumplanung', 'pianificazione dello spazio fisico', 'physical planning', 'littoral', 'Litoral', 'litorale', 'littoral', 'protection de la nature', 'Naturschutz', 'protezione della natura', 'nature protection', 'protection du paysage', 'Landschaftsschutz', 'protezione del paesaggio', 'landscape protection', 'zone viticole', 'Rebbauzone', 'zona viticola', 'vineyard zone', 'Cantonal', 'Kantonal', 'Cantonale', 'Cantonal', 'vigne', 'Rebe', 'vite', 'vine', 'plan de zones', 'Zonenplan', 'piano delle zone', 'zoning plan', 'nature', 'Natur', 'natura', 'nature']";no;['DE', 'IT', 'EN', 'FR'];multiple;geocat;Kanton;canton;canton;cantone
105;0a3d9bfb-8dc6-44bd-b50d-da300786452a;"[""plan d'affectation de zone PAZ"", 'Zonennutzungsplan ZNP', 'piano regolatore', 'zonal use plan', 'Cantonal', 'Kantonal', 'Cantonale', 'Cantonal', 'nature', 'Natur', 'natura', 'nature', 'plan de zones', 'Zonenplan', 'piano delle zone', 'zoning plan', 'zone', 'Fläche', 'areale di distribuzione', 'distribution area', 'convention', 'Konvention', 'convenzione', 'convention', 'paysage', 'Landschaft', 'paesaggio', 'landscape', ""plan d'affectation"", 'Bebauungsplan', 'piano regolatore', 'allocation plan', ""plan d'aménagement"", 'Entwicklungsplan', 'piano di sviluppo', 'development plan', 'affectation', 'Allokation', 'allocazione', 'allocation', ""planification de l'espace physique"", 'Raumplanung', 'pianificazione dello spazio fisico', 'physical planning', 'littoral', 'Litoral', 'litorale', 'littoral', ""plan d'occupation des sols"", 'Flächennutzungsplan', 'piano di uso del suolo', 'land use plan', 'aménagement du territoire', 'Raumordnung und -planung', 'sfruttamento razionale del territorio', 'land management and planning', 'Ufer', 'berge', 'bank (land)', 'argine']";no;['DE', 'IT', 'EN', 'FR'];multiple;geocat;Kanton;canton;canton;cantone
106;e69f4954-af72-4071-bfff-3d623b40b923;"[""plan d'affectation"", 'Nutzungsplan', ""piano d'utilizzazione"", 'land use plan', 'zone à bâtir', 'Bauzone', 'zona edificabile', 'construction zone', 'Cantonal', 'Kantonal', 'Cantonale', 'Cantonal', 'construction', 'Bau', 'costruzione', 'construction', 'zone viticole', 'Rebbauzone', 'zona viticola', 'vineyard zone', 'bois', 'Wald', 'bosco', 'wood', ""cours d'eau"", 'Wasserlauf', ""corso d'acqua"", 'watercourse', 'aménagement du territoire', 'Flächenstruktur', 'assetto del territorio', 'land setup', 'forêt', 'Forst', 'foresta', 'forest', 'paysage', 'Landschaft', 'paesaggio', 'landscape', 'Gemeinde', 'commune', 'comune', 'municipality']";no;['DE', 'IT', 'EN', 'FR'];multiple;geocat;Kanton;canton;canton;cantone
