﻿;uuid;keywords;new_kw_present;languages;multiple_languages;type;new_kw_de;new_kw_fr;new_kw_en;new_kw_it
0;a29a9be3-545c-4683-ac3f-16a56a7e12b9;['Kantonsgrenze', 'Grenze'];no;['ger'];ger;gemet;Verwaltungsgrenze;limite administrative;administrative boundary;confine amministrativo
1;9eee6d40-f0a6-46c9-94ad-69679b9f3d38;['Verwaltungseinheiten', 'Unités administratives', 'Unità amministrative', 'Administrative units', 'Kantonal', 'Cantonal', 'Cantonale', 'Cantonal', 'opendata.swiss', 'opendata.swiss', 'opendata.swiss', 'opendata.swiss', 'opendata.swiss', 'Kantonsgrenze', 'Limite de canton, limite cantonale', 'confine cantonale', 'Cantonal boundary', 'BGDI Bundesgeodaten-Infrastruktur', 'IFDG l’Infrastructure Fédérale de données géographiques', 'IFDG Infrastruttura federale dei dati geografici', 'FSDI Federal Spatial Data Infrastructure'];no;['FR', 'IT', 'EN', 'RM', 'DE'];multiple;gemet;Verwaltungsgrenze;limite administrative;administrative boundary;confine amministrativo
2;4b7c4c56-7ce8-4123-9f59-adc7d84fd63a;"['Kantonsgrenze', 'Limite de canton, limite cantonale', 'confine cantonale', 'Cantonal boundary', 'Landesgrenze', 'frontière nationale', 'confine nazionale', 'national border', 'Aufbewahrungs- und Archivierungsplanung AAP - Bund', ""Planification de la conservation et de l'archivage AAP - Conféderation"", 'Pianificazione della conservazione e dell’archiviazione AAP - Confederazione', 'Conservation and archiving planning AAP - Confederation', 'Gemeindegrenze', 'Limite de commune', 'confine di comune', 'Municipal boundary', 'Bezirksgrenze', 'Limite de district', 'confine di distretto', 'District boundary', 'Grenze', 'bordure', 'frontiera', 'border', 'Verwaltungsgrenze', 'limite administrative', 'confine amministrativo', 'administrative boundary', 'Kartographie', 'cartographie', 'cartografia', 'cartography', 'Verwaltungseinheiten', 'Unités administratives', 'Unità amministrative', 'Administrative units', 'FSDI Federal Spatial Data Infrastructure', 'BGDI Bundesgeodaten-Infrastruktur', 'IFDG Infrastruttura federale dei dati geografici', 'IFDG l’Infrastructure Fédérale de données géographiques']";yes;['FR', 'IT', 'EN', 'RM', 'DE'];multiple;gemet;Verwaltungsgrenze;limite administrative;administrative boundary;confine amministrativo
3;74d8c1de-81ed-48bf-8742-667b67b1364d;"['Gemeindegrenze', 'Limite de commune', 'confine di comune', 'Municipal boundary', 'GIS (Geografisches Informationssystem)', ""SIG (Système d'Information Géographique)"", 'SIG (Sistema Informativo Geografico)', 'GIS (Geographic Information System)', 'Bezirksgrenze', 'Limite de district', 'confine di distretto', 'District boundary', 'Landschaftsmodell', 'modèle du territoire', 'modello del territorio', 'landscape model', 'Kantonsgrenze', 'Limite de canton, limite cantonale', 'confine cantonale', 'Cantonal boundary', 'Grenze', 'bordure', 'frontiera', 'border', 'See', 'lac', 'lago', 'lake', 'Geographisches Informationssystem', ""système d'information géographique"", 'sistema informativo geografico', 'geographic information system']";no;['FR', 'IT', 'EN', 'DE'];multiple;gemet;Verwaltungsgrenze;limite administrative;administrative boundary;confine amministrativo
4;9c42b306-52cc-4b66-9398-e523c70fb98c;['Amtliche Vermessung AV', 'Politische Grenze', 'Bezirksgrenze', 'Kantonsgrenze', 'Landesgrenze', 'Hoheitsgrenze', 'Gemeindegrenze', 'Administrative Grenze', 'Grenze', 'Verwaltungsgrenze', 'Raumplanung'];yes;['ger'];ger;gemet;Verwaltungsgrenze;limite administrative;administrative boundary;confine amministrativo
5;3d920e2b-fd7d-4dc8-b1ce-f43973fb0ae7;['Gemeindegrenze', 'Landesgrenze', 'Amtliche Vermessung AV', 'Kantonsgrenze', 'Administrative Grenze', 'Bezirksgrenze', 'Hoheitsgrenze', 'Politische Grenze', 'Grenze', 'Verwaltungsgrenze', 'Raumplanung'];yes;['ger'];ger;gemet;Verwaltungsgrenze;limite administrative;administrative boundary;confine amministrativo
6;532284b4-49ea-47aa-b277-ca21340ae341;['Bezirksgrenze', 'Administrative Grenze', 'Landesgrenze', 'Hoheitsgrenze', 'Kantonsgrenze', 'Gemeindegrenze', 'Amtliche Vermessung AV', 'Politische Grenze', 'Grenze', 'Verwaltungsgrenze', 'Raumplanung'];yes;['ger'];ger;gemet;Verwaltungsgrenze;limite administrative;administrative boundary;confine amministrativo
7;a32d7aab-a192-494a-abc9-f79d23648627;['Amtliche Vermessung AV', 'Politische Grenze', 'Hoheitsgrenze', 'Bezirksgrenze', 'Gemeindegrenze', 'Landesgrenze', 'Kantonsgrenze', 'Administrative Grenze', 'Grenze', 'Verwaltungsgrenze', 'Raumplanung'];yes;['ger'];ger;gemet;Verwaltungsgrenze;limite administrative;administrative boundary;confine amministrativo
8;e62c6abf-df00-452a-bb25-fe1a9110b994;['Gemeindegrenze', 'Landesgrenze', 'Kantonsgrenze', 'Politische Grenze', 'Administrative Grenze', 'Hoheitsgrenze', 'Bezirksgrenze', 'Amtliche Vermessung AV', 'Verwaltungsgrenze', 'Grenze', 'Raumplanung'];yes;['ger'];ger;gemet;Verwaltungsgrenze;limite administrative;administrative boundary;confine amministrativo
9;362f4606-2e8c-4e6d-955c-ab24a685906c;['Hoheitsgrenze', 'Administrative Grenze', 'Landesgrenze', 'Bezirksgrenze', 'Kantonsgrenze', 'Gemeindegrenze', 'Amtliche Vermessung AV', 'Politische Grenze', 'Grenze', 'Raumplanung', 'Verwaltungsgrenze'];yes;['ger'];ger;gemet;Verwaltungsgrenze;limite administrative;administrative boundary;confine amministrativo
10;1773174c-fed1-4106-97c8-e33fd45fb5e3;['Amtliche Vermessung AV', 'Landesgrenze', 'Hoheitsgrenze', 'Administrative Grenze', 'Gemeindegrenze', 'Politische Grenze', 'Kantonsgrenze', 'Bezirksgrenze', 'Grenze', 'Verwaltungsgrenze', 'Raumplanung'];yes;['ger'];ger;gemet;Verwaltungsgrenze;limite administrative;administrative boundary;confine amministrativo
11;4b75eeb5-609a-4dba-b9fa-2da9142e1ada;['Kantonsgrenze', 'Gemeindegrenze', 'Hoheitsgrenze', 'Bezirksgrenze', 'Administrative Grenze', 'Politische Grenze', 'Amtliche Vermessung AV', 'Landesgrenze', 'Raumplanung', 'Grenze', 'Verwaltungsgrenze'];yes;['ger'];ger;gemet;Verwaltungsgrenze;limite administrative;administrative boundary;confine amministrativo
12;b2832a47-254f-4521-9962-18109a4fce3c;['Landesgrenze', 'Politische Grenze', 'Kantonsgrenze', 'Gemeindegrenze', 'Hoheitsgrenze', 'Amtliche Vermessung AV', 'Administrative Grenze', 'Bezirksgrenze', 'Grenze', 'Raumplanung', 'Verwaltungsgrenze'];yes;['ger'];ger;gemet;Verwaltungsgrenze;limite administrative;administrative boundary;confine amministrativo
13;223329c8-ee90-4b13-851b-b1a9bfc74737;['Hoheitsgrenze', 'Amtliche Vermessung AV', 'Kantonsgrenze', 'Gemeindegrenze', 'Administrative Grenze', 'Politische Grenze', 'Landesgrenze', 'Bezirksgrenze', 'Verwaltungsgrenze', 'Raumplanung', 'Grenze'];yes;['ger'];ger;gemet;Verwaltungsgrenze;limite administrative;administrative boundary;confine amministrativo
14;f90d0f46-0006-496b-957c-5151c314bfb6;['Hoheitsgrenze', 'Landesgrenze', 'Bezirksgrenze', 'Amtliche Vermessung AV', 'Kantonsgrenze', 'Politische Grenze', 'Administrative Grenze', 'Gemeindegrenze', 'Verwaltungsgrenze', 'Grenze', 'Raumplanung'];yes;['ger'];ger;gemet;Verwaltungsgrenze;limite administrative;administrative boundary;confine amministrativo
15;86ca9db1-cee1-413d-a696-982d019fafed;['Politische Grenze', 'Administrative Grenze', 'Amtliche Vermessung AV', 'Kantonsgrenze', 'Hoheitsgrenze', 'Bezirksgrenze', 'Gemeindegrenze', 'Landesgrenze', 'Verwaltungsgrenze', 'Grenze', 'Raumplanung'];yes;['ger'];ger;gemet;Verwaltungsgrenze;limite administrative;administrative boundary;confine amministrativo
16;56e59a48-5bde-491d-a7e6-a8ff6338487a;['Landesgrenze', 'Administrative Grenze', 'Politische Grenze', 'Gemeindegrenze', 'Hoheitsgrenze', 'Amtliche Vermessung AV', 'Bezirksgrenze', 'Kantonsgrenze', 'Raumplanung', 'Verwaltungsgrenze', 'Grenze'];yes;['ger'];ger;gemet;Verwaltungsgrenze;limite administrative;administrative boundary;confine amministrativo
17;41d1940c-55ea-45ab-bf5b-418713f37a51;['Hoheitsgrenze', 'Landesgrenze', 'Kantonsgrenze', 'Bezirksgrenze', 'Politische Grenze', 'Amtliche Vermessung AV', 'Administrative Grenze', 'Gemeindegrenze', 'Grenze', 'Raumplanung', 'Verwaltungsgrenze'];yes;['ger'];ger;gemet;Verwaltungsgrenze;limite administrative;administrative boundary;confine amministrativo
18;bea2b29b-2847-48a9-b3ad-e446460aa6d4;['Hoheitsgrenze', 'Politische Grenze', 'Administrative Grenze', 'Amtliche Vermessung AV', 'Kantonsgrenze', 'Landesgrenze', 'Bezirksgrenze', 'Gemeindegrenze', 'Raumplanung', 'Verwaltungsgrenze', 'Grenze'];yes;['ger'];ger;gemet;Verwaltungsgrenze;limite administrative;administrative boundary;confine amministrativo
19;168a5ee6-588d-4f51-af82-016a96c8faa2;['Landesgrenze', 'Administrative Grenze', 'Hoheitsgrenze', 'Politische Grenze', 'Kantonsgrenze', 'Amtliche Vermessung AV', 'Gemeindegrenze', 'Bezirksgrenze', 'Raumplanung', 'Verwaltungsgrenze', 'Grenze'];yes;['ger'];ger;gemet;Verwaltungsgrenze;limite administrative;administrative boundary;confine amministrativo
20;165779cf-977c-40a6-bdc7-bbc4725a01f5;['Landesgrenze', 'Kantonsgrenze', 'Amtliche Vermessung AV', 'Gemeindegrenze', 'Bezirksgrenze', 'Politische Grenze', 'Hoheitsgrenze', 'Administrative Grenze', 'Grenze', 'Raumplanung', 'Verwaltungsgrenze'];yes;['ger'];ger;gemet;Verwaltungsgrenze;limite administrative;administrative boundary;confine amministrativo
21;a8aa974b-fe1b-4e69-89c9-fa6066dcafae;['Amtliche Vermessung AV', 'Landesgrenze', 'Bezirksgrenze', 'Administrative Grenze', 'Hoheitsgrenze', 'Gemeindegrenze', 'Politische Grenze', 'Kantonsgrenze', 'Grenze', 'Verwaltungsgrenze', 'Raumplanung'];yes;['ger'];ger;gemet;Verwaltungsgrenze;limite administrative;administrative boundary;confine amministrativo
22;e14bcb8f-3c2b-4003-8cea-6f9d805bb5ec;['Landesgrenze', 'Administrative Grenze', 'Politische Grenze', 'Gemeindegrenze', 'Bezirksgrenze', 'Hoheitsgrenze', 'Kantonsgrenze', 'Amtliche Vermessung AV', 'Verwaltungsgrenze', 'Grenze', 'Raumplanung'];yes;['ger'];ger;gemet;Verwaltungsgrenze;limite administrative;administrative boundary;confine amministrativo
23;5dd085ea-cc2b-475c-8612-a3af2f3e9f0d;['Gemeindegrenze', 'Bezirksgrenze', 'Hoheitsgrenze', 'Kantonsgrenze', 'Politische Grenze', 'Amtliche Vermessung AV', 'Administrative Grenze', 'Landesgrenze', 'Verwaltungsgrenze', 'Raumplanung', 'Grenze'];yes;['ger'];ger;gemet;Verwaltungsgrenze;limite administrative;administrative boundary;confine amministrativo
24;86cb844f-296b-40cb-b972-5b1ae8028f7c;"['Landesgrenze', 'frontière nationale', 'confine nazionale', 'national border', 'Kantonal', 'Cantonal', 'Cantonale', 'Cantonal', 'Gemeindegrenze', 'Limite de commune', 'confine di comune', 'Municipal boundary', 'Bezirk', 'district', 'distretto', 'district', 'Kantonsgrenze', 'Limite de canton, limite cantonale', 'confine cantonale', 'Cantonal boundary', 'Bezirksgrenze', 'Limite de district', 'confine di distretto', 'District boundary', 'Geobasisdaten', 'géodonnées de base', 'geodati di base', 'official geodata', 'opendata.swiss', 'opendata.swiss', 'opendata.swiss', 'opendata.swiss', 'opendata.swiss', 'Aufbewahrungs- und Archivierungsplanung AAP - Bund', ""Planification de la conservation et de l'archivage AAP - Conféderation"", 'Pianificazione della conservazione e dell’archiviazione AAP - Confederazione', 'Conservation and archiving planning AAP - Confederation', 'Verwaltungseinheiten', 'Unités administratives', 'Unità amministrative', 'Administrative units', 'Gemeinde', 'commune', 'comune', 'municipality', 'BGDI Bundesgeodaten-Infrastruktur', 'IFDG l’Infrastructure Fédérale de données géographiques', 'IFDG Infrastruttura federale dei dati geografici', 'FSDI Federal Spatial Data Infrastructure']";no;['FR', 'IT', 'EN', 'RM', 'DE'];multiple;gemet;Verwaltungsgrenze;limite administrative;administrative boundary;confine amministrativo
25;e3959e7d-b331-4749-8585-e64d9a334792;['Unités administratives', 'Verwaltungseinheiten', 'Unità amministrative', 'Administrative units', 'limite administrative', 'Verwaltungsgrenze', 'confine amministrativo', 'administrative boundary', 'Limite de canton, limite cantonale', 'Kantonsgrenze', 'confine cantonale', 'Cantonal boundary', 'Limite de commune', 'Gemeindegrenze', 'confine di comune', 'Municipal boundary'];yes;['DE', 'IT', 'EN', 'RM', 'FR'];multiple;gemet;Verwaltungsgrenze;limite administrative;administrative boundary;confine amministrativo
26;44405b05-ddb0-4e2b-83fc-ae969d0bb1fd;['canton', 'Kanton', 'cantone', 'canton', 'Limite de canton, limite cantonale', 'Kantonsgrenze', 'confine cantonale', 'Cantonal boundary', 'Limite de district', 'Bezirksgrenze', 'confine di distretto', 'District boundary', 'Limite de commune', 'Gemeindegrenze', 'confine di comune', 'Municipal boundary', 'frontière administrative', 'Administrative Grenze', 'confine amministrativo', 'administrative boundary', 'mensuration officielle MO', 'Amtliche Vermessung AV', 'misurazione ufficiale MU', 'cadastral surveying', 'limite administrative', 'Verwaltungsgrenze', 'confine amministrativo', 'administrative boundary'];yes;['DE', 'IT', 'EN', 'FR'];multiple;gemet;Verwaltungsgrenze;limite administrative;administrative boundary;confine amministrativo
27;7611d7a3-95d7-436e-ab88-f9573c5c4588;['Limite de commune', 'Gemeindegrenze', 'confine di comune', 'Municipal boundary', 'Cantonal', 'Kantonal', 'Cantonale', 'Cantonal', 'Limite de canton, limite cantonale', 'Kantonsgrenze', 'confine cantonale', 'Cantonal boundary', 'fond de plan', 'Grundplan', 'piano di base', 'basic plan', 'Limite de district', 'Bezirksgrenze', 'confine di distretto', 'District boundary', 'frontière administrative', 'Administrative Grenze', 'confine amministrativo', 'administrative boundary', 'plan de situation', 'Situationsplan', 'piano di situazione', 'situation plan', 'limite administrative', 'Verwaltungsgrenze', 'confine amministrativo', 'administrative boundary', 'lac', 'See', 'lago', 'lake'];yes;['DE', 'IT', 'EN', 'FR'];multiple;gemet;Verwaltungsgrenze;limite administrative;administrative boundary;confine amministrativo
28;c82ae22d-82b6-4976-b3ea-65c5421022f6;['canton', 'Kanton', 'cantone', 'canton', 'fond de plan', 'Grundplan', 'piano di base', 'basic plan', 'Limite de district', 'Bezirksgrenze', 'confine di distretto', 'District boundary', 'Limite de commune', 'Gemeindegrenze', 'confine di comune', 'Municipal boundary', 'Limite de canton, limite cantonale', 'Kantonsgrenze', 'confine cantonale', 'Cantonal boundary', 'frontière administrative', 'Administrative Grenze', 'confine amministrativo', 'administrative boundary', 'limite administrative', 'Verwaltungsgrenze', 'confine amministrativo', 'administrative boundary', 'lac', 'See', 'lago', 'lake'];yes;['DE', 'IT', 'EN', 'FR'];multiple;gemet;Verwaltungsgrenze;limite administrative;administrative boundary;confine amministrativo
29;0c6d388c-a7da-419c-9802-42ae464963d0;['canton', 'Kanton', 'cantone', 'canton', 'fond de plan', 'Grundplan', 'piano di base', 'basic plan', 'Limite de district', 'Bezirksgrenze', 'confine di distretto', 'District boundary', 'Limite de commune', 'Gemeindegrenze', 'confine di comune', 'Municipal boundary', 'Limite de canton, limite cantonale', 'Kantonsgrenze', 'confine cantonale', 'Cantonal boundary', 'frontière administrative', 'Administrative Grenze', 'confine amministrativo', 'administrative boundary', 'limite administrative', 'Verwaltungsgrenze', 'confine amministrativo', 'administrative boundary', 'lac', 'See', 'lago', 'lake'];yes;['DE', 'IT', 'EN', 'FR'];multiple;gemet;Verwaltungsgrenze;limite administrative;administrative boundary;confine amministrativo
30;ca06b9cc-0a71-4326-a792-fb1efdbf5f32;['canton', 'Kanton', 'cantone', 'canton', 'fond de plan', 'Grundplan', 'piano di base', 'basic plan', 'Limite de district', 'Bezirksgrenze', 'confine di distretto', 'District boundary', 'Limite de commune', 'Gemeindegrenze', 'confine di comune', 'Municipal boundary', 'Limite de canton, limite cantonale', 'Kantonsgrenze', 'confine cantonale', 'Cantonal boundary', 'frontière administrative', 'Administrative Grenze', 'confine amministrativo', 'administrative boundary', 'limite administrative', 'Verwaltungsgrenze', 'confine amministrativo', 'administrative boundary', 'lac', 'See', 'lago', 'lake'];yes;['DE', 'IT', 'EN', 'FR'];multiple;gemet;Verwaltungsgrenze;limite administrative;administrative boundary;confine amministrativo
