﻿;uuid;keywords;new_kw_present;languages;multiple_languages;type;new_kw_de;new_kw_fr;new_kw_en;new_kw_it
0;ffb25bfe-67a6-4cfb-a41e-c365976e2357;['Kulturgüter', 'Biens culturels', 'Beni culturali', 'Cultural property'];no;['FR', 'IT', 'EN', 'DE'];multiple;gemet;Kulturgut;bien culturel;cultural goods;beni culturali
1;bf836e6e-3c85-4fc4-ad44-9f062b601b9a;['Kulturgüter', 'Biens culturels', 'Beni culturali', 'Cultural property'];no;['FR', 'IT', 'EN', 'DE'];multiple;gemet;Kulturgut;bien culturel;cultural goods;beni culturali
2;0c4bff44-3ff1-43b7-86f0-64778dc54597;['Kulturgut', 'bien culturel', 'beni culturali', 'cultural goods', 'Kulturgüter', 'Biens culturels', 'Beni culturali', 'Cultural property'];yes;['FR', 'IT', 'EN', 'DE'];multiple;gemet;Kulturgut;bien culturel;cultural goods;beni culturali
3;98580481-390e-4a20-bb01-2720f43a4e93;['Kulturgut', 'Baudenkmal', 'Denkmal', 'Denkmalerhaltung', 'Kulturgüter', 'Register', 'Kanton'];yes;['ger'];ger;gemet;Kulturgut;bien culturel;cultural goods;beni culturali
4;5239c9c5-1197-454a-8ab2-85042d173bee;['Zivilschutz', 'Bevölkerung', 'Kulturgüterschutz KGS', 'Schutzraum', 'Sammelschutzraum', 'Kulturgüterschutzraum', 'Sirene', 'Schutzanlage', 'Kulturgüter'];no;['ger'];ger;gemet;Kulturgut;bien culturel;cultural goods;beni culturali
5;1a7cb0fc-fdc6-4902-9652-8bf9ad616448;['Bevölkerung', 'Zivilschutz', 'Kulturgüter', 'Schutzanlage', 'Kulturgüterschutz KGS', 'Schutzraum', 'Kulturgüterschutzraum', 'Sammelschutzraum', 'Sirene'];no;['ger'];ger;gemet;Kulturgut;bien culturel;cultural goods;beni culturali
6;707cba57-a48b-4aa6-b86d-61f544154f15;['Zivilschutz', 'Bevölkerung', 'Schutzanlage', 'Kulturgüter', 'Kulturgüterschutz KGS', 'Kulturgüterschutzraum', 'Sirene', 'Schutzraum', 'Sammelschutzraum'];no;['ger'];ger;gemet;Kulturgut;bien culturel;cultural goods;beni culturali
7;77a117cf-3248-45c5-8898-fe5a4496aa87;['Bevölkerung', 'Zivilschutz', 'Sammelschutzraum', 'Sirene', 'Kulturgüterschutz KGS', 'Kulturgüterschutzraum', 'Schutzraum', 'Kulturgüter', 'Schutzanlage'];no;['ger'];ger;gemet;Kulturgut;bien culturel;cultural goods;beni culturali
8;d6679735-a830-439a-8d13-92561f35824e;['Bevölkerung', 'Zivilschutz', 'Sammelschutzraum', 'Kulturgüterschutz KGS', 'Schutzanlage', 'Sirene', 'Kulturgüter', 'Schutzraum', 'Kulturgüterschutzraum'];no;['ger'];ger;gemet;Kulturgut;bien culturel;cultural goods;beni culturali
9;5749003c-5f04-489d-a99a-d97788add2a4;['Zivilschutz', 'Bevölkerung', 'Sirene', 'Kulturgüterschutz KGS', 'Schutzanlage', 'Sammelschutzraum', 'Kulturgüterschutzraum', 'Schutzraum', 'Kulturgüter'];no;['ger'];ger;gemet;Kulturgut;bien culturel;cultural goods;beni culturali
10;47acd7f4-b595-4d23-b7a6-7668f100b3bb;['Zivilschutz', 'Bevölkerung', 'Schutzanlage', 'Kulturgüterschutzraum', 'Schutzraum', 'Sammelschutzraum', 'Kulturgüterschutz KGS', 'Kulturgüter', 'Sirene'];no;['ger'];ger;gemet;Kulturgut;bien culturel;cultural goods;beni culturali
11;77009fb8-9a8a-4f53-81f7-a43ba3b57d77;['Kulturgüter', 'Kulturgüterschutz KGS', 'Register', 'Kanton', 'Kulturgut', 'Baudenkmal', 'Denkmalerhaltung', 'Inventar'];yes;['ger'];ger;gemet;Kulturgut;bien culturel;cultural goods;beni culturali
12;217579fb-fbfc-448c-bcbb-167c9169ae95;['Zivilschutz', 'Bevölkerung', 'Kulturgüterschutz KGS', 'Sammelschutzraum', 'Schutzanlage', 'Kulturgüterschutzraum', 'Kulturgüter', 'Sirene', 'Schutzraum'];no;['ger'];ger;gemet;Kulturgut;bien culturel;cultural goods;beni culturali
13;94f3dc65-25a5-4551-938f-49d65df03ac7;['Bevölkerung', 'Zivilschutz', 'Kulturgüterschutz KGS', 'Schutzanlage', 'Sammelschutzraum', 'Schutzraum', 'Sirene', 'Kulturgüterschutzraum', 'Kulturgüter'];no;['ger'];ger;gemet;Kulturgut;bien culturel;cultural goods;beni culturali
14;4f10eec3-2e2b-49f5-86cc-0c2e9746ef3e;['Bevölkerung', 'Zivilschutz', 'Sammelschutzraum', 'Schutzraum', 'Schutzanlage', 'Kulturgüter', 'Kulturgüterschutzraum', 'Kulturgüterschutz KGS', 'Sirene'];no;['ger'];ger;gemet;Kulturgut;bien culturel;cultural goods;beni culturali
15;a49d189d-1eaf-4cf8-9390-41c3c829998e;['Bevölkerung', 'Zivilschutz', 'Schutzraum', 'Kulturgüterschutzraum', 'Kulturgüter', 'Sirene', 'Schutzanlage', 'Kulturgüterschutz KGS', 'Sammelschutzraum'];no;['ger'];ger;gemet;Kulturgut;bien culturel;cultural goods;beni culturali
16;c6de75c3-32c5-45c5-b971-730542ca7de8;['Zivilschutz', 'Bevölkerung', 'Kulturgüter', 'Sammelschutzraum', 'Kulturgüterschutzraum', 'Schutzraum', 'Sirene', 'Schutzanlage', 'Kulturgüterschutz KGS'];no;['ger'];ger;gemet;Kulturgut;bien culturel;cultural goods;beni culturali
17;e9abcc9e-4f76-46b1-9489-4bdeac6904ca;['Zivilschutz', 'Bevölkerung', 'Kulturgüterschutz KGS', 'Kulturgüterschutzraum', 'Kulturgüter', 'Sammelschutzraum', 'Sirene', 'Schutzraum', 'Schutzanlage'];no;['ger'];ger;gemet;Kulturgut;bien culturel;cultural goods;beni culturali
18;ff193428-6466-4151-8243-0beb516f9b8c;['Zivilschutz', 'Bevölkerung', 'Sirene', 'Kulturgüterschutz KGS', 'Schutzanlage', 'Kulturgüter', 'Schutzraum', 'Sammelschutzraum', 'Kulturgüterschutzraum'];no;['ger'];ger;gemet;Kulturgut;bien culturel;cultural goods;beni culturali
19;e9c82219-6691-4933-97a9-def1be09eb76;['Zivilschutz', 'Bevölkerung', 'Schutzraum', 'Kulturgüter', 'Schutzanlage', 'Sammelschutzraum', 'Sirene', 'Kulturgüterschutzraum', 'Kulturgüterschutz KGS'];no;['ger'];ger;gemet;Kulturgut;bien culturel;cultural goods;beni culturali
20;4b4889a8-2233-4765-9855-b5b385adaf67;['Bevölkerung', 'Zivilschutz', 'Kulturgüterschutz KGS', 'Schutzraum', 'Kulturgüter', 'Sirene', 'Kulturgüterschutzraum', 'Schutzanlage', 'Sammelschutzraum'];no;['ger'];ger;gemet;Kulturgut;bien culturel;cultural goods;beni culturali
21;a456ef9b-d49a-4a07-bdce-0c9fdd0223ba;['Zivilschutz', 'Bevölkerung', 'Schutzraum', 'Kulturgüter', 'Sammelschutzraum', 'Kulturgüterschutz KGS', 'Kulturgüterschutzraum', 'Sirene', 'Schutzanlage'];no;['ger'];ger;gemet;Kulturgut;bien culturel;cultural goods;beni culturali
22;b152e318-08d4-493e-93cb-964554670a6f;['Zivilschutz', 'Bevölkerung', 'Sammelschutzraum', 'Kulturgüter', 'Kulturgüterschutz KGS', 'Schutzraum', 'Schutzanlage', 'Sirene', 'Kulturgüterschutzraum'];no;['ger'];ger;gemet;Kulturgut;bien culturel;cultural goods;beni culturali
23;2cd27b5f-ce6a-4dc8-8d78-df7c67bf2e24;['Zivilschutz', 'Bevölkerung', 'Schutzanlage', 'Kulturgüterschutz KGS', 'Schutzraum', 'Sammelschutzraum', 'Kulturgüterschutzraum', 'Kulturgüter', 'Sirene'];no;['ger'];ger;gemet;Kulturgut;bien culturel;cultural goods;beni culturali
24;37eae25d-db5a-4ac7-a151-2f25d3521f26;['Bevölkerung', 'Zivilschutz', 'Kulturgüterschutz KGS', 'Schutzraum', 'Kulturgüterschutzraum', 'Kulturgüter', 'Schutzanlage', 'Sirene', 'Sammelschutzraum'];no;['ger'];ger;gemet;Kulturgut;bien culturel;cultural goods;beni culturali
