﻿;uuid;keywords;new_kw_present;languages;multiple_languages;type;new_kw_de;new_kw_fr;new_kw_en;new_kw_it
0;5e028a41-7dc7-4fa2-88b0-4a89482a0302;['Schutzraum', 'abri', 'rifugio', 'shelter', 'Kulturgüterschutzraum', 'abri pour biens culturels', 'rifugio per bieni culturali', 'shelter for the protection of Cultural Property', 'Sirene', 'sirène', 'sirena', 'siren', 'Schutzanlage', 'installation de protection', 'impianto di protezione', 'Sammelschutzraum', 'abri commun'];yes;['FR', 'IT', 'EN', 'RM', 'DE'];multiple;geocat;Schutzraum;abri;shelter;rifugio
1;5239c9c5-1197-454a-8ab2-85042d173bee;['Zivilschutz', 'Bevölkerung', 'Kulturgüterschutz KGS', 'Schutzraum', 'Sammelschutzraum', 'Kulturgüterschutzraum', 'Sirene', 'Schutzanlage', 'Kulturgüter'];yes;['ger'];ger;geocat;Schutzraum;abri;shelter;rifugio
2;1a7cb0fc-fdc6-4902-9652-8bf9ad616448;['Bevölkerung', 'Zivilschutz', 'Kulturgüter', 'Schutzanlage', 'Kulturgüterschutz KGS', 'Schutzraum', 'Kulturgüterschutzraum', 'Sammelschutzraum', 'Sirene'];yes;['ger'];ger;geocat;Schutzraum;abri;shelter;rifugio
3;707cba57-a48b-4aa6-b86d-61f544154f15;['Zivilschutz', 'Bevölkerung', 'Schutzanlage', 'Kulturgüter', 'Kulturgüterschutz KGS', 'Kulturgüterschutzraum', 'Sirene', 'Schutzraum', 'Sammelschutzraum'];yes;['ger'];ger;geocat;Schutzraum;abri;shelter;rifugio
4;77a117cf-3248-45c5-8898-fe5a4496aa87;['Bevölkerung', 'Zivilschutz', 'Sammelschutzraum', 'Sirene', 'Kulturgüterschutz KGS', 'Kulturgüterschutzraum', 'Schutzraum', 'Kulturgüter', 'Schutzanlage'];yes;['ger'];ger;geocat;Schutzraum;abri;shelter;rifugio
5;d6679735-a830-439a-8d13-92561f35824e;['Bevölkerung', 'Zivilschutz', 'Sammelschutzraum', 'Kulturgüterschutz KGS', 'Schutzanlage', 'Sirene', 'Kulturgüter', 'Schutzraum', 'Kulturgüterschutzraum'];yes;['ger'];ger;geocat;Schutzraum;abri;shelter;rifugio
6;5749003c-5f04-489d-a99a-d97788add2a4;['Zivilschutz', 'Bevölkerung', 'Sirene', 'Kulturgüterschutz KGS', 'Schutzanlage', 'Sammelschutzraum', 'Kulturgüterschutzraum', 'Schutzraum', 'Kulturgüter'];yes;['ger'];ger;geocat;Schutzraum;abri;shelter;rifugio
7;47acd7f4-b595-4d23-b7a6-7668f100b3bb;['Zivilschutz', 'Bevölkerung', 'Schutzanlage', 'Kulturgüterschutzraum', 'Schutzraum', 'Sammelschutzraum', 'Kulturgüterschutz KGS', 'Kulturgüter', 'Sirene'];yes;['ger'];ger;geocat;Schutzraum;abri;shelter;rifugio
8;217579fb-fbfc-448c-bcbb-167c9169ae95;['Zivilschutz', 'Bevölkerung', 'Kulturgüterschutz KGS', 'Sammelschutzraum', 'Schutzanlage', 'Kulturgüterschutzraum', 'Kulturgüter', 'Sirene', 'Schutzraum'];yes;['ger'];ger;geocat;Schutzraum;abri;shelter;rifugio
9;94f3dc65-25a5-4551-938f-49d65df03ac7;['Bevölkerung', 'Zivilschutz', 'Kulturgüterschutz KGS', 'Schutzanlage', 'Sammelschutzraum', 'Schutzraum', 'Sirene', 'Kulturgüterschutzraum', 'Kulturgüter'];yes;['ger'];ger;geocat;Schutzraum;abri;shelter;rifugio
10;4f10eec3-2e2b-49f5-86cc-0c2e9746ef3e;['Bevölkerung', 'Zivilschutz', 'Sammelschutzraum', 'Schutzraum', 'Schutzanlage', 'Kulturgüter', 'Kulturgüterschutzraum', 'Kulturgüterschutz KGS', 'Sirene'];yes;['ger'];ger;geocat;Schutzraum;abri;shelter;rifugio
11;c6de75c3-32c5-45c5-b971-730542ca7de8;['Zivilschutz', 'Bevölkerung', 'Kulturgüter', 'Sammelschutzraum', 'Kulturgüterschutzraum', 'Schutzraum', 'Sirene', 'Schutzanlage', 'Kulturgüterschutz KGS'];yes;['ger'];ger;geocat;Schutzraum;abri;shelter;rifugio
12;e9abcc9e-4f76-46b1-9489-4bdeac6904ca;['Zivilschutz', 'Bevölkerung', 'Kulturgüterschutz KGS', 'Kulturgüterschutzraum', 'Kulturgüter', 'Sammelschutzraum', 'Sirene', 'Schutzraum', 'Schutzanlage'];yes;['ger'];ger;geocat;Schutzraum;abri;shelter;rifugio
13;ff193428-6466-4151-8243-0beb516f9b8c;['Zivilschutz', 'Bevölkerung', 'Sirene', 'Kulturgüterschutz KGS', 'Schutzanlage', 'Kulturgüter', 'Schutzraum', 'Sammelschutzraum', 'Kulturgüterschutzraum'];yes;['ger'];ger;geocat;Schutzraum;abri;shelter;rifugio
14;e9c82219-6691-4933-97a9-def1be09eb76;['Zivilschutz', 'Bevölkerung', 'Schutzraum', 'Kulturgüter', 'Schutzanlage', 'Sammelschutzraum', 'Sirene', 'Kulturgüterschutzraum', 'Kulturgüterschutz KGS'];yes;['ger'];ger;geocat;Schutzraum;abri;shelter;rifugio
15;4b4889a8-2233-4765-9855-b5b385adaf67;['Bevölkerung', 'Zivilschutz', 'Kulturgüterschutz KGS', 'Schutzraum', 'Kulturgüter', 'Sirene', 'Kulturgüterschutzraum', 'Schutzanlage', 'Sammelschutzraum'];yes;['ger'];ger;geocat;Schutzraum;abri;shelter;rifugio
16;a456ef9b-d49a-4a07-bdce-0c9fdd0223ba;['Zivilschutz', 'Bevölkerung', 'Schutzraum', 'Kulturgüter', 'Sammelschutzraum', 'Kulturgüterschutz KGS', 'Kulturgüterschutzraum', 'Sirene', 'Schutzanlage'];yes;['ger'];ger;geocat;Schutzraum;abri;shelter;rifugio
17;b152e318-08d4-493e-93cb-964554670a6f;['Zivilschutz', 'Bevölkerung', 'Sammelschutzraum', 'Kulturgüter', 'Kulturgüterschutz KGS', 'Schutzraum', 'Schutzanlage', 'Sirene', 'Kulturgüterschutzraum'];yes;['ger'];ger;geocat;Schutzraum;abri;shelter;rifugio
18;a49d189d-1eaf-4cf8-9390-41c3c829998e;['Bevölkerung', 'Zivilschutz', 'Schutzraum', 'Kulturgüterschutzraum', 'Kulturgüter', 'Sirene', 'Schutzanlage', 'Kulturgüterschutz KGS', 'Sammelschutzraum'];yes;['ger'];ger;geocat;Schutzraum;abri;shelter;rifugio
19;2cd27b5f-ce6a-4dc8-8d78-df7c67bf2e24;['Zivilschutz', 'Bevölkerung', 'Schutzanlage', 'Kulturgüterschutz KGS', 'Schutzraum', 'Sammelschutzraum', 'Kulturgüterschutzraum', 'Kulturgüter', 'Sirene'];yes;['ger'];ger;geocat;Schutzraum;abri;shelter;rifugio
20;37eae25d-db5a-4ac7-a151-2f25d3521f26;['Bevölkerung', 'Zivilschutz', 'Kulturgüterschutz KGS', 'Schutzraum', 'Kulturgüterschutzraum', 'Kulturgüter', 'Schutzanlage', 'Sirene', 'Sammelschutzraum'];yes;['ger'];ger;geocat;Schutzraum;abri;shelter;rifugio
