﻿;uuid;keywords;new_kw_present;languages;multiple_languages;type;new_kw_de;new_kw_fr;new_kw_en;new_kw_it
0;f954beeb-7f1e-44a4-b975-19ea9b8c369f;['Bodennutzung', 'Usage des sols', 'Utilizzo del territorio', 'Land use', 'Bodenbedeckung', 'Occupation des terres', 'Copertura del suolo', 'Land cover', 'Luftbildinterpretation', 'interprétation de photos aériennes', 'interpretazione di fotografie aeree', 'aerial photo interpretation', 'Vegetation', 'végétation', 'vegetazione', 'vegetation', 'FSDI Federal Spatial Data Infrastructure', 'BGDI Bundesgeodaten-Infrastruktur', 'IFDG Infrastruttura federale dei dati geografici', 'IFDG l’Infrastructure Fédérale de données géographiques'];no;['FR', 'IT', 'EN', 'RM', 'DE'];multiple;gemet;Luftbild;photographie aérienne;aerial photograph;fotografia aerea (immagine)
1;260bbbe0-0c10-4a31-b566-cd0d6f143a09;['Bodennutzung', 'Usage des sols', 'Utilizzo del territorio', 'Land use', 'Bodenbedeckung', 'Occupation des terres', 'Copertura del suolo', 'Land cover', 'Luftbildinterpretation', 'interprétation de photos aériennes', 'interpretazione di fotografie aeree', 'aerial photo interpretation', 'Vegetation', 'végétation', 'vegetazione', 'vegetation', 'FSDI Federal Spatial Data Infrastructure', 'BGDI Bundesgeodaten-Infrastruktur', 'IFDG Infrastruttura federale dei dati geografici', 'IFDG l’Infrastructure Fédérale de données géographiques'];no;['FR', 'IT', 'EN', 'RM', 'DE'];multiple;gemet;Luftbild;photographie aérienne;aerial photograph;fotografia aerea (immagine)
2;8ac687ee-ad27-4ac7-8c1c-b64abee9e3b3;['Bodenbedeckung', 'Occupation des terres', 'Copertura del suolo', 'Land cover', 'Bodennutzung', 'Usage des sols', 'Utilizzo del territorio', 'Land use', 'Luftbildinterpretation', 'interprétation de photos aériennes', 'interpretazione di fotografie aeree', 'aerial photo interpretation', 'Vegetation', 'végétation', 'vegetazione', 'vegetation', 'FSDI Federal Spatial Data Infrastructure', 'BGDI Bundesgeodaten-Infrastruktur', 'IFDG Infrastruttura federale dei dati geografici', 'IFDG l’Infrastructure Fédérale de données géographiques'];no;['FR', 'IT', 'EN', 'RM', 'DE'];multiple;gemet;Luftbild;photographie aérienne;aerial photograph;fotografia aerea (immagine)
3;1c6bc7a0-b243-49f0-9078-6576b37716b7;['Bodenbedeckung', 'Occupation des terres', 'Copertura del suolo', 'Land cover', 'Bodennutzung', 'Usage des sols', 'Utilizzo del territorio', 'Land use', 'Luftbildinterpretation', 'interprétation de photos aériennes', 'interpretazione di fotografie aeree', 'aerial photo interpretation', 'Vegetation', 'végétation', 'vegetazione', 'vegetation', 'FSDI Federal Spatial Data Infrastructure', 'BGDI Bundesgeodaten-Infrastruktur', 'IFDG Infrastruttura federale dei dati geografici', 'IFDG l’Infrastructure Fédérale de données géographiques'];no;['FR', 'IT', 'EN', 'RM', 'DE'];multiple;gemet;Luftbild;photographie aérienne;aerial photograph;fotografia aerea (immagine)
4;0dff304b-d90c-4f9c-bd9d-f3c315a128c2;['Bodenbedeckung', 'Occupation des terres', 'Copertura del suolo', 'Land cover', 'Bodennutzung', 'Usage des sols', 'Utilizzo del territorio', 'Land use', 'Luftbildinterpretation', 'interprétation de photos aériennes', 'interpretazione di fotografie aeree', 'aerial photo interpretation', 'Vegetation', 'végétation', 'vegetazione', 'vegetation', 'FSDI Federal Spatial Data Infrastructure', 'BGDI Bundesgeodaten-Infrastruktur', 'IFDG Infrastruttura federale dei dati geografici', 'IFDG l’Infrastructure Fédérale de données géographiques'];no;['FR', 'IT', 'EN', 'RM', 'DE'];multiple;gemet;Luftbild;photographie aérienne;aerial photograph;fotografia aerea (immagine)
5;af74a95b-7295-47b8-8cfe-795e9a09a086;['Bodenbedeckung', 'Occupation des terres', 'Copertura del suolo', 'Land cover', 'Bodennutzung', 'Usage des sols', 'Utilizzo del territorio', 'Land use', 'Luftbildinterpretation', 'interprétation de photos aériennes', 'interpretazione di fotografie aeree', 'aerial photo interpretation', 'Vegetation', 'végétation', 'vegetazione', 'vegetation', 'FSDI Federal Spatial Data Infrastructure', 'BGDI Bundesgeodaten-Infrastruktur', 'IFDG Infrastruttura federale dei dati geografici', 'IFDG l’Infrastructure Fédérale de données géographiques'];no;['FR', 'IT', 'EN', 'RM', 'DE'];multiple;gemet;Luftbild;photographie aérienne;aerial photograph;fotografia aerea (immagine)
6;b53c03bb-a168-491f-b266-c7e9ec0af320;['Bodenbedeckung', 'Occupation des terres', 'Copertura del suolo', 'Land cover', 'Bodennutzung', 'Usage des sols', 'Utilizzo del territorio', 'Land use', 'Luftbildinterpretation', 'interprétation de photos aériennes', 'interpretazione di fotografie aeree', 'aerial photo interpretation', 'Vegetation', 'végétation', 'vegetazione', 'vegetation', 'FSDI Federal Spatial Data Infrastructure', 'BGDI Bundesgeodaten-Infrastruktur', 'IFDG Infrastruttura federale dei dati geografici', 'IFDG l’Infrastructure Fédérale de données géographiques'];no;['FR', 'IT', 'EN', 'RM', 'DE'];multiple;gemet;Luftbild;photographie aérienne;aerial photograph;fotografia aerea (immagine)
7;5082c28a-33cc-47d6-a577-a6118238def5;['Bodennutzung', 'Usage des sols', 'Utilizzo del territorio', 'Land use', 'Bodenbedeckung', 'Occupation des terres', 'Copertura del suolo', 'Land cover', 'Luftbildinterpretation', 'interprétation de photos aériennes', 'interpretazione di fotografie aeree', 'aerial photo interpretation', 'Vegetation', 'végétation', 'vegetazione', 'vegetation', 'FSDI Federal Spatial Data Infrastructure', 'BGDI Bundesgeodaten-Infrastruktur', 'IFDG Infrastruttura federale dei dati geografici', 'IFDG l’Infrastructure Fédérale de données géographiques'];no;['FR', 'IT', 'EN', 'RM', 'DE'];multiple;gemet;Luftbild;photographie aérienne;aerial photograph;fotografia aerea (immagine)
8;5257c12e-bb39-4983-a98a-8103cb3f1611;['Bodenbedeckung', 'Occupation des terres', 'Copertura del suolo', 'Land cover', 'Bodennutzung', 'Usage des sols', 'Utilizzo del territorio', 'Land use', 'Luftbildinterpretation', 'interprétation de photos aériennes', 'interpretazione di fotografie aeree', 'aerial photo interpretation', 'Vegetation', 'végétation', 'vegetazione', 'vegetation', 'FSDI Federal Spatial Data Infrastructure', 'BGDI Bundesgeodaten-Infrastruktur', 'IFDG Infrastruttura federale dei dati geografici', 'IFDG l’Infrastructure Fédérale de données géographiques'];no;['FR', 'IT', 'EN', 'RM', 'DE'];multiple;gemet;Luftbild;photographie aérienne;aerial photograph;fotografia aerea (immagine)
9;90a4ba84-6ab1-4a92-b25f-d5cfaa7b873c;"['Geobasisdaten', 'géodonnées de base', 'geodati di base', 'official geodata', 'Luftbildinterpretation', 'interprétation de photos aériennes', 'interpretazione di fotografie aeree', 'aerial photo interpretation', 'Aufbewahrungs- und Archivierungsplanung AAP - Bund', ""Planification de la conservation et de l'archivage AAP - Conféderation"", 'Pianificazione della conservazione e dell’archiviazione AAP - Confederazione', 'Conservation and archiving planning AAP - Confederation', 'Bodenbedeckung', 'Occupation des terres', 'Copertura del suolo', 'Land cover', 'Bodennutzung', 'Usage des sols', 'Utilizzo del territorio', 'Land use', 'Vegetation', 'végétation', 'vegetazione', 'vegetation']";no;['FR', 'IT', 'EN', 'DE'];multiple;gemet;Luftbild;photographie aérienne;aerial photograph;fotografia aerea (immagine)
10;2da61838-68bf-4a64-9d9f-05236cde1bf1;"['Aufbewahrungs- und Archivierungsplanung AAP - Bund', ""Planification de la conservation et de l'archivage AAP - Conféderation"", 'Pianificazione della conservazione e dell’archiviazione AAP - Confederazione', 'Conservation and archiving planning AAP - Confederation', 'Geobasisdaten', 'géodonnées de base', 'geodati di base', 'official geodata', 'Luftbildinterpretation', 'interprétation de photos aériennes', 'interpretazione di fotografie aeree', 'aerial photo interpretation', 'Bodennutzung', 'Usage des sols', 'Utilizzo del territorio', 'Land use', 'Bodenbedeckung', 'Occupation des terres', 'Copertura del suolo', 'Land cover', 'Vegetation', 'végétation', 'vegetazione', 'vegetation']";no;['FR', 'IT', 'EN', 'DE'];multiple;gemet;Luftbild;photographie aérienne;aerial photograph;fotografia aerea (immagine)
11;f03f085a-6bff-4063-b664-5546e32ba2e2;"['Luftbildinterpretation', 'interprétation de photos aériennes', 'interpretazione di fotografie aeree', 'aerial photo interpretation', 'Geobasisdaten', 'géodonnées de base', 'geodati di base', 'official geodata', 'Aufbewahrungs- und Archivierungsplanung AAP - Bund', ""Planification de la conservation et de l'archivage AAP - Conféderation"", 'Pianificazione della conservazione e dell’archiviazione AAP - Confederazione', 'Conservation and archiving planning AAP - Confederation', 'Kartografische Generalisierung', 'généralisation cartographique', 'generalizzazione cartografica', 'cartographic generalisation', 'e-geo.ch', 'e-geo.ch', 'e-geo.ch', 'e-geo.ch', 'Bodennutzung', 'Usage des sols', 'Utilizzo del territorio', 'Land use', 'Bodenbedeckung', 'Occupation des terres', 'Copertura del suolo', 'Land cover', 'Vegetation', 'végétation', 'vegetazione', 'vegetation', 'FSDI Federal Spatial Data Infrastructure', 'BGDI Bundesgeodaten-Infrastruktur', 'IFDG Infrastruttura federale dei dati geografici', 'IFDG l’Infrastructure Fédérale de données géographiques']";no;['FR', 'IT', 'EN', 'RM', 'DE'];multiple;gemet;Luftbild;photographie aérienne;aerial photograph;fotografia aerea (immagine)
12;826921fb-2bf7-44af-a71a-af56bda3dd6d;"['Geobasisdaten', 'géodonnées de base', 'geodati di base', 'official geodata', 'Natur und Landschaft', 'Nature et paysage', 'Natura e paesaggio', 'Nature and Landscape', 'Aufbewahrungs- und Archivierungsplanung AAP - Bund', ""Planification de la conservation et de l'archivage AAP - Conféderation"", 'Pianificazione della conservazione e dell’archiviazione AAP - Confederazione', 'Conservation and archiving planning AAP - Confederation', 'Luftbildinterpretation', 'interprétation de photos aériennes', 'interpretazione di fotografie aeree', 'aerial photo interpretation', 'Bodenbedeckung', 'Occupation des terres', 'Copertura del suolo', 'Land cover', 'Bodennutzung', 'Usage des sols', 'Utilizzo del territorio', 'Land use', 'Luftbild', 'photographie aérienne', 'fotografia aerea (immagine)', 'aerial photograph', 'Gebietspolitik', 'politique territoriale', 'politica territoriale', 'territorial policy', 'Vegetation', 'végétation', 'vegetazione', 'vegetation', 'Territorium', 'territoire', 'territorio (ecologia)', 'territory', 'Photo', 'photo', 'fotografia (immagine)', 'photograph', 'FSDI Federal Spatial Data Infrastructure', 'BGDI Bundesgeodaten-Infrastruktur', 'IFDG Infrastruttura federale dei dati geografici', 'IFDG l’Infrastructure Fédérale de données géographiques']";yes;['FR', 'IT', 'EN', 'DE', 'RM'];multiple;gemet;Luftbild;photographie aérienne;aerial photograph;fotografia aerea (immagine)
13;3b8a3330-e63d-439c-b827-c0f0bddb092a;['Occupation des terres', 'Bodenbedeckung', 'Copertura del suolo', 'Land cover', 'Usage des sols', 'Bodennutzung', 'Utilizzo del territorio', 'Land use', 'végétation', 'Vegetation', 'vegetazione', 'vegetation', 'interprétation de photos aériennes', 'Luftbildinterpretation', 'interpretazione di fotografie aeree', 'aerial photo interpretation'];no;['DE', 'IT', 'EN', 'RM', 'FR'];multiple;gemet;Luftbild;photographie aérienne;aerial photograph;fotografia aerea (immagine)
