﻿;uuid;keywords;new_kw_present;languages;multiple_languages;type;new_kw_de;new_kw_fr;new_kw_en;new_kw_it
0;c83d46f0-3e28-460f-83c4-1eb44bb85071;"['Vektor', 'vecteur', 'vettore', 'vector', 'Bodennutzung', 'Usage des sols', 'Utilizzo del territorio', 'Land use', 'Schutzgebiete', 'Sites protégés', 'Siti protetti', 'Protected sites', 'INSPIRE', 'INSPIRE', 'INSPIRE', 'INSPIRE', 'Mineralische Bauabfälle', 'Déchets de construction minérale', 'Rifiuti da costruzione minerale', 'Mineral construction waste', 'Grundnutzung', 'affectation primaire', 'utilizzazione di base', 'primary use', 'Gestaltungsplan', ""plan d'aménagement"", ""piano d'edificabilità"", 'development plan', 'Bauzone', 'zone à bâtir', 'zona edificabile', 'construction zone', 'Zone', 'zone', 'zona', 'zone', 'Lokal', 'Local', 'Locali', 'Local']";no;['FR', 'IT', 'EN', 'DE'];multiple;gemet;Bauabfälle;déchets de construction;construction waste;rifiuti da costruzione
1;2489f15d-7afb-4836-ab38-3ccde3787a01;"['Bodennutzung', 'Usage des sols', 'Utilizzo del territorio', 'Land use', 'Schutzgebiete', 'Sites protégés', 'Siti protetti', 'Protected sites', 'INSPIRE', 'INSPIRE', 'INSPIRE', 'INSPIRE', 'Mineralische Bauabfälle', 'Déchets de construction minérale', 'Rifiuti da costruzione minerale', 'Mineral construction waste', 'Grundnutzung', 'affectation primaire', 'utilizzazione di base', 'primary use', 'Gestaltungsplan', ""plan d'aménagement"", ""piano d'edificabilità"", 'development plan', 'Bauzone', 'zone à bâtir', 'zona edificabile', 'construction zone', 'Zone', 'zone', 'zona', 'zone', 'Vektor', 'vecteur', 'vettore', 'vector', 'Lokal', 'Local', 'Locali', 'Local']";no;['FR', 'IT', 'EN', 'DE'];multiple;gemet;Bauabfälle;déchets de construction;construction waste;rifiuti da costruzione
2;f7712474-0ecb-4e4b-915d-450030cfc4c4;"['Vektor', 'vecteur', 'vettore', 'vector', 'Bodennutzung', 'Usage des sols', 'Utilizzo del territorio', 'Land use', 'Schutzgebiete', 'Sites protégés', 'Siti protetti', 'Protected sites', 'INSPIRE', 'INSPIRE', 'INSPIRE', 'INSPIRE', 'Mineralische Bauabfälle', 'Déchets de construction minérale', 'Rifiuti da costruzione minerale', 'Mineral construction waste', 'Grundnutzung', 'affectation primaire', 'utilizzazione di base', 'primary use', 'Gestaltungsplan', ""plan d'aménagement"", ""piano d'edificabilità"", 'development plan', 'Bauzone', 'zone à bâtir', 'zona edificabile', 'construction zone', 'Zone', 'zone', 'zona', 'zone', 'Lokal', 'Local', 'Locali', 'Local']";no;['FR', 'IT', 'EN', 'DE'];multiple;gemet;Bauabfälle;déchets de construction;construction waste;rifiuti da costruzione
3;308bbb89-f787-4633-9c37-e0f10aad8fcf;"['Vektor', 'vecteur', 'vettore', 'vector', 'Bodennutzung', 'Usage des sols', 'Utilizzo del territorio', 'Land use', 'Schutzgebiete', 'Sites protégés', 'Siti protetti', 'Protected sites', 'INSPIRE', 'INSPIRE', 'INSPIRE', 'INSPIRE', 'Mineralische Bauabfälle', 'Déchets de construction minérale', 'Rifiuti da costruzione minerale', 'Mineral construction waste', 'Grundnutzung', 'affectation primaire', 'utilizzazione di base', 'primary use', 'Gestaltungsplan', ""plan d'aménagement"", ""piano d'edificabilità"", 'development plan', 'Bauzone', 'zone à bâtir', 'zona edificabile', 'construction zone', 'Zone', 'zone', 'zona', 'zone', 'Lokal', 'Local', 'Locali', 'Local']";no;['FR', 'IT', 'EN', 'DE'];multiple;gemet;Bauabfälle;déchets de construction;construction waste;rifiuti da costruzione
4;27f3cffc-4c50-47bf-a8e3-4560d997e9c6;"['Vektor', 'vecteur', 'vettore', 'vector', 'Bodennutzung', 'Usage des sols', 'Utilizzo del territorio', 'Land use', 'Schutzgebiete', 'Sites protégés', 'Siti protetti', 'Protected sites', 'INSPIRE', 'INSPIRE', 'INSPIRE', 'INSPIRE', 'Mineralische Bauabfälle', 'Déchets de construction minérale', 'Rifiuti da costruzione minerale', 'Mineral construction waste', 'Grundnutzung', 'affectation primaire', 'utilizzazione di base', 'primary use', 'Gestaltungsplan', ""plan d'aménagement"", ""piano d'edificabilità"", 'development plan', 'Bauzone', 'zone à bâtir', 'zona edificabile', 'construction zone', 'Zone', 'zone', 'zona', 'zone', 'Lokal', 'Local', 'Locali', 'Local']";no;['FR', 'IT', 'EN', 'DE'];multiple;gemet;Bauabfälle;déchets de construction;construction waste;rifiuti da costruzione
5;0c230074-f3f4-4ad7-b9d9-af8efcccb961;"['Vektor', 'vecteur', 'vettore', 'vector', 'Schutzgebiete', 'Sites protégés', 'Siti protetti', 'Protected sites', 'Bodennutzung', 'Usage des sols', 'Utilizzo del territorio', 'Land use', 'Zone', 'zone', 'zona', 'zone', 'INSPIRE', 'INSPIRE', 'INSPIRE', 'INSPIRE', 'Bauzone', 'zone à bâtir', 'zona edificabile', 'construction zone', 'Grundnutzung', 'affectation primaire', 'utilizzazione di base', 'primary use', 'Mineralische Bauabfälle', 'Déchets de construction minérale', 'Rifiuti da costruzione minerale', 'Mineral construction waste', 'Gestaltungsplan', ""plan d'aménagement"", ""piano d'edificabilità"", 'development plan', 'Lokal', 'Local', 'Locali', 'Local']";no;['FR', 'IT', 'EN', 'DE'];multiple;gemet;Bauabfälle;déchets de construction;construction waste;rifiuti da costruzione
6;06dcac9e-c7ef-462e-b639-efc1eb2b63c8;"['Vektor', 'vecteur', 'vettore', 'vector', 'Bodennutzung', 'Usage des sols', 'Utilizzo del territorio', 'Land use', 'Schutzgebiete', 'Sites protégés', 'Siti protetti', 'Protected sites', 'INSPIRE', 'INSPIRE', 'INSPIRE', 'INSPIRE', 'Mineralische Bauabfälle', 'Déchets de construction minérale', 'Rifiuti da costruzione minerale', 'Mineral construction waste', 'Grundnutzung', 'affectation primaire', 'utilizzazione di base', 'primary use', 'Gestaltungsplan', ""plan d'aménagement"", ""piano d'edificabilità"", 'development plan', 'Bauzone', 'zone à bâtir', 'zona edificabile', 'construction zone', 'Zone', 'zone', 'zona', 'zone', 'Lokal', 'Local', 'Locali', 'Local']";no;['FR', 'IT', 'EN', 'DE'];multiple;gemet;Bauabfälle;déchets de construction;construction waste;rifiuti da costruzione
7;87aa0f74-5f6f-4967-970d-a2b20f0d5e34;"['Vektor', 'vecteur', 'vettore', 'vector', 'Bodennutzung', 'Usage des sols', 'Utilizzo del territorio', 'Land use', 'Schutzgebiete', 'Sites protégés', 'Siti protetti', 'Protected sites', 'INSPIRE', 'INSPIRE', 'INSPIRE', 'INSPIRE', 'Mineralische Bauabfälle', 'Déchets de construction minérale', 'Rifiuti da costruzione minerale', 'Mineral construction waste', 'Grundnutzung', 'affectation primaire', 'utilizzazione di base', 'primary use', 'Gestaltungsplan', ""plan d'aménagement"", ""piano d'edificabilità"", 'development plan', 'Bauzone', 'zone à bâtir', 'zona edificabile', 'construction zone', 'Zone', 'zone', 'zona', 'zone', 'Lokal', 'Local', 'Locali', 'Local']";no;['FR', 'IT', 'EN', 'DE'];multiple;gemet;Bauabfälle;déchets de construction;construction waste;rifiuti da costruzione
8;07711d1a-111c-4722-b165-f057339d1046;"['Vektor', 'vecteur', 'vettore', 'vector', 'Bodennutzung', 'Usage des sols', 'Utilizzo del territorio', 'Land use', 'Schutzgebiete', 'Sites protégés', 'Siti protetti', 'Protected sites', 'INSPIRE', 'INSPIRE', 'INSPIRE', 'INSPIRE', 'Mineralische Bauabfälle', 'Déchets de construction minérale', 'Rifiuti da costruzione minerale', 'Mineral construction waste', 'Grundnutzung', 'affectation primaire', 'utilizzazione di base', 'primary use', 'Gestaltungsplan', ""plan d'aménagement"", ""piano d'edificabilità"", 'development plan', 'Bauzone', 'zone à bâtir', 'zona edificabile', 'construction zone', 'Zone', 'zone', 'zona', 'zone', 'Lokal', 'Local', 'Locali', 'Local']";no;['FR', 'IT', 'EN', 'DE'];multiple;gemet;Bauabfälle;déchets de construction;construction waste;rifiuti da costruzione
9;e5f27735-0df9-4f31-9c65-34fd55302ac8;"['Vektor', 'vecteur', 'vettore', 'vector', 'Bodennutzung', 'Usage des sols', 'Utilizzo del territorio', 'Land use', 'Schutzgebiete', 'Sites protégés', 'Siti protetti', 'Protected sites', 'INSPIRE', 'INSPIRE', 'INSPIRE', 'INSPIRE', 'Mineralische Bauabfälle', 'Déchets de construction minérale', 'Rifiuti da costruzione minerale', 'Mineral construction waste', 'Grundnutzung', 'affectation primaire', 'utilizzazione di base', 'primary use', 'Gestaltungsplan', ""plan d'aménagement"", ""piano d'edificabilità"", 'development plan', 'Bauzone', 'zone à bâtir', 'zona edificabile', 'construction zone', 'Zone', 'zone', 'zona', 'zone', 'Lokal', 'Local', 'Locali', 'Local']";no;['FR', 'IT', 'EN', 'DE'];multiple;gemet;Bauabfälle;déchets de construction;construction waste;rifiuti da costruzione
10;1c66fcb3-8d79-4adc-864b-89ba7aad628c;['Abbaustelle', 'mine', 'mina', 'mine', 'Bausperrgut', 'déchets de chantier tout venant', 'rifiuto edile ingombrante', 'bulky construction goods', 'Mineralische Bauabfälle', 'Déchets de construction minérale', 'Rifiuti da costruzione minerale', 'Mineral construction waste', 'Rohstoffgewinnung', 'extraction des matières premières', 'estrazione della materia prima', 'raw material extraction', 'Biogener Abfall', 'déchet biogène', 'rifiuto biogeno', 'biodegradable waste', 'Sonderabfall', 'déchet spécial', 'rifiuto speciale', 'special waste', 'Abfallablagerung', 'décharge non réglementaire', 'scarico (attività)', 'dumping', 'Altmetall', 'déchet métallique', 'rifiuto metallico', 'metal waste', 'Rekultivierung', 'mise en valeur des terres', 'conquista di territorio', 'land reclamation', 'Kompostierbarer Abfall', 'déchet fermentescible', 'rifiuto degradabile', 'compostable waste'];no;['FR', 'IT', 'EN', 'RM', 'DE'];multiple;gemet;Bauabfälle;déchets de construction;construction waste;rifiuti da costruzione
11;0e681391-b18f-4820-b7bd-19c9c29afe9f;"['Vektor', 'vecteur', 'vettore', 'vector', 'Bauwesen und gebaute Umwelt', 'bâtiment', 'edilizia', 'building', 'Landwirtschaft', 'agriculture', 'agricoltura', 'agriculture', 'Bodennutzung', 'Usage des sols', 'Utilizzo del territorio', 'Land use', 'Schutzgebiete', 'Sites protégés', 'Siti protetti', 'Protected sites', 'Gestaltungsplan', ""plan d'aménagement"", ""piano d'edificabilità"", 'development plan', 'Grundnutzung', 'affectation primaire', 'utilizzazione di base', 'primary use', 'Mineralische Bauabfälle', 'Déchets de construction minérale', 'Rifiuti da costruzione minerale', 'Mineral construction waste', 'Zone', 'zone', 'zona', 'zone', 'Bauzone', 'zone à bâtir', 'zona edificabile', 'construction zone', 'INSPIRE', 'INSPIRE', 'INSPIRE', 'INSPIRE', 'Lokal', 'Local', 'Locali', 'Local']";no;['FR', 'IT', 'EN', 'DE'];multiple;gemet;Bauabfälle;déchets de construction;construction waste;rifiuti da costruzione
12;fa90a21e-4720-4169-9ce4-97ddf75d6674;"['Kantonsstrasse', 'route cantonale', 'strada cantonale', 'cantonal road', 'Öffentliche Baute', 'construction publique', 'edificio pubblica', 'public building', 'Gasleitung', 'conduite de gaz', 'condotta di gas', 'gas pipeline', 'Schonzone', 'périmètre de protection', 'zona di rispetto', 'careful treatment zone', 'Fruchtfolgefläche FFF', ""surface d'assolement SDA"", ""superficie per l'avvicendamento delle colture"", 'surface of crop rotation SCR', 'Wildtierkorridor', 'corridor faunistique', 'corridoio faunistico', 'wildlife corridor', 'Bauzone', 'zone à bâtir', 'zona edificabile', 'construction zone', 'Mineralische Bauabfälle', 'Déchets de construction minérale', 'Rifiuti da costruzione minerale', 'Mineral construction waste', 'Ortsbild', 'site construit', 'insediamento', 'heritage site', 'Siedlungsgebiet', 'milieu bâti', 'zona di insediamento', 'settlement area', 'Bootsfahrt', 'navigation de plaisance', 'navigazione (ricreazione)', 'boating', 'Autobahn', 'autoroute', 'autostrada', 'motorway', 'Landschaftsschutzgebiet', 'zone de protection du paysage', 'area di protezione del paesaggio', 'landscape protection area', 'Erholungsgebiet', 'espace de loisirs', 'zona per la ricreazione', 'recreational area', 'Naturschutzgebiet', 'réserve naturelle nationale', 'riserve nazionali', 'national reserve', 'Inertabfall', 'déchet inerte', 'rifiuto inerte', 'inert waste', 'Radweg', 'piste cyclable', 'pista ciclabile', 'cycle path', 'Landschaftsschutz', 'protection du paysage', 'conservazione del paesaggio', 'landscape conservation', 'Hochspannungsleitung', 'ligne à haute tension', 'linea elettrica a alta tensione', 'high voltage line', 'Wanderweg', 'sentier de randonnée', 'sentiero escursionistico', 'hiking trail', 'Abbau', 'décomposition', 'decomposizione', 'decomposition', 'Rekultivierung', 'mise en valeur des terres', 'conquista di territorio', 'land reclamation', 'Bahnhof', 'gare', 'stazione', 'station', 'Militär', 'forces armées', 'forze armate', 'armed forces', 'Zoneneinteilung', 'zonage', 'zonizzazione', 'zoning', 'Siedlung', 'établissement humain', 'insediamento umano', 'human settlement', 'See', 'lac', 'lago', 'lake', 'Archäologie', 'archéologie', 'archeologia', 'archaeology', 'Renaturierung', ""rétablissement de l'état naturel"", 'rinaturazione', 'renaturation']";no;['FR', 'IT', 'EN', 'DE'];multiple;gemet;Bauabfälle;déchets de construction;construction waste;rifiuti da costruzione
