﻿;uuid;keywords;new_kw_present;languages;multiple_languages;type;new_kw_de;new_kw_fr;new_kw_en;new_kw_it
0;e246b578-b7ea-4db8-90d4-7cfd9aef77c5;['Richtplan', 'plan directeur', 'piano direttore', 'structure plan', 'Natur und Landschaft', 'Nature et paysage', 'Natura e paesaggio', 'Nature and Landscape', 'Mobilität', 'mobilité', 'mobilità', 'mobility', 'Siedlung', 'établissement humain', 'insediamento umano', 'human settlement'];no;['FR', 'IT', 'EN', 'DE'];multiple;geocat;Natur;nature;nature;natura
1;1bf16162-a44c-4970-9da1-044383bacff8;['Geologie', 'Géologie', 'Geologia', 'Geology', 'Geomorphologie', 'géomorphologie', 'geomorfologia', 'geomorphology', 'Natur und Landschaft', 'Nature et paysage', 'Natura e paesaggio', 'Nature and Landscape', 'FSDI Federal Spatial Data Infrastructure', 'BGDI Bundesgeodaten-Infrastruktur', 'IFDG Infrastruttura federale dei dati geografici', 'IFDG l’Infrastructure Fédérale de données géographiques'];no;['FR', 'IT', 'EN', 'RM', 'DE'];multiple;geocat;Natur;nature;nature;natura
2;64508bcc-8a66-4d90-bb9a-bc83c931b0c6;['Geologie', 'Géologie', 'Geologia', 'Geology', 'Wanderweg', 'sentier de randonnée', 'sentiero escursionistico', 'hiking trail', 'Natur und Landschaft', 'Nature et paysage', 'Natura e paesaggio', 'Nature and Landscape', 'Tourismus und Freizeit', 'tourisme', 'turismo', 'tourism', 'FSDI Federal Spatial Data Infrastructure', 'BGDI Bundesgeodaten-Infrastruktur', 'IFDG Infrastruttura federale dei dati geografici', 'IFDG l’Infrastructure Fédérale de données géographiques'];no;['FR', 'IT', 'EN', 'RM', 'DE'];multiple;geocat;Natur;nature;nature;natura
3;3356602e-23d5-4e42-9d75-55fe9cc2daba;['Geologie', 'Géologie', 'Geologia', 'Geology', 'Wanderweg', 'sentier de randonnée', 'sentiero escursionistico', 'hiking trail', 'Natur und Landschaft', 'Nature et paysage', 'Natura e paesaggio', 'Nature and Landscape', 'Tourismus und Freizeit', 'tourisme', 'turismo', 'tourism', 'FSDI Federal Spatial Data Infrastructure', 'BGDI Bundesgeodaten-Infrastruktur', 'IFDG Infrastruttura federale dei dati geografici', 'IFDG l’Infrastructure Fédérale de données géographiques'];no;['FR', 'IT', 'EN', 'RM', 'DE'];multiple;geocat;Natur;nature;nature;natura
4;6f4fc3a9-8dc0-4cc2-b176-f804e5157dab;['Geologie', 'Géologie', 'Geologia', 'Geology', 'Wanderweg', 'sentier de randonnée', 'sentiero escursionistico', 'hiking trail', 'Natur und Landschaft', 'Nature et paysage', 'Natura e paesaggio', 'Nature and Landscape', 'Tourismus und Freizeit', 'tourisme', 'turismo', 'tourism', 'FSDI Federal Spatial Data Infrastructure', 'BGDI Bundesgeodaten-Infrastruktur', 'IFDG Infrastruttura federale dei dati geografici', 'IFDG l’Infrastructure Fédérale de données géographiques'];no;['FR', 'IT', 'EN', 'RM', 'DE'];multiple;geocat;Natur;nature;nature;natura
5;af46b0e7-25b4-49ca-a357-c0ab6e794dd6;['Geologie', 'Géologie', 'Geologia', 'Geology', 'Wanderweg', 'sentier de randonnée', 'sentiero escursionistico', 'hiking trail', 'Natur und Landschaft', 'Nature et paysage', 'Natura e paesaggio', 'Nature and Landscape', 'Tourismus und Freizeit', 'tourisme', 'turismo', 'tourism', 'FSDI Federal Spatial Data Infrastructure', 'BGDI Bundesgeodaten-Infrastruktur', 'IFDG Infrastruttura federale dei dati geografici', 'IFDG l’Infrastructure Fédérale de données géographiques'];no;['FR', 'IT', 'EN', 'RM', 'DE'];multiple;geocat;Natur;nature;nature;natura
6;02ab142a-7ff2-4dab-abb2-5d79cf2ffcb0;['Naturschutz', 'préservation de la nature', 'conservazione della natura', 'nature conservation', 'Wald', 'bois', 'bosco', 'wood', 'Lebensräume und Biotope', 'Habitats et biotopes', 'Habitat e biotopi', 'Habitats and biotopes', 'Schutzgebiete', 'Sites protégés', 'Siti protetti', 'Protected sites', 'Natur und Landschaft', 'Nature et paysage', 'Natura e paesaggio', 'Nature and Landscape', 'INSPIRE', 'INSPIRE', 'INSPIRE', 'INSPIRE', 'National', 'Nationales', 'Nazionali', 'National'];no;['FR', 'IT', 'EN', 'DE'];multiple;geocat;Natur;nature;nature;natura
7;f1830fc4-1606-4354-a025-83c189aeb534;['Vektor', 'vecteur', 'vettore', 'vector', 'Schutzgebiet', 'espace protégé', 'area protetta', 'protected area', 'Schutzgebiete', 'Sites protégés', 'Siti protetti', 'Protected sites', 'INSPIRE', 'INSPIRE', 'INSPIRE', 'INSPIRE', 'Natur und Landschaft', 'Nature et paysage', 'Natura e paesaggio', 'Nature and Landscape', 'National', 'Nationales', 'Nazionali', 'National'];no;['FR', 'IT', 'EN', 'DE'];multiple;geocat;Natur;nature;nature;natura
8;49aca3e3-0f37-4187-9e1f-c5007f6e758e;['Naturschutz', 'préservation de la nature', 'conservazione della natura', 'nature conservation', 'Naturschutzgebiet', 'réserve naturelle nationale', 'riserve nazionali', 'national reserve', 'Großpilz', 'champignon (comestible)', 'fungo', 'mushroom', 'Pilz', 'champignon (ordre végétal)', 'funghi', 'fungus', 'Schutzgebiete', 'Sites protégés', 'Siti protetti', 'Protected sites', 'INSPIRE', 'INSPIRE', 'INSPIRE', 'INSPIRE', 'Natur und Landschaft', 'Nature et paysage', 'Natura e paesaggio', 'Nature and Landscape', 'National', 'Nationales', 'Nazionali', 'National'];no;['FR', 'IT', 'EN', 'DE'];multiple;geocat;Natur;nature;nature;natura
9;085a5661-f405-4ea3-9342-ea2c3fbff74e;['Naturschutz', 'préservation de la nature', 'conservazione della natura', 'nature conservation', 'Naturschutzgebiet', 'réserve naturelle nationale', 'riserve nazionali', 'national reserve', 'Pilz', 'champignon (ordre végétal)', 'funghi', 'fungus', 'Großpilz', 'champignon (comestible)', 'fungo', 'mushroom', 'Schutzgebiete', 'Sites protégés', 'Siti protetti', 'Protected sites', 'INSPIRE', 'INSPIRE', 'INSPIRE', 'INSPIRE', 'Natur und Landschaft', 'Nature et paysage', 'Natura e paesaggio', 'Nature and Landscape', 'Lokal', 'Local', 'Locali', 'Local'];no;['FR', 'IT', 'EN', 'DE'];multiple;geocat;Natur;nature;nature;natura
10;826921fb-2bf7-44af-a71a-af56bda3dd6d;"['Geobasisdaten', 'géodonnées de base', 'geodati di base', 'official geodata', 'Natur und Landschaft', 'Nature et paysage', 'Natura e paesaggio', 'Nature and Landscape', 'Aufbewahrungs- und Archivierungsplanung AAP - Bund', ""Planification de la conservation et de l'archivage AAP - Conféderation"", 'Pianificazione della conservazione e dell’archiviazione AAP - Confederazione', 'Conservation and archiving planning AAP - Confederation', 'Bodenbedeckung', 'Occupation des terres', 'Copertura del suolo', 'Land cover', 'Bodennutzung', 'Usage des sols', 'Utilizzo del territorio', 'Land use', 'Luftbild', 'photographie aérienne', 'fotografia aerea (immagine)', 'aerial photograph', 'Gebietspolitik', 'politique territoriale', 'politica territoriale', 'territorial policy', 'Vegetation', 'végétation', 'vegetazione', 'vegetation', 'Territorium', 'territoire', 'territorio (ecologia)', 'territory', 'Photo', 'photo', 'fotografia (immagine)', 'photograph', 'FSDI Federal Spatial Data Infrastructure', 'BGDI Bundesgeodaten-Infrastruktur', 'IFDG Infrastruttura federale dei dati geografici', 'IFDG l’Infrastructure Fédérale de données géographiques']";no;['FR', 'IT', 'EN', 'DE', 'RM'];multiple;geocat;Natur;nature;nature;natura
11;09d0ed3b-7bf4-4301-bb23-2027fd160ab5;"['Flurstücke/Grundstücke (Katasterparzellen)', 'Parcelles cadastrales', 'Parcelle catastali', 'Cadastral parcels', 'Lebensräume und Biotope', 'Habitats et biotopes', 'Habitat e biotopi', 'Habitats and biotopes', 'Bodennutzung', 'Usage des sols', 'Utilizzo del territorio', 'Land use', 'Schutzgebiete', 'Sites protégés', 'Siti protetti', 'Protected sites', 'Gesetzgebung', 'législation', 'legislazione', 'legislation', 'Verwaltung, Organisation, Institutionen, Planung, Politik und -vollzug, immaterielle Massnahmen', 'administration', 'amministrazione', 'administration', 'Natürliche Lebensräume, Landschaft, Ökosysteme', 'zones naturelles, paysages, écosystèmes', 'aree naturali, paesaggio, ecosistemi', 'natural areas, landscape, ecosystems', 'Lärm, Erschütterungen', 'bruit, vibrations', 'rumore, vibrazioni', 'noise, vibrations', 'Bauwesen und gebaute Umwelt', 'bâtiment', 'edilizia', 'building', 'National', 'Nationales', 'Nazionali', 'National', 'Gewässerschutzbereich', 'secteur de protection des eaux', 'settore di protezione delle acque', 'water protection sector', 'Grundnutzung', 'affectation primaire', 'utilizzazione di base', 'primary use', 'Grundstück', 'terrain', 'fondo', 'site', 'Grundwasserschutzareal', 'périmètre de protection des eaux souterraines', 'area di protezione delle acque sotterranee', 'groundwater protection area', 'Grundwasserschutzzone', 'zone de protection des eaux souterraines', 'zona di protezione delle acque sotterranee', 'groundwater protection zone', 'Natur und Landschaft', 'Nature et paysage', 'Natura e paesaggio', 'Nature and Landscape', 'ÖREB', 'RDPPF', 'RDPP', 'OeREB', 'Gestaltungsplan', ""plan d'aménagement"", ""piano d'edificabilità"", 'development plan', 'Quartierplan', 'plan de quartier', 'piano di quartiere', 'quarter map', 'Amtliche Vermessung AV', 'mensuration officielle MO', 'misurazione ufficiale MU', 'cadastral surveying', 'Belasteter Standort', 'site pollué', 'sito inquinato', 'polluted site', 'Biotopflächen', 'Zone de biotope', 'Zona biotopo', 'Biotope area', 'Geodienst', 'géoservice', 'geoservizio', 'geoservice', 'Gewässer', 'eaux', 'acque', 'waters']";no;['FR', 'IT', 'EN', 'DE'];multiple;geocat;Natur;nature;nature;natura
12;2e239891-e647-4599-9ec8-16c0558ec61c;['flore', 'Flora', 'flora (biologia)', 'flora (biology)', 'zones naturelles, paysages, écosystèmes', 'Natürliche Lebensräume, Landschaft, Ökosysteme', 'aree naturali, paesaggio, ecosistemi', 'natural areas, landscape, ecosystems', 'Répartition des espèces', 'Verteilung der Arten', 'Distribuzione delle specie', 'Species distribution', 'Nature et paysage', 'Natur und Landschaft', 'Natura e paesaggio', 'Nature and Landscape'];no;['DE', 'IT', 'EN', 'RM', 'FR'];multiple;geocat;Natur;nature;nature;natura
13;8b41ceab-9f36-4942-b8a4-0bc6465060a0;['Nature et paysage', 'zone naturelle protégée', 'aménagement du territoire'];no;['fre'];fre;geocat;Natur;nature;nature;natura
14;c4edc4f1-fd4c-4137-b517-6c387ced4b0f;"['zone naturelle protégée', ""plan d'affectation"", 'Nature et paysage', 'aménagement du territoire', 'affectation']";no;['fre'];fre;geocat;Natur;nature;nature;natura
15;9e82ea7e-c740-4174-b63a-9449ec1bae5a;"[""plan d'affectation"", 'Nature et paysage', 'zone naturelle protégée', 'aménagement du territoire', 'affectation']";no;['fre'];fre;geocat;Natur;nature;nature;natura
16;6858606b-0f27-4f80-ab80-04e41d8cdca7;"['plan directeur', 'espace réservé aux eaux', 'Nature et paysage', 'aménagement du territoire', ""cours d'eau""]";no;['fre'];fre;geocat;Natur;nature;nature;natura
17;5bb433cc-ac1e-462e-adda-f0c88faafca0;"['Nature et paysage', 'espace réservé aux eaux', 'plan directeur', 'aménagement du territoire', ""cours d'eau""]";no;['fre'];fre;geocat;Natur;nature;nature;natura
18;06994a4b-85f7-4081-a6fb-2fbf906e3195;"['zone naturelle protégée', 'Nature et paysage', ""plan d'affectation"", 'affectation', 'aménagement du territoire']";no;['fre'];fre;geocat;Natur;nature;nature;natura
19;774fd5a1-4b5f-4a54-88ba-060d45e3fa0c;"['Nature et paysage', ""plan d'affectation"", 'zone naturelle protégée', 'aménagement du territoire', 'affectation']";no;['fre'];fre;geocat;Natur;nature;nature;natura
20;12f39fd3-a46c-447b-9daa-db16dbd0830a;"['Nature et paysage', 'zone à bâtir', 'alignement', ""plan d'affectation"", 'aménagement du territoire', 'affectation']";no;['fre'];fre;geocat;Natur;nature;nature;natura
21;f69054a4-d3f8-4abd-8d2c-bc8ab3a9bc40;"[""plan d'affectation"", 'alignement', 'Nature et paysage', 'zone à bâtir', 'affectation', 'aménagement du territoire']";no;['fre'];fre;geocat;Natur;nature;nature;natura
22;776b06c3-fa03-42e2-9d9a-468bb3ff055f;"['haut-marais', 'Nature et paysage', ""plan d'affectation"", 'zone naturelle protégée', 'bas-marais', 'aménagement du territoire', 'affectation']";no;['fre'];fre;geocat;Natur;nature;nature;natura
23;ebb50d83-0f38-442b-9efd-e441905789b5;"['haut-marais', 'zone naturelle protégée', 'Nature et paysage', ""plan d'affectation"", 'bas-marais', 'affectation', 'aménagement du territoire']";no;['fre'];fre;geocat;Natur;nature;nature;natura
24;a4ee6719-47e4-4b7b-8d07-c8199bb2cb8a;"['Aires protégées', ""plan d'affectation"", 'Nature et paysage', 'affectation', 'aménagement du territoire', 'berge']";no;['fre'];fre;geocat;Natur;nature;nature;natura
25;1106bb5f-de67-4880-8a32-6bda61805a50;"['Nature et paysage', 'zone naturelle protégée', ""plan d'affectation"", 'Zone de biotope', 'affectation', 'aménagement du territoire']";no;['fre'];fre;geocat;Natur;nature;nature;natura
26;dcbdc7b0-fdb9-43d7-bbaa-ea67f18f3fd9;"[""plan d'affectation"", 'Nature et paysage', 'vigne', 'zone naturelle protégée', 'aménagement du territoire', 'affectation']";no;['fre'];fre;geocat;Natur;nature;nature;natura
