﻿;uuid;keywords;new_kw_present;languages;multiple_languages;type;new_kw_de;new_kw_fr;new_kw_en;new_kw_it
0;d041be70-aca5-41bb-9446-d2b417c9b6f6;['Dauernde Bodenverschiebung', 'Rutschprozess', 'Amtliche Vermessung AV'];no;['ger'];ger;geocat;Rutschung;glissement de terrain;slide;franamento
1;3dc98366-ec24-4b3b-9e66-9e72f7393550;['Amtliche Vermessung AV', 'Rutschprozess', 'Dauernde Bodenverschiebung'];no;['ger'];ger;geocat;Rutschung;glissement de terrain;slide;franamento
2;6372358c-0475-484c-bf7f-9cc51e14ddb8;['Amtliche Vermessung AV', 'Dauernde Bodenverschiebung', 'Rutschprozess'];no;['ger'];ger;geocat;Rutschung;glissement de terrain;slide;franamento
3;6e821dad-cd96-463d-a53f-623f0b59d8cd;['Dauernde Bodenverschiebung', 'Rutschprozess', 'Amtliche Vermessung AV'];no;['ger'];ger;geocat;Rutschung;glissement de terrain;slide;franamento
4;c8babbba-3696-4a58-9a2b-1ad17ee0b569;['Amtliche Vermessung AV', 'Dauernde Bodenverschiebung', 'Rutschprozess'];no;['ger'];ger;geocat;Rutschung;glissement de terrain;slide;franamento
5;2959fe45-6028-4419-918d-424b1b8e404d;['Amtliche Vermessung AV', 'Dauernde Bodenverschiebung', 'Rutschprozess'];no;['ger'];ger;geocat;Rutschung;glissement de terrain;slide;franamento
6;3eae8c51-5d34-4714-bc27-51f5339d19e9;['Amtliche Vermessung AV', 'Dauernde Bodenverschiebung', 'Rutschprozess'];no;['ger'];ger;geocat;Rutschung;glissement de terrain;slide;franamento
7;27490be7-6a2c-4331-b808-7f4acfd61c74;['Dauernde Bodenverschiebung', 'Rutschprozess', 'Amtliche Vermessung AV'];no;['ger'];ger;geocat;Rutschung;glissement de terrain;slide;franamento
8;e29ec4b4-afcc-4c30-863d-66958608dadc;['Amtliche Vermessung AV', 'Dauernde Bodenverschiebung', 'Rutschprozess'];no;['ger'];ger;geocat;Rutschung;glissement de terrain;slide;franamento
9;73074942-7338-426f-80e4-6c1d7c9459af;['Dauernde Bodenverschiebung', 'Amtliche Vermessung AV', 'Rutschprozess'];no;['ger'];ger;geocat;Rutschung;glissement de terrain;slide;franamento
10;423051bc-5a74-469b-921a-9924acbc5f28;['Amtliche Vermessung AV', 'Dauernde Bodenverschiebung', 'Rutschprozess'];no;['ger'];ger;geocat;Rutschung;glissement de terrain;slide;franamento
11;e3c680a4-4a67-4455-b619-c53326824256;['Dauernde Bodenverschiebung', 'Rutschprozess', 'Amtliche Vermessung AV'];no;['ger'];ger;geocat;Rutschung;glissement de terrain;slide;franamento
12;7083867c-53ed-4cea-b5ca-042263391c15;"['Naturgefahr', 'danger naturel', 'pericolo naturale', 'natural hazard', 'Gefahrenkarte', 'carte des dangers', 'carta dei pericoli', 'hazard map', 'Wasserprozess', 'processus hydrologique', 'processo idrologico', 'water related process', 'Rutschprozess', 'processus de glissement', 'processo di scivolamento', 'Sturzprozess', ""processus d'écroulement"", 'processo di franamento', 'rockfall process']";no;['FR', 'IT', 'EN', 'DE'];multiple;geocat;Rutschung;glissement de terrain;slide;franamento
