﻿;uuid;keywords;new_kw_present;languages;multiple_languages;type;new_kw_de;new_kw_fr;new_kw_en;new_kw_it
0;809e110f-0eec-403f-bb7c-ca5384686488;['Verzeichnis', 'Strassenname'];no;['ger'];ger;geocat;Strasse;route;road;strada
1;e5db8b5e-15d2-4d93-99f9-a3ed1e8c1aa8;['Strassenname', 'Strassennetz'];no;['ger'];ger;geocat;Strasse;route;road;strada
2;512b05ae-bf15-43b7-837f-072d5979b2c8;['Strassenname', 'Strassennetz'];no;['ger'];ger;geocat;Strasse;route;road;strada
3;966fc243-08b9-4f4f-a38d-6bd1d5079fa6;['Vektor', 'vecteur', 'vettore', 'vector', 'Karte', 'cartogramme', 'mappa', 'map chart', 'Straßennetz', 'réseau routier', 'rete stradale', 'road network', 'INSPIRE', 'INSPIRE', 'INSPIRE', 'INSPIRE', 'Strassenname', 'nom de rue', 'nome di strada', 'street name', 'Verkehrsnetze', 'Réseaux de transport', 'Reti di trasporto', 'Transport networks', 'National', 'Nationales', 'Nazionali', 'National'];no;['FR', 'IT', 'EN', 'RM', 'DE'];multiple;geocat;Strasse;route;road;strada
4;7858237f-4757-4aec-8f05-d48278be104c;['Strassenname', 'Ort', 'Nummerierungsbereich', 'Amtliche Vermessung AV', 'Gebäudeadresse', 'Gebäudeadressen', 'Gebäude'];no;['ger'];ger;geocat;Strasse;route;road;strada
5;68ef711a-a883-496f-bd6e-eccd96aceced;['Strassenname', 'Ort', 'Gebäudeadressen', 'Gebäudeadresse', 'Nummerierungsbereich', 'Amtliche Vermessung AV', 'Gebäude'];no;['ger'];ger;geocat;Strasse;route;road;strada
6;30939d30-eaae-4e60-b477-309d67b3c4bd;['Strassenname', 'Amtliche Vermessung AV', 'Gebäudeadressen', 'Ort', 'Gebäudeadresse', 'Nummerierungsbereich', 'Gebäude'];no;['ger'];ger;geocat;Strasse;route;road;strada
7;528bcae2-f086-4fc8-9e06-bbf97e329995;['Amtliche Vermessung AV', 'Strassenname', 'Nummerierungsbereich', 'Ort', 'Gebäudeadresse', 'Gebäudeadressen', 'Gebäude'];no;['ger'];ger;geocat;Strasse;route;road;strada
8;d58b756f-0be3-456a-9ca6-db9bced2d6a2;['Ort', 'Nummerierungsbereich', 'Gebäudeadressen', 'Amtliche Vermessung AV', 'Gebäudeadresse', 'Strassenname', 'Gebäude'];no;['ger'];ger;geocat;Strasse;route;road;strada
9;0410eabc-b59a-4614-92a3-f1dc638d751b;['Nummerierungsbereich', 'Strassenname', 'Ort', 'Gebäudeadresse', 'Amtliche Vermessung AV', 'Gebäudeadressen', 'Gebäude'];no;['ger'];ger;geocat;Strasse;route;road;strada
10;f049b42e-a3eb-48ad-8df1-f5ce2e3b3360;['Ort', 'Strassenname', 'Gebäudeadresse', 'Amtliche Vermessung AV', 'Nummerierungsbereich', 'Gebäudeadressen', 'Gebäude'];no;['ger'];ger;geocat;Strasse;route;road;strada
11;ff1760a1-e62b-464d-b846-bbc8820e97d1;['Nummerierungsbereich', 'Strassenname', 'Gebäudeadresse', 'Ort', 'Amtliche Vermessung AV', 'Gebäudeadressen', 'Gebäude'];no;['ger'];ger;geocat;Strasse;route;road;strada
12;87830824-b66c-4962-a78c-bd02b3278142;['Amtliche Vermessung AV', 'Gebäudeadresse', 'Ort', 'Nummerierungsbereich', 'Gebäudeadressen', 'Strassenname', 'Gebäude'];no;['ger'];ger;geocat;Strasse;route;road;strada
13;8d04ee43-314b-4547-b65e-9235ee4f1507;['Nummerierungsbereich', 'Gebäudeadresse', 'Ort', 'Amtliche Vermessung AV', 'Strassenname', 'Gebäudeadressen', 'Gebäude'];no;['ger'];ger;geocat;Strasse;route;road;strada
14;f1aa8bc3-7bcd-4b4e-addd-0e702a2ce860;['Strassenname', 'Amtliche Vermessung AV', 'Gebäudeadressen', 'Gebäudeadresse', 'Nummerierungsbereich', 'Ort', 'Gebäude'];no;['ger'];ger;geocat;Strasse;route;road;strada
15;32d73c2a-b476-4cc9-8bb3-24fa0407dd64;['Strassenname', 'Nummerierungsbereich', 'Gebäudeadresse', 'Ort', 'Gebäudeadressen', 'Amtliche Vermessung AV', 'Gebäude'];no;['ger'];ger;geocat;Strasse;route;road;strada
16;615b23d0-2d4a-440c-8302-fa5a75f37d6a;['Gebäudeadressen', 'Nummerierungsbereich', 'Ort', 'Strassenname', 'Gebäudeadresse', 'Amtliche Vermessung AV', 'Gebäude'];no;['ger'];ger;geocat;Strasse;route;road;strada
17;5256353c-9592-42ae-b976-c7b9409b1f2a;['Strassenname', 'Nummerierungsbereich', 'Amtliche Vermessung AV', 'Ort', 'Gebäudeadressen', 'Gebäudeadresse', 'Gebäude'];no;['ger'];ger;geocat;Strasse;route;road;strada
18;c77e5372-ab90-47f1-9d97-59cd841cc248;['Ort', 'Strassenname', 'Gebäudeadressen', 'Amtliche Vermessung AV', 'Nummerierungsbereich', 'Gebäudeadresse', 'Gebäude'];no;['ger'];ger;geocat;Strasse;route;road;strada
19;8071b02c-504a-4e13-a3b9-d5cda6acc4a1;['Nummerierungsbereich', 'Ort', 'Strassenname', 'Gebäudeadressen', 'Gebäudeadresse', 'Amtliche Vermessung AV', 'Gebäude'];no;['ger'];ger;geocat;Strasse;route;road;strada
20;bda18791-7346-4b44-9763-12c504bae4bc;['Ort', 'Strassenname', 'Nummerierungsbereich', 'Gebäudeadressen', 'Gebäudeadresse', 'Amtliche Vermessung AV', 'Gebäude'];no;['ger'];ger;geocat;Strasse;route;road;strada
21;ba952bae-8ade-46ca-8883-1ff3f02a5a7f;['Strassenname', 'Ort', 'Nummerierungsbereich', 'Gebäudeadresse', 'Amtliche Vermessung AV', 'Gebäudeadressen', 'Gebäude'];no;['ger'];ger;geocat;Strasse;route;road;strada
22;6f347886-bd37-49fb-b154-7173c57b1217;['Gebäudeadresse', 'Gebäudeadressen', 'Strassenname', 'Nummerierungsbereich', 'Amtliche Vermessung AV', 'Ort', 'Gebäude'];no;['ger'];ger;geocat;Strasse;route;road;strada
23;eb5d666b-7f65-4010-8463-384cf04995cf;['Ort', 'Strassenname', 'Amtliche Vermessung AV', 'Gebäudeadresse', 'Nummerierungsbereich', 'Gebäudeadressen', 'Gebäude'];no;['ger'];ger;geocat;Strasse;route;road;strada
24;497b1838-aa4a-4d3d-a4be-01c4b1ecb799;['Gebäudeadresse', 'Nummerierungsbereich', 'Amtliche Vermessung AV', 'Gebäudeadressen', 'Strassenname', 'Ort', 'Gebäude'];no;['ger'];ger;geocat;Strasse;route;road;strada
25;67580af4-82c4-44e4-8085-952f3adac254;['Strassenname', 'Gebäudeadresse', 'Gebäudeadressen', 'Amtliche Vermessung AV', 'Nummerierungsbereich', 'Ort', 'Gebäude'];no;['ger'];ger;geocat;Strasse;route;road;strada
26;a1a723b6-2f50-4b2f-aa1c-6915cf17c43c;['Amtliche Vermessung AV', 'Gebäudeadressen', 'Ort', 'Strassenname', 'Gebäudeadresse', 'Nummerierungsbereich', 'Gebäude'];no;['ger'];ger;geocat;Strasse;route;road;strada
27;490ec121-bfbb-414a-9079-1865422fec74;['Gebäudeadressen', 'Nummerierungsbereich', 'Amtliche Vermessung AV', 'Gebäudeadresse', 'Strassenname', 'Ort', 'Gebäude'];no;['ger'];ger;geocat;Strasse;route;road;strada
28;4e0fdf33-d5af-4129-8338-70b5418497b6;['Ort', 'Strassenname', 'Nummerierungsbereich', 'Amtliche Vermessung AV', 'Gebäudeadressen', 'Gebäudeadresse', 'Gebäude'];no;['ger'];ger;geocat;Strasse;route;road;strada
29;74b79f38-d654-4587-a5b8-d8048a97d265;['Strassenname', 'Gebäudeadresse', 'Ort', 'Gebäudeadressen', 'Amtliche Vermessung AV', 'Nummerierungsbereich', 'Gebäude'];no;['ger'];ger;geocat;Strasse;route;road;strada
30;872e8784-cbb7-4a34-8279-b79e1dfd7c8b;['Strassenname', 'Amtliche Vermessung AV', 'Ort', 'Gebäudeadresse', 'Nummerierungsbereich', 'Gebäudeadressen', 'Gebäude'];no;['ger'];ger;geocat;Strasse;route;road;strada
31;7b9d5ebb-153b-4520-8c36-5a351d05cdc3;['Gebäudeadressen', 'Nummerierungsbereich', 'Gebäudeadresse', 'Amtliche Vermessung AV', 'Strassenname', 'Ort', 'Gebäude'];no;['ger'];ger;geocat;Strasse;route;road;strada
32;2e047fc0-b69b-4a38-98ef-10cd013ed76c;['Strassenname', 'Gebäudeadressen', 'Amtliche Vermessung AV', 'Gebäudeadresse', 'Nummerierungsbereich', 'Ort', 'Gebäude'];no;['ger'];ger;geocat;Strasse;route;road;strada
33;3acba495-de91-4fc3-a619-e4be136377d5;['Ort', 'Strassenname', 'Amtliche Vermessung AV', 'Nummerierungsbereich', 'Gebäudeadressen', 'Gebäudeadresse', 'Gebäude'];no;['ger'];ger;geocat;Strasse;route;road;strada
34;9ce67b7e-6c93-4e69-91d7-7ef027756332;['Nummerierungsbereich', 'Gebäudeadresse', 'Amtliche Vermessung AV', 'Gebäudeadressen', 'Ort', 'Strassenname', 'Gebäude'];no;['ger'];ger;geocat;Strasse;route;road;strada
35;1783f427-e3ce-48ec-afa9-09e194c8fad4;['Gebäudeadresse', 'Nummerierungsbereich', 'Amtliche Vermessung AV', 'Strassenname', 'Ort', 'Gebäudeadressen', 'Gebäude'];no;['ger'];ger;geocat;Strasse;route;road;strada
36;bb4ee47a-9309-4631-b14a-d15cd478173e;['Strassenname', 'Gebäudeadressen', 'Nummerierungsbereich', 'Ort', 'Amtliche Vermessung AV', 'Gebäudeadresse', 'Gebäude'];no;['ger'];ger;geocat;Strasse;route;road;strada
37;ea66a2ad-c095-4d8e-851a-8efa258eb94c;['Nummerierungsbereich', 'Gebäudeadresse', 'Amtliche Vermessung AV', 'Strassenname', 'Ort', 'Gebäudeadressen', 'Gebäude'];no;['ger'];ger;geocat;Strasse;route;road;strada
38;3b7cea11-058c-4524-b37e-f6642c440281;['Gebäudeadressen', 'Ort', 'Nummerierungsbereich', 'Gebäudeadresse', 'Strassenname', 'Amtliche Vermessung AV', 'Gebäude'];no;['ger'];ger;geocat;Strasse;route;road;strada
39;8d38b3f1-e5b3-4925-88ca-d502218ae876;['Strassenname', 'Ort', 'Gebäudeadressen', 'Nummerierungsbereich', 'Amtliche Vermessung AV', 'Gebäudeadresse', 'Gebäude'];no;['ger'];ger;geocat;Strasse;route;road;strada
40;6110bf07-b48f-4150-9c83-00904d4ab82c;['Ort', 'Strassenname', 'Amtliche Vermessung AV', 'Nummerierungsbereich', 'Gebäudeadresse', 'Gebäudeadressen', 'Gebäude'];no;['ger'];ger;geocat;Strasse;route;road;strada
41;b93b9169-90df-460e-b14b-053e8db6ae00;['Strassenname', 'Gebäudeadresse', 'Ort', 'Amtliche Vermessung AV', 'Gebäudeadressen', 'Nummerierungsbereich', 'Gebäude'];no;['ger'];ger;geocat;Strasse;route;road;strada
42;a9127e4c-aedf-4340-a635-35bcb3561031;['Gebäudeadressen', 'Gebäudeadresse', 'Amtliche Vermessung AV', 'Strassenname', 'Nummerierungsbereich', 'Ort', 'Gebäude'];no;['ger'];ger;geocat;Strasse;route;road;strada
43;26b3c08a-802c-4750-9fb3-07588ed25d71;['Strassenname', 'Ort', 'Gebäudeadressen', 'Nummerierungsbereich', 'Amtliche Vermessung AV', 'Gebäudeadresse', 'Gebäude'];no;['ger'];ger;geocat;Strasse;route;road;strada
44;50b86c0b-242c-4be0-9bad-659aed6fe147;['Adressen', 'Adresses', 'Indirizzi', 'Addresses', 'National', 'Nationales', 'Nazionali', 'National', 'Strassenname', 'nom de rue', 'nome di strada', 'street name', 'Gebäudeadresse', 'adresse de bâtiment', 'indirizzo di edificio', 'building address', 'Geobasisdaten', 'géodonnées de base', 'geodati di base', 'official geodata', 'Amtliche Vermessung AV', 'mensuration officielle MO', 'misurazione ufficiale MU', 'cadastral surveying', 'Gebäudeadressen', 'Adresses de bâtiments', 'Indirizzi di costruzione', 'Building address', 'Gebäude', 'bâtiment', 'edificio', 'building'];no;['FR', 'IT', 'EN', 'DE'];multiple;geocat;Strasse;route;road;strada
45;e29068cd-3574-4226-b75c-ba5128fbdf88;"['Adressen', 'Adresses', 'Indirizzi', 'Addresses', 'Verkehrsnetze', 'Réseaux de transport', 'Reti di trasporto', 'Transport networks', 'National', 'Nationales', 'Nazionali', 'National', 'Strassenname', 'nom de rue', 'nome di strada', 'street name', 'Gebäudeadresse', 'adresse de bâtiment', 'indirizzo di edificio', 'building address', 'Geobasisdaten', 'géodonnées de base', 'geodati di base', 'official geodata', 'Gebäudeeingang', 'entrée de bâtiment', ""entrata d'edificio"", 'building entrance', 'Gebäude- und Wohnungsregister GWR', 'rgistre des bâtiments et logements RegBL', 'registro degli edifici e delle abitazioni REA', 'federal register of buildings and dwellings RBD', 'Amtliche Vermessung AV', 'mensuration officielle MO', 'misurazione ufficiale MU', 'cadastral surveying', 'Gebäudeadressen', 'Adresses de bâtiments', 'Indirizzi di costruzione', 'Building address']";no;['FR', 'IT', 'EN', 'DE'];multiple;geocat;Strasse;route;road;strada
46;caf39a72-92be-4bd1-a976-4eaaeb770a44;['Amtliche Vermessung AV', 'mensuration officielle MO', 'misurazione ufficiale MU', 'cadastral surveying', 'Strassenachse', 'axe routier', 'asse stradale', 'road axis', 'Gebäudeadressen', 'Adresses de bâtiments', 'Indirizzi di costruzione', 'Building address', 'opendata.swiss', 'opendata.swiss', 'opendata.swiss', 'opendata.swiss', 'opendata.swiss', 'BGDI Bundesgeodaten-Infrastruktur', 'IFDG l’Infrastructure Fédérale de données géographiques', 'IFDG Infrastruttura federale dei dati geografici', 'FSDI Federal Spatial Data Infrastructure', 'Strasse', 'route', 'strada', 'road', 'Geobasisdaten', 'géodonnées de base', 'geodati di base', 'official geodata', 'Strassennetz', 'réseau routier', 'rete stradale', 'road network', 'Strassenname', 'nom de rue', 'nome di strada', 'street name', 'Adressen', 'Adresses', 'Indirizzi', 'Addresses'];yes;['FR', 'IT', 'EN', 'RM', 'DE'];multiple;geocat;Strasse;route;road;strada
47;cf93dfb6-ffff-43ce-bd9b-271baba2d217;['Bodenbedeckung', 'Occupation des terres', 'Copertura del suolo', 'Land cover', 'Gebäude', 'Bâtiments', 'Edifici', 'Buildings', 'Flurstücke/Grundstücke (Katasterparzellen)', 'Parcelles cadastrales', 'Parcelle catastali', 'Cadastral parcels', 'Liegenschaft', 'bien-fonds', 'bene immobile', 'immoveable property', 'Amtliche Vermessung AV', 'mensuration officielle MO', 'misurazione ufficiale MU', 'cadastral surveying', 'Einzelobjekt', 'objet divers', 'oggetto singolo', 'single object', 'Strassenname', 'nom de rue', 'nome di strada', 'street name', 'Kataster', 'cadastre', 'catasto dei terreni', 'land register', 'FSDI Federal Spatial Data Infrastructure', 'BGDI Bundesgeodaten-Infrastruktur', 'IFDG Infrastruttura federale dei dati geografici', 'IFDG l’Infrastructure Fédérale de données géographiques'];no;['FR', 'IT', 'EN', 'RM', 'DE'];multiple;geocat;Strasse;route;road;strada
48;150c38c5-2650-4018-b5c7-939e2cdd56ce;['BGDI Bundesgeodaten-Infrastruktur', 'IFDG l’Infrastructure Fédérale de données géographiques', 'IFDG Infrastruttura federale dei dati geografici', 'FSDI Federal Spatial Data Infrastructure', 'Strassenname', 'nom de rue', 'nome di strada', 'street name', 'Gebäudeadresse', 'adresse de bâtiment', 'indirizzo di edificio', 'building address', 'Gebäudeadressen', 'Adresses de bâtiments', 'Indirizzi di costruzione', 'Building address', 'Geobasisdaten', 'géodonnées de base', 'geodati di base', 'official geodata', 'Amtliche Vermessung AV', 'mensuration officielle MO', 'misurazione ufficiale MU', 'cadastral surveying', 'opendata.swiss', 'opendata.swiss', 'opendata.swiss', 'opendata.swiss', 'opendata.swiss', 'Register', 'registre', 'registro', 'register', 'Adressen', 'Adresses', 'Indirizzi', 'Addresses', 'Gebäude', 'bâtiment', 'edificio', 'building', 'Wohnung', 'habitation', 'abitazione', 'dwelling'];no;['FR', 'IT', 'EN', 'RM', 'DE'];multiple;geocat;Strasse;route;road;strada
49;2f9b19bd-d9a5-495d-9c7f-58016d2dc000;['canton', 'Kanton', 'cantone', 'canton', 'mensuration officielle MO', 'Amtliche Vermessung AV', 'misurazione ufficiale MU', 'cadastral surveying', 'nom de rue', 'Strassenname', 'nome di strada', 'street name', 'nom de lieu', 'Ortsname', 'nome del luogo', 'place name', 'nomenclature', 'Nomenklatur', 'nomenclatura', 'nomenclature'];no;['DE', 'IT', 'EN', 'FR'];multiple;geocat;Strasse;route;road;strada
