﻿;uuid;keywords;new_kw_present;languages;multiple_languages;type;new_kw_de;new_kw_fr;new_kw_en;new_kw_it
0;558c02b6-dafc-4773-98b9-1599bf59ed3e;['Leitungskataster', 'cadastre des conduites', 'catasto delle condotte', 'pipeline cadastre', 'Strom', 'courant', 'corrente', 'current', 'Stromnetz', 'réseau électrique', 'rete elettrica', 'power grid', 'Stromleitung', 'Conduite électrique', 'Condotta elettrica', 'Line'];yes;['FR', 'IT', 'EN', 'DE'];multiple;geocat;Stromnetz;réseau électrique;power grid;rete elettrica
1;8a86e8e0-adff-4815-bbea-bef208138ad5;['Energie', 'énergie', 'energia', 'energy', 'Sachplan', 'plan sectoriel', 'piano settoriale', 'sectoral plan', 'Strom', 'courant', 'corrente', 'current', 'opendata.swiss', 'opendata.swiss', 'opendata.swiss', 'opendata.swiss', 'opendata.swiss', 'Stromleitung', 'Conduite électrique', 'Condotta elettrica', 'Line', 'FSDI Federal Spatial Data Infrastructure', 'BGDI Bundesgeodaten-Infrastruktur', 'IFDG Infrastruttura federale dei dati geografici', 'IFDG l’Infrastructure Fédérale de données géographiques'];no;['FR', 'IT', 'EN', 'RM', 'DE'];multiple;geocat;Stromnetz;réseau électrique;power grid;rete elettrica
2;c568bf2b-fed3-4d11-9cba-4d19f015029e;['Leitungskataster', 'Stromnetz', 'Stromleitung', 'Strom', 'Elektrizitätsgesellschaft', 'Elektrizität'];yes;['ger'];ger;geocat;Stromnetz;réseau électrique;power grid;rete elettrica
3;b7c9f71e-ff98-4899-8231-644af87b1a9f;['Leitungskataster', 'Stromnetz', 'Stromleitung', 'Strom', 'Elektrizitätsgesellschaft', 'Elektrizität'];yes;['ger'];ger;geocat;Stromnetz;réseau électrique;power grid;rete elettrica
4;39a60f70-c1c1-43af-b51a-6ec1158d3fe0;['Leitungskataster', 'Stromnetz', 'Stromleitung', 'Strom', 'Elektrizitätsgesellschaft', 'Elektrizität'];yes;['ger'];ger;geocat;Stromnetz;réseau électrique;power grid;rete elettrica
5;cd730a24-0a28-4482-b9ed-0b4132e530fd;['Leitungskataster', 'Stromnetz', 'Stromleitung', 'Strom', 'Elektrizitätsgesellschaft', 'Elektrizität'];yes;['ger'];ger;geocat;Stromnetz;réseau électrique;power grid;rete elettrica
6;7df56b60-533b-428a-bc53-8b41a825da93;['Leitungskataster', 'cadastre des conduites', 'catasto delle condotte', 'pipeline cadastre', 'Stromnetz', 'réseau électrique', 'rete elettrica', 'power grid', 'Strom', 'courant', 'corrente', 'current', 'Stromleitung', 'Conduite électrique', 'Condotta elettrica', 'Line', 'Elektrizität', 'électricité', 'elettricità', 'electricity', 'Elektrische Leitung', 'ligne électrique', 'linea elettrica', 'electric line', 'Elektrizitätsversorgung', 'approvisionnement en électricité', 'fornitura di energia elettrica', 'electric power supply'];yes;['FR', 'IT', 'EN', 'DE'];multiple;geocat;Stromnetz;réseau électrique;power grid;rete elettrica
7;49516d1a-485b-414c-904c-abd5315ab689;"['Leitungskataster', 'cadastre des conduites', 'catasto delle condotte', 'pipeline cadastre', 'Strom', 'courant', 'corrente', 'current', 'Stromleitung', 'Conduite électrique', 'Condotta elettrica', 'Line', 'Stromnetz', 'réseau électrique', 'rete elettrica', 'power grid', 'Elektrizität', 'électricité', 'elettricità', 'electricity', 'Elektrizitätsgesellschaft', ""compagnie d'électricité"", ""ente per l'energia elettrica"", 'electricity company']";yes;['FR', 'IT', 'EN', 'DE'];multiple;geocat;Stromnetz;réseau électrique;power grid;rete elettrica
8;a5daaa0b-abed-49b4-8eb6-e0c9296bdc95;"['Leitungskataster', 'cadastre des conduites', 'catasto delle condotte', 'pipeline cadastre', 'Stromleitung', 'Conduite électrique', 'Condotta elettrica', 'Line', 'Stromnetz', 'réseau électrique', 'rete elettrica', 'power grid', 'Strom', 'courant', 'corrente', 'current', 'Elektrizitätsgesellschaft', ""compagnie d'électricité"", ""ente per l'energia elettrica"", 'electricity company', 'Elektrizität', 'électricité', 'elettricità', 'electricity', 'Elektrische Leitung', 'ligne électrique', 'linea elettrica', 'electric line']";yes;['FR', 'IT', 'EN', 'DE'];multiple;geocat;Stromnetz;réseau électrique;power grid;rete elettrica
9;96532635-32d5-44e4-8ecb-62e6bca86ef7;"['Leitungskataster', 'cadastre des conduites', 'catasto delle condotte', 'pipeline cadastre', 'Strom', 'courant', 'corrente', 'current', 'Stromleitung', 'Conduite électrique', 'Condotta elettrica', 'Line', 'Stromnetz', 'réseau électrique', 'rete elettrica', 'power grid', 'Elektrizitätsgesellschaft', ""compagnie d'électricité"", ""ente per l'energia elettrica"", 'electricity company', 'Elektrizität', 'électricité', 'elettricità', 'electricity']";yes;['FR', 'IT', 'EN', 'DE'];multiple;geocat;Stromnetz;réseau électrique;power grid;rete elettrica
10;27084336-51ae-4efa-8e6a-4f0219975510;"['Leitungskataster', 'cadastre des conduites', 'catasto delle condotte', 'pipeline cadastre', 'Stromnetz', 'réseau électrique', 'rete elettrica', 'power grid', 'Stromleitung', 'Conduite électrique', 'Condotta elettrica', 'Line', 'Strom', 'courant', 'corrente', 'current', 'Elektrizitätswerk', 'centrale électrique', 'impianto di produzione di energia elettrica', 'electric power plant', 'Elektrizitätsversorgung', 'approvisionnement en électricité', 'fornitura di energia elettrica', 'electric power supply', 'Elektrizitätsgesellschaft', ""compagnie d'électricité"", ""ente per l'energia elettrica"", 'electricity company', 'Elektrizität', 'électricité', 'elettricità', 'electricity']";yes;['FR', 'IT', 'EN', 'DE'];multiple;geocat;Stromnetz;réseau électrique;power grid;rete elettrica
11;2b2da987-3c4f-4cbf-807d-546b80eb63c8;"['Leitungskataster', 'cadastre des conduites', 'catasto delle condotte', 'pipeline cadastre', 'Strom', 'courant', 'corrente', 'current', 'Stromleitung', 'Conduite électrique', 'Condotta elettrica', 'Line', 'Stromnetz', 'réseau électrique', 'rete elettrica', 'power grid', 'Wasserleitung', ""conduite d'eau"", ""condotta d'acqua"", 'water pipe', 'Wasserleitungsnetz', ""Réseau de distribution d'eau"", 'Rete di distribuzione idrica', 'Water-supply system', 'Erdgasleitung', 'conduite de gaz naturel', 'metandotto', 'natural gas pipeline', 'Elektrizitätsgesellschaft', ""compagnie d'électricité"", ""ente per l'energia elettrica"", 'electricity company', 'Elektrizität', 'électricité', 'elettricità', 'electricity', 'Erdgas', 'gaz naturel', 'gas naturale', 'natural gas']";yes;['FR', 'IT', 'EN', 'DE'];multiple;geocat;Stromnetz;réseau électrique;power grid;rete elettrica
12;7d93cf8f-f37b-4f3a-9695-70db76c524a0;"['Leitungskataster', 'cadastre des conduites', 'catasto delle condotte', 'pipeline cadastre', 'Strom', 'courant', 'corrente', 'current', 'Stromleitung', 'Conduite électrique', 'Condotta elettrica', 'Line', 'Stromnetz', 'réseau électrique', 'rete elettrica', 'power grid', 'Wasserleitung', ""conduite d'eau"", ""condotta d'acqua"", 'water pipe', 'Wasserleitungsnetz', ""Réseau de distribution d'eau"", 'Rete di distribuzione idrica', 'Water-supply system', 'Elektrizitätsgesellschaft', ""compagnie d'électricité"", ""ente per l'energia elettrica"", 'electricity company', 'Elektrizität', 'électricité', 'elettricità', 'electricity', 'Abwasser', 'eau usée', 'acqua di rifiuto', 'waste water', 'Abwasserentsorgung', 'évacuation des eaux usées', 'smaltimento delle acque di rifiuto', 'waste water disposal']";yes;['FR', 'IT', 'EN', 'DE'];multiple;geocat;Stromnetz;réseau électrique;power grid;rete elettrica
13;5b872cff-d95e-477d-921d-de0096767668;"['Leitungskataster', 'cadastre des conduites', 'catasto delle condotte', 'pipeline cadastre', 'Strom', 'courant', 'corrente', 'current', 'Stromleitung', 'Conduite électrique', 'Condotta elettrica', 'Line', 'Stromnetz', 'réseau électrique', 'rete elettrica', 'power grid', 'Wasserleitung', ""conduite d'eau"", ""condotta d'acqua"", 'water pipe', 'Wasserleitungsnetz', ""Réseau de distribution d'eau"", 'Rete di distribuzione idrica', 'Water-supply system', 'Elektrizitätsgesellschaft', ""compagnie d'électricité"", ""ente per l'energia elettrica"", 'electricity company', 'Elektrizität', 'électricité', 'elettricità', 'electricity']";yes;['FR', 'IT', 'EN', 'DE'];multiple;geocat;Stromnetz;réseau électrique;power grid;rete elettrica
14;85e28714-9063-4088-b134-1b49fd83505e;"['Elektrizität', 'elettricità', 'electricity', 'électricité', 'Telekommunikation', 'telecomunicazione', 'telecommunication', 'télécommunication', 'Wasser', 'acqua (sostanza)', 'water (substance)', 'eau (substance)', 'Fernwärme', 'riscaldamento urbano', 'district heating', 'chauffage urbain', 'Wasserleitungsnetz', 'Rete di distribuzione idrica', 'Water-supply system', ""Réseau de distribution d'eau"", 'Stromleitung', 'Condotta elettrica', 'Line', 'Conduite électrique', 'Wasserleitung', ""condotta d'acqua"", 'water pipe', ""conduite d'eau"", 'Leitungskataster', 'catasto delle condotte', 'pipeline cadastre', 'cadastre des conduites', 'Stromnetz', 'rete elettrica', 'power grid', 'réseau électrique', 'Strom', 'corrente', 'current', 'courant']";yes;['IT', 'EN', 'FR', 'DE'];multiple;geocat;Stromnetz;réseau électrique;power grid;rete elettrica
15;5aea8264-304d-4fdc-9834-cd517d68cec9;"['Elektrizität', 'elettricità', 'electricity', 'électricité', 'Wasser', 'acqua (sostanza)', 'water (substance)', 'eau (substance)', 'Stromnetz', 'rete elettrica', 'power grid', 'réseau électrique', 'Strom', 'corrente', 'current', 'courant', 'Wasserleitung', ""condotta d'acqua"", 'water pipe', ""conduite d'eau"", 'Wasserleitungsnetz', 'Rete di distribuzione idrica', 'Water-supply system', ""Réseau de distribution d'eau"", 'Leitungskataster', 'catasto delle condotte', 'pipeline cadastre', 'cadastre des conduites', 'Stromleitung', 'Condotta elettrica', 'Line', 'Conduite électrique']";yes;['IT', 'EN', 'FR', 'DE'];multiple;geocat;Stromnetz;réseau électrique;power grid;rete elettrica
16;9093cfc4-3ff9-46be-8364-65f7610604cc;"['Wasser', 'acqua (sostanza)', 'water (substance)', 'eau (substance)', 'Elektrizität', 'elettricità', 'electricity', 'électricité', 'Leitungskataster', 'catasto delle condotte', 'pipeline cadastre', 'cadastre des conduites', 'Stromnetz', 'rete elettrica', 'power grid', 'réseau électrique', 'Wasserleitung', ""condotta d'acqua"", 'water pipe', ""conduite d'eau"", 'Wasserleitungsnetz', 'Rete di distribuzione idrica', 'Water-supply system', ""Réseau de distribution d'eau"", 'Strom', 'corrente', 'current', 'courant', 'Stromleitung', 'Condotta elettrica', 'Line', 'Conduite électrique']";yes;['IT', 'EN', 'FR', 'DE'];multiple;geocat;Stromnetz;réseau électrique;power grid;rete elettrica
17;cb3be51d-150f-4287-a0e9-0cc7dd733b34;"['Leitungskataster', 'cadastre des conduites', 'catasto delle condotte', 'pipeline cadastre', 'Strom', 'courant', 'corrente', 'current', 'Stromleitung', 'Conduite électrique', 'Condotta elettrica', 'Line', 'Stromnetz', 'réseau électrique', 'rete elettrica', 'power grid', 'Abwasser', 'eau usée', 'acqua di rifiuto', 'waste water', 'Wasser', 'eau', 'acqua', 'water', 'Fernwärme', 'chauffage urbain', 'riscaldamento urbano', 'district heating', 'Abwassereinleitung', ""rejet d'eaux usées"", 'scarico delle acque di rifiuto', 'waste water discharge', 'Wasserversorgung', 'alimentation en eau', 'approvvigionamento idrico', 'water supply']";yes;['FR', 'IT', 'EN', 'DE'];multiple;geocat;Stromnetz;réseau électrique;power grid;rete elettrica
18;78a47124-4594-4fc5-8bbc-0d9b121979a6;['Amtliche Vermessung AV', 'Einzelobjekt', 'Leitungskataster', 'Anlage', 'Wasserleitung', 'Stromleitung', 'Treppe', 'Skilift', 'Mauerwerk', 'Gebäude'];no;['ger'];ger;geocat;Stromnetz;réseau électrique;power grid;rete elettrica
19;958074a5-aa08-4783-8dcb-723950a0a589;['Amtliche Vermessung AV', 'Einzelobjekt', 'Anlage', 'Leitungskataster', 'Stromleitung', 'Skilift', 'Treppe', 'Wasserleitung', 'Mauerwerk', 'Gebäude'];no;['ger'];ger;geocat;Stromnetz;réseau électrique;power grid;rete elettrica
20;7595e1ec-7d7b-4013-ab3f-5d2887437a96;['Wasserleitung', 'Skilift', 'Einzelobjekt', 'Anlage', 'Treppe', 'Leitungskataster', 'Stromleitung', 'Amtliche Vermessung AV', 'Mauerwerk', 'Gebäude'];no;['ger'];ger;geocat;Stromnetz;réseau électrique;power grid;rete elettrica
21;930247d6-7773-4aee-acde-795ae469a9e7;['Skilift', 'Einzelobjekt', 'Leitungskataster', 'Amtliche Vermessung AV', 'Wasserleitung', 'Treppe', 'Stromleitung', 'Anlage', 'Mauerwerk', 'Gebäude'];no;['ger'];ger;geocat;Stromnetz;réseau électrique;power grid;rete elettrica
22;579f5b7a-e468-441c-853a-c93727ab6b33;['Anlage', 'Stromleitung', 'Wasserleitung', 'Leitungskataster', 'Amtliche Vermessung AV', 'Skilift', 'Einzelobjekt', 'Treppe', 'Mauerwerk', 'Gebäude'];no;['ger'];ger;geocat;Stromnetz;réseau électrique;power grid;rete elettrica
23;9950efc9-70ae-4829-9d30-cf94d05c804b;['Leitungskataster', 'Skilift', 'Anlage', 'Amtliche Vermessung AV', 'Einzelobjekt', 'Stromleitung', 'Wasserleitung', 'Treppe', 'Mauerwerk', 'Gebäude'];no;['ger'];ger;geocat;Stromnetz;réseau électrique;power grid;rete elettrica
24;01dfff4b-21d1-418e-a9b9-295561cee992;['Treppe', 'Anlage', 'Leitungskataster', 'Stromleitung', 'Amtliche Vermessung AV', 'Wasserleitung', 'Skilift', 'Einzelobjekt', 'Mauerwerk', 'Gebäude'];no;['ger'];ger;geocat;Stromnetz;réseau électrique;power grid;rete elettrica
25;8396c139-58a1-46f5-9633-f8522a8e6a75;['Leitungskataster', 'Skilift', 'Treppe', 'Stromleitung', 'Amtliche Vermessung AV', 'Wasserleitung', 'Einzelobjekt', 'Anlage', 'Mauerwerk', 'Gebäude'];no;['ger'];ger;geocat;Stromnetz;réseau électrique;power grid;rete elettrica
26;3ad20b7b-a8bb-45b9-af34-f4e71adad2bd;['Leitungskataster', 'Einzelobjekt', 'Stromleitung', 'Amtliche Vermessung AV', 'Skilift', 'Wasserleitung', 'Anlage', 'Treppe', 'Mauerwerk', 'Gebäude'];no;['ger'];ger;geocat;Stromnetz;réseau électrique;power grid;rete elettrica
27;cf412929-1553-4f1a-94dc-51449226a1e6;['Einzelobjekt', 'Wasserleitung', 'Leitungskataster', 'Treppe', 'Anlage', 'Skilift', 'Stromleitung', 'Amtliche Vermessung AV', 'Mauerwerk', 'Gebäude'];no;['ger'];ger;geocat;Stromnetz;réseau électrique;power grid;rete elettrica
28;f8b481e1-7bad-4db9-b2cc-c95e5e4d08f0;['Einzelobjekt', 'Skilift', 'Leitungskataster', 'Stromleitung', 'Amtliche Vermessung AV', 'Treppe', 'Wasserleitung', 'Anlage', 'Mauerwerk', 'Gebäude'];no;['ger'];ger;geocat;Stromnetz;réseau électrique;power grid;rete elettrica
29;50219eff-4129-4df7-bb7b-1ff7fe9153d8;"['Abwasser', 'acqua di rifiuto', 'waste water', 'eau usée', 'Abwassereinleitung', 'scarico delle acque di rifiuto', 'waste water discharge', ""rejet d'eaux usées"", 'Wasser', 'acqua (sostanza)', 'water (substance)', 'eau (substance)', 'Elektrizität', 'elettricità', 'electricity', 'électricité', 'Kanalisation', 'rete fognaria', 'sewerage system', ""réseau d'égouts"", 'Wasserleitungsnetz', 'Rete di distribuzione idrica', 'Water-supply system', ""Réseau de distribution d'eau"", 'Wasserleitung', ""condotta d'acqua"", 'water pipe', ""conduite d'eau"", 'Stromnetz', 'rete elettrica', 'power grid', 'réseau électrique', 'Leitungskataster', 'catasto delle condotte', 'pipeline cadastre', 'cadastre des conduites', 'Strom', 'corrente', 'current', 'courant', 'Stromleitung', 'Condotta elettrica', 'Line', 'Conduite électrique']";yes;['IT', 'EN', 'FR', 'DE'];multiple;geocat;Stromnetz;réseau électrique;power grid;rete elettrica
30;9a518b95-71cb-4cc1-8a19-dbb17723a486;"['Kanalisation', 'rete fognaria', 'sewerage system', ""réseau d'égouts"", 'Abwasser', 'acqua di rifiuto', 'waste water', 'eau usée', 'Wasser', 'acqua (sostanza)', 'water (substance)', 'eau (substance)', 'Abwassereinleitung', 'scarico delle acque di rifiuto', 'waste water discharge', ""rejet d'eaux usées"", 'Telekommunikation', 'telecomunicazione', 'telecommunication', 'télécommunication', 'Elektrizität', 'elettricità', 'electricity', 'électricité', 'Wasserleitung', ""condotta d'acqua"", 'water pipe', ""conduite d'eau"", 'Stromnetz', 'rete elettrica', 'power grid', 'réseau électrique', 'Strom', 'corrente', 'current', 'courant', 'Wasserleitungsnetz', 'Rete di distribuzione idrica', 'Water-supply system', ""Réseau de distribution d'eau"", 'Leitungskataster', 'catasto delle condotte', 'pipeline cadastre', 'cadastre des conduites', 'Stromleitung', 'Condotta elettrica', 'Line', 'Conduite électrique']";yes;['IT', 'EN', 'FR', 'DE'];multiple;geocat;Stromnetz;réseau électrique;power grid;rete elettrica
31;260a7c0f-a071-4b75-9e31-77764379d449;"['Leitungskataster', 'cadastre des conduites', 'catasto delle condotte', 'pipeline cadastre', 'Strom', 'courant', 'corrente', 'current', 'Stromleitung', 'Conduite électrique', 'Condotta elettrica', 'Line', 'Stromnetz', 'réseau électrique', 'rete elettrica', 'power grid', 'Wasserleitung', ""conduite d'eau"", ""condotta d'acqua"", 'water pipe', 'Wasserleitungsnetz', ""Réseau de distribution d'eau"", 'Rete di distribuzione idrica', 'Water-supply system', 'Erdgasleitung', 'conduite de gaz naturel', 'metandotto', 'natural gas pipeline', 'Gasleitung', 'conduite de gaz', 'condotta di gas', 'gas pipeline', 'Rohrleitung', 'conduite', 'condotta', 'pipeline', 'Erdgas', 'gaz naturel', 'gas naturale', 'natural gas', 'Elektrizität', 'électricité', 'elettricità', 'electricity', 'Wasser', 'eau', 'acqua', 'water', 'Elektrizitätsgesellschaft', ""compagnie d'électricité"", ""ente per l'energia elettrica"", 'electricity company', 'Fernwärme', 'chauffage urbain', 'riscaldamento urbano', 'district heating']";yes;['FR', 'IT', 'EN', 'DE'];multiple;geocat;Stromnetz;réseau électrique;power grid;rete elettrica
