﻿;uuid;keywords;new_kw_present;languages;multiple_languages;type;new_kw_de;new_kw_fr;new_kw_en;new_kw_it
0;fff98668-d52c-4528-b713-91e1297085f5;['Topografische Karte', 'Carte topographique', 'carta topografica', 'Topographic map', 'Landeskarte', 'carte nationale', 'carta nazionale', 'national map', 'Landschaftsmodell', 'modèle du territoire', 'modello del territorio', 'landscape model', 'Geografische Bezeichnungen', 'Dénominations géographiques', 'Nomi geografici', 'Geographical names'];no;['FR', 'IT', 'EN', 'DE'];multiple;geocat;Topografie;topographie;topography;topografia
1;0ca7e4a7-e361-4c81-8e26-984f05b0ec68;['Landeskarte', 'carte nationale', 'carta nazionale', 'national map', 'Topografische Karte', 'Carte topographique', 'carta topografica', 'Topographic map', 'Geografische Bezeichnungen', 'Dénominations géographiques', 'Nomi geografici', 'Geographical names', 'Bodenbedeckung', 'Occupation des terres', 'Copertura del suolo', 'Land cover', 'National', 'Nationales', 'Nazionali', 'National'];no;['FR', 'IT', 'EN', 'DE'];multiple;geocat;Topografie;topographie;topography;topografia
2;423e7f3e-ea38-4939-8f69-426821947783;['Landeskarte', 'carte nationale', 'carta nazionale', 'national map', 'Topografische Karte', 'Carte topographique', 'carta topografica', 'Topographic map', 'Historische Karte', 'carte historique', 'carta storica', 'historic map', 'Historische Entwicklung', 'évolution historique', 'evoluzione storica', 'historical evolution', 'Geografische Bezeichnungen', 'Dénominations géographiques', 'Nomi geografici', 'Geographical names', 'National', 'Nationales', 'Nazionali', 'National'];no;['FR', 'IT', 'EN', 'DE'];multiple;geocat;Topografie;topographie;topography;topografia
3;453d196e-8f79-4715-b711-a00711c02711;['Topografische Karte', 'Carte topographique', 'carta topografica', 'Topographic map', 'Landeskarte', 'carte nationale', 'carta nazionale', 'national map', 'Historische Karte', 'carte historique', 'carta storica', 'historic map', 'Historische Entwicklung', 'évolution historique', 'evoluzione storica', 'historical evolution', 'Bodenbedeckung', 'Occupation des terres', 'Copertura del suolo', 'Land cover', 'National', 'Nationales', 'Nazionali', 'National'];no;['FR', 'IT', 'EN', 'DE'];multiple;geocat;Topografie;topographie;topography;topografia
4;40a7d8a1-a648-44e3-9a9a-5ac950fb8faa;['Landeskarte', 'carte nationale', 'carta nazionale', 'national map', 'Topografische Karte', 'Carte topographique', 'carta topografica', 'Topographic map', 'Historische Karte', 'carte historique', 'carta storica', 'historic map', 'Historische Entwicklung', 'évolution historique', 'evoluzione storica', 'historical evolution', 'Bodenbedeckung', 'Occupation des terres', 'Copertura del suolo', 'Land cover', 'National', 'Nationales', 'Nazionali', 'National'];no;['FR', 'IT', 'EN', 'DE'];multiple;geocat;Topografie;topographie;topography;topografia
5;22287cd6-b75b-4caf-9413-aa3f196548b2;['Topografische Karte', 'Carte topographique', 'carta topografica', 'Topographic map', 'Landeskarte', 'carte nationale', 'carta nazionale', 'national map', 'Historische Karte', 'carte historique', 'carta storica', 'historic map', 'INSPIRE', 'INSPIRE', 'INSPIRE', 'INSPIRE', 'Geografische Bezeichnungen', 'Dénominations géographiques', 'Nomi geografici', 'Geographical names', 'FSDI Federal Spatial Data Infrastructure', 'BGDI Bundesgeodaten-Infrastruktur', 'IFDG Infrastruttura federale dei dati geografici', 'IFDG l’Infrastructure Fédérale de données géographiques'];no;['FR', 'IT', 'EN', 'RM', 'DE'];multiple;geocat;Topografie;topographie;topography;topografia
6;1398e3bc-0aee-4d83-a684-b2da7b6817c8;"['opendata.swiss', 'opendata.swiss', 'opendata.swiss', 'opendata.swiss', 'opendata.swiss', 'Verkehrsnetz', 'réseau de transport', 'rete di trasporto', 'traffic network', 'Generalkarte', 'carte générale', 'carta generale', 'general map', 'Landeskarte', 'carte nationale', 'carta nazionale', 'national map', 'Aufbewahrungs- und Archivierungsplanung AAP - Bund', ""Planification de la conservation et de l'archivage AAP - Conféderation"", 'Pianificazione della conservazione e dell’archiviazione AAP - Confederazione', 'Conservation and archiving planning AAP - Confederation', 'Topografische Karte', 'Carte topographique', 'carta topografica', 'Topographic map', 'Geobasisdaten', 'géodonnées de base', 'geodati di base', 'official geodata', 'Geländedarstellung', 'représentation du terrain', 'rappresentazione del terreno', 'terrain representation', 'Relief', 'relief', 'rilievo', 'relief (land)', 'Gewässer', 'eaux (géographie)', 'acque (geografia)', 'water (geographic)', 'Kartographie', 'cartographie', 'cartografia', 'cartography', 'Grenze', 'bordure', 'frontiera', 'border', 'Geografische Bezeichnungen', 'Dénominations géographiques', 'Nomi geografici', 'Geographical names']";no;['FR', 'IT', 'EN', 'RM', 'DE'];multiple;geocat;Topografie;topographie;topography;topografia
7;6b46f9eb-6578-4035-98ae-2b3390e07a96;"['Verkehrsnetz', 'réseau de transport', 'rete di trasporto', 'traffic network', 'Geländedarstellung', 'représentation du terrain', 'rappresentazione del terreno', 'terrain representation', 'Landeskarte', 'carte nationale', 'carta nazionale', 'national map', 'Aufbewahrungs- und Archivierungsplanung AAP - Bund', ""Planification de la conservation et de l'archivage AAP - Conféderation"", 'Pianificazione della conservazione e dell’archiviazione AAP - Confederazione', 'Conservation and archiving planning AAP - Confederation', 'Geobasisdaten', 'géodonnées de base', 'geodati di base', 'official geodata', 'Lufthygiene', ""hygiène de l'air"", ""igiene dell'aria"", 'air hygiene', 'Topografische Karte', 'Carte topographique', 'carta topografica', 'Topographic map', 'Gewässer', 'eaux (géographie)', 'acque (geografia)', 'water (geographic)', 'Grenze', 'bordure', 'frontiera', 'border', 'Relief', 'relief', 'rilievo', 'relief (land)', 'Geographische Form', 'relief', 'forme del rilievo terrestre', 'landform', 'Kartographie', 'cartographie', 'cartografia', 'cartography', 'Vegetation', 'végétation', 'vegetazione', 'vegetation', 'Geografische Bezeichnungen', 'Dénominations géographiques', 'Nomi geografici', 'Geographical names']";no;['FR', 'IT', 'EN', 'RM', 'DE'];multiple;geocat;Topografie;topographie;topography;topografia
8;200ff51d-1916-48bf-9bd0-202c897f3149;"['Aufbewahrungs- und Archivierungsplanung AAP - Bund', ""Planification de la conservation et de l'archivage AAP - Conféderation"", 'Pianificazione della conservazione e dell’archiviazione AAP - Confederazione', 'Conservation and archiving planning AAP - Confederation', 'Generalkarte', 'carte générale', 'carta generale', 'general map', 'Landeskarte', 'carte nationale', 'carta nazionale', 'national map', 'Geländedarstellung', 'représentation du terrain', 'rappresentazione del terreno', 'terrain representation', 'opendata.swiss', 'opendata.swiss', 'opendata.swiss', 'opendata.swiss', 'opendata.swiss', 'Geobasisdaten', 'géodonnées de base', 'geodati di base', 'official geodata', 'Verkehrsnetz', 'réseau de transport', 'rete di trasporto', 'traffic network', 'Topografische Karte', 'Carte topographique', 'carta topografica', 'Topographic map', 'Relief', 'relief', 'rilievo', 'relief (land)', 'Grenze', 'bordure', 'frontiera', 'border', 'Kartographie', 'cartographie', 'cartografia', 'cartography', 'Gewässer', 'eaux (géographie)', 'acque (geografia)', 'water (geographic)', 'Geografische Bezeichnungen', 'Dénominations géographiques', 'Nomi geografici', 'Geographical names']";no;['FR', 'IT', 'EN', 'RM', 'DE'];multiple;geocat;Topografie;topographie;topography;topografia
9;9f768b4e-cffa-419d-a57a-251ad53a83e3;"['opendata.swiss', 'opendata.swiss', 'opendata.swiss', 'opendata.swiss', 'opendata.swiss', 'Geländedarstellung', 'représentation du terrain', 'rappresentazione del terreno', 'terrain representation', 'Topografische Karte', 'Carte topographique', 'carta topografica', 'Topographic map', 'Geobasisdaten', 'géodonnées de base', 'geodati di base', 'official geodata', 'Übersichtskarte', 'carte synoptique', 'carta corografica', 'outline map', 'Landeskarte', 'carte nationale', 'carta nazionale', 'national map', 'Aufbewahrungs- und Archivierungsplanung AAP - Bund', ""Planification de la conservation et de l'archivage AAP - Conféderation"", 'Pianificazione della conservazione e dell’archiviazione AAP - Confederazione', 'Conservation and archiving planning AAP - Confederation', 'Verkehrsnetz', 'réseau de transport', 'rete di trasporto', 'traffic network', 'Grenze', 'bordure', 'frontiera', 'border', 'Kartographie', 'cartographie', 'cartografia', 'cartography', 'Gewässer', 'eaux (géographie)', 'acque (geografia)', 'water (geographic)', 'Relief', 'relief', 'rilievo', 'relief (land)', 'Geografische Bezeichnungen', 'Dénominations géographiques', 'Nomi geografici', 'Geographical names']";no;['FR', 'IT', 'EN', 'RM', 'DE'];multiple;geocat;Topografie;topographie;topography;topografia
10;47e927c0-def6-47cd-8cda-5773c695885e;"['Landeskarte', 'carte nationale', 'carta nazionale', 'national map', 'Aufbewahrungs- und Archivierungsplanung AAP - Bund', ""Planification de la conservation et de l'archivage AAP - Conféderation"", 'Pianificazione della conservazione e dell’archiviazione AAP - Confederazione', 'Conservation and archiving planning AAP - Confederation', 'Generalkarte', 'carte générale', 'carta generale', 'general map', 'Verkehrsnetz', 'réseau de transport', 'rete di trasporto', 'traffic network', 'Geobasisdaten', 'géodonnées de base', 'geodati di base', 'official geodata', 'opendata.swiss', 'opendata.swiss', 'opendata.swiss', 'opendata.swiss', 'opendata.swiss', 'Geländedarstellung', 'représentation du terrain', 'rappresentazione del terreno', 'terrain representation', 'Topografische Karte', 'Carte topographique', 'carta topografica', 'Topographic map', 'Relief', 'relief', 'rilievo', 'relief (land)', 'Grenze', 'bordure', 'frontiera', 'border', 'Gewässer', 'eaux (géographie)', 'acque (geografia)', 'water (geographic)', 'Kartographie', 'cartographie', 'cartografia', 'cartography', 'Geografische Bezeichnungen', 'Dénominations géographiques', 'Nomi geografici', 'Geographical names']";no;['FR', 'IT', 'EN', 'RM', 'DE'];multiple;geocat;Topografie;topographie;topography;topografia
11;b353f39c-6349-49e0-97d0-c522fc2fbf0f;"['Höhenkurve', 'courbe de niveau', 'curva di livello', 'contour line', 'Einzelobjekt', 'objet divers', 'oggetto singolo', 'single object', 'Aufbewahrungs- und Archivierungsplanung AAP - Bund', ""Planification de la conservation et de l'archivage AAP - Conféderation"", 'Pianificazione della conservazione e dell’archiviazione AAP - Confederazione', 'Conservation and archiving planning AAP - Confederation', 'Topografische Karte', 'Carte topographique', 'carta topografica', 'Topographic map', 'opendata.swiss', 'opendata.swiss', 'opendata.swiss', 'opendata.swiss', 'opendata.swiss', 'Verkehrsnetz', 'réseau de transport', 'rete di trasporto', 'traffic network', 'Basiskarte', 'carte de base', 'carta di base', 'base map', 'Landschaftsmodell', 'modèle du territoire', 'modello del territorio', 'landscape model', 'GIS (Geografisches Informationssystem)', ""SIG (Système d'Information Géographique)"", 'SIG (Sistema Informativo Geografico)', 'GIS (Geographic Information System)', 'Vektor', 'vecteur', 'vettore', 'vector', 'Geographisches Informationssystem', ""système d'information géographique"", 'sistema informativo geografico', 'geographic information system', 'Öffentlicher Verkehr', 'transport en commun', 'trasporto pubblico', 'public transport', 'Gewässernetz', 'Hydrographie', 'Idrografia', 'Hydrography', 'Bodenbedeckung', 'Occupation des terres', 'Copertura del suolo', 'Land cover', 'Geografische Bezeichnungen', 'Dénominations géographiques', 'Nomi geografici', 'Geographical names', 'FSDI Federal Spatial Data Infrastructure', 'BGDI Bundesgeodaten-Infrastruktur', 'IFDG Infrastruttura federale dei dati geografici', 'IFDG l’Infrastructure Fédérale de données géographiques']";no;['FR', 'IT', 'EN', 'RM', 'DE'];multiple;geocat;Topografie;topographie;topography;topografia
12;2987a492-a097-46f3-b162-abc1b3115f85;"['Verkehrsnetz', 'réseau de transport', 'rete di trasporto', 'traffic network', 'Topografische Karte', 'Carte topographique', 'carta topografica', 'Topographic map', 'opendata.swiss', 'opendata.swiss', 'opendata.swiss', 'opendata.swiss', 'opendata.swiss', 'Landeskarte', 'carte nationale', 'carta nazionale', 'national map', 'Aufbewahrungs- und Archivierungsplanung AAP - Bund', ""Planification de la conservation et de l'archivage AAP - Conféderation"", 'Pianificazione della conservazione e dell’archiviazione AAP - Confederazione', 'Conservation and archiving planning AAP - Confederation', 'Geländedarstellung', 'représentation du terrain', 'rappresentazione del terreno', 'terrain representation', 'Geobasisdaten', 'géodonnées de base', 'geodati di base', 'official geodata', 'Relief', 'relief', 'rilievo', 'relief (land)', 'Gewässer', 'eaux (géographie)', 'acque (geografia)', 'water (geographic)', 'Kartographie', 'cartographie', 'cartografia', 'cartography', 'Grenze', 'bordure', 'frontiera', 'border', 'Vegetation', 'végétation', 'vegetazione', 'vegetation', 'Geografische Bezeichnungen', 'Dénominations géographiques', 'Nomi geografici', 'Geographical names', 'FSDI Federal Spatial Data Infrastructure', 'BGDI Bundesgeodaten-Infrastruktur', 'IFDG Infrastruttura federale dei dati geografici', 'IFDG l’Infrastructure Fédérale de données géographiques']";no;['FR', 'IT', 'EN', 'RM', 'DE'];multiple;geocat;Topografie;topographie;topography;topografia
13;99958d5b-43c3-4bcf-b823-82079733014a;"['Gewässer', 'eaux (géographie)', 'acque (geografia)', 'water (geographic)', 'Kartographie', 'cartographie', 'cartografia', 'cartography', 'Relief', 'relief', 'rilievo', 'relief (land)', 'Grenze', 'bordure', 'frontiera', 'border', 'Vegetation', 'végétation', 'vegetazione', 'vegetation', 'Vektor', 'vecteur', 'vettore', 'vector', 'Verkehrsnetz', 'réseau de transport', 'rete di trasporto', 'traffic network', 'GIS (Geografisches Informationssystem)', ""SIG (Système d'Information Géographique)"", 'SIG (Sistema Informativo Geografico)', 'GIS (Geographic Information System)', 'Geländedarstellung', 'représentation du terrain', 'rappresentazione del terreno', 'terrain representation', 'Topografische Karte', 'Carte topographique', 'carta topografica', 'Topographic map', 'Landeskarte', 'carte nationale', 'carta nazionale', 'national map', 'INSPIRE', 'INSPIRE', 'INSPIRE', 'INSPIRE', 'Geografische Bezeichnungen', 'Dénominations géographiques', 'Nomi geografici', 'Geographical names']";no;['FR', 'IT', 'EN', 'RM', 'DE'];multiple;geocat;Topografie;topographie;topography;topografia
14;5f75341e-2050-4ed9-a8de-ee7637490565;"['Geländedarstellung', 'représentation du terrain', 'rappresentazione del terreno', 'terrain representation', 'Topografische Karte', 'Carte topographique', 'carta topografica', 'Topographic map', 'Aufbewahrungs- und Archivierungsplanung AAP - Bund', ""Planification de la conservation et de l'archivage AAP - Conféderation"", 'Pianificazione della conservazione e dell’archiviazione AAP - Confederazione', 'Conservation and archiving planning AAP - Confederation', 'Geobasisdaten', 'géodonnées de base', 'geodati di base', 'official geodata', 'Landeskarte', 'carte nationale', 'carta nazionale', 'national map', 'opendata.swiss', 'opendata.swiss', 'opendata.swiss', 'opendata.swiss', 'opendata.swiss', 'Verkehrsnetz', 'réseau de transport', 'rete di trasporto', 'traffic network', 'Kartographie', 'cartographie', 'cartografia', 'cartography', 'Gewässer', 'eaux (géographie)', 'acque (geografia)', 'water (geographic)', 'Grenze', 'bordure', 'frontiera', 'border', 'Relief', 'relief', 'rilievo', 'relief (land)', 'Geografische Bezeichnungen', 'Dénominations géographiques', 'Nomi geografici', 'Geographical names', 'FSDI Federal Spatial Data Infrastructure', 'BGDI Bundesgeodaten-Infrastruktur', 'IFDG Infrastruttura federale dei dati geografici', 'IFDG l’Infrastructure Fédérale de données géographiques']";no;['FR', 'IT', 'EN', 'RM', 'DE'];multiple;geocat;Topografie;topographie;topography;topografia
15;4c8c7c58-61c7-4a61-8e7a-6ffb95d183df;"['Landeskarte', 'carte nationale', 'carta nazionale', 'national map', 'Geobasisdaten', 'géodonnées de base', 'geodati di base', 'official geodata', 'Verkehrsnetz', 'réseau de transport', 'rete di trasporto', 'traffic network', 'Geländedarstellung', 'représentation du terrain', 'rappresentazione del terreno', 'terrain representation', 'Topografische Karte', 'Carte topographique', 'carta topografica', 'Topographic map', 'opendata.swiss', 'opendata.swiss', 'opendata.swiss', 'opendata.swiss', 'opendata.swiss', 'Aufbewahrungs- und Archivierungsplanung AAP - Bund', ""Planification de la conservation et de l'archivage AAP - Conféderation"", 'Pianificazione della conservazione e dell’archiviazione AAP - Confederazione', 'Conservation and archiving planning AAP - Confederation', 'Vegetation', 'végétation', 'vegetazione', 'vegetation', 'Kartographie', 'cartographie', 'cartografia', 'cartography', 'Grenze', 'bordure', 'frontiera', 'border', 'Gewässer', 'eaux (géographie)', 'acque (geografia)', 'water (geographic)', 'Relief', 'relief', 'rilievo', 'relief (land)', 'Geografische Bezeichnungen', 'Dénominations géographiques', 'Nomi geografici', 'Geographical names', 'FSDI Federal Spatial Data Infrastructure', 'BGDI Bundesgeodaten-Infrastruktur', 'IFDG Infrastruttura federale dei dati geografici', 'IFDG l’Infrastructure Fédérale de données géographiques']";no;['FR', 'IT', 'EN', 'RM', 'DE'];multiple;geocat;Topografie;topographie;topography;topografia
16;7e35ba71-7ec0-4e37-ba87-fd881c12ae85;['Luftbild', 'photographie aérienne', 'fotografia aerea (immagine)', 'aerial photograph', 'Wanderweg', 'sentier de randonnée', 'sentiero escursionistico', 'hiking trail', 'Kartographie', 'cartographie', 'cartografia', 'cartography', 'Gebiet', 'province', 'provincia', 'province', 'Nomenklatur', 'nomenclature', 'nomenclatura', 'nomenclature', 'Mobiltelefonie', 'téléphonie mobile', 'telefonia mobile', 'mobile telephony', 'Skitour', 'randonnée à ski', 'escursione con gli sci', 'ski tour', 'GPS (Global Positioning System)', 'GPS (Global Positioning System)', 'GPS (Global Positioning System)', 'GPS (Global Positioning System)', 'Topografische Karte', 'Carte topographique', 'carta topografica', 'Topographic map', 'Landeskarte', 'carte nationale', 'carta nazionale', 'national map', 'Ortsname', 'nom de lieu', 'nome del luogo', 'place name', 'Geografische Bezeichnungen', 'Dénominations géographiques', 'Nomi geografici', 'Geographical names', 'Gewässer', 'eaux (géographie)', 'acque (geografia)', 'water (geographic)', 'Berg', 'montagne', 'montagna', 'mountain'];no;['FR', 'IT', 'EN', 'RM', 'DE'];multiple;geocat;Topografie;topographie;topography;topografia
17;e3f88f19-60ce-4516-8acf-289983454650;"['Landeskarte', 'carte nationale', 'carta nazionale', 'national map', 'Verkehrsnetz', 'réseau de transport', 'rete di trasporto', 'traffic network', 'GIS (Geografisches Informationssystem)', ""SIG (Système d'Information Géographique)"", 'SIG (Sistema Informativo Geografico)', 'GIS (Geographic Information System)', 'Geländedarstellung', 'représentation du terrain', 'rappresentazione del terreno', 'terrain representation', 'Topografische Karte', 'Carte topographique', 'carta topografica', 'Topographic map', 'Kartographie', 'cartographie', 'cartografia', 'cartography', 'Vegetation', 'végétation', 'vegetazione', 'vegetation', 'Grenze', 'bordure', 'frontiera', 'border', 'Gewässer', 'eaux (géographie)', 'acque (geografia)', 'water (geographic)', 'Relief', 'relief', 'rilievo', 'relief (land)', 'Vektor', 'vecteur', 'vettore', 'vector', 'Geografische Bezeichnungen', 'Dénominations géographiques', 'Nomi geografici', 'Geographical names']";no;['FR', 'IT', 'EN', 'RM', 'DE'];multiple;geocat;Topografie;topographie;topography;topografia
18;e8be74b0-fc58-4fc7-be9a-5dcc70dcea6e;"['Geobasisdaten', 'géodonnées de base', 'geodati di base', 'official geodata', 'Geländedarstellung', 'représentation du terrain', 'rappresentazione del terreno', 'terrain representation', 'Topografische Karte', 'Carte topographique', 'carta topografica', 'Topographic map', 'Aufbewahrungs- und Archivierungsplanung AAP - Bund', ""Planification de la conservation et de l'archivage AAP - Conféderation"", 'Pianificazione della conservazione e dell’archiviazione AAP - Confederazione', 'Conservation and archiving planning AAP - Confederation', 'Landeskarte', 'carte nationale', 'carta nazionale', 'national map', 'Verkehrsnetz', 'réseau de transport', 'rete di trasporto', 'traffic network', 'opendata.swiss', 'opendata.swiss', 'opendata.swiss', 'opendata.swiss', 'opendata.swiss', 'Kartographie', 'cartographie', 'cartografia', 'cartography', 'Relief', 'relief', 'rilievo', 'relief (land)', 'Grenze', 'bordure', 'frontiera', 'border', 'Vegetation', 'végétation', 'vegetazione', 'vegetation', 'Gewässer', 'eaux (géographie)', 'acque (geografia)', 'water (geographic)', 'Geografische Bezeichnungen', 'Dénominations géographiques', 'Nomi geografici', 'Geographical names', 'FSDI Federal Spatial Data Infrastructure', 'BGDI Bundesgeodaten-Infrastruktur', 'IFDG Infrastruttura federale dei dati geografici', 'IFDG l’Infrastructure Fédérale de données géographiques']";no;['FR', 'IT', 'EN', 'RM', 'DE'];multiple;geocat;Topografie;topographie;topography;topografia
19;e1825425-2988-493e-9206-080171cadd27;"['Landeskarte', 'carte nationale', 'carta nazionale', 'national map', 'Geobasisdaten', 'géodonnées de base', 'geodati di base', 'official geodata', 'opendata.swiss', 'opendata.swiss', 'opendata.swiss', 'opendata.swiss', 'opendata.swiss', 'Generalkarte', 'carte générale', 'carta generale', 'general map', 'Übersichtskarte', 'carte synoptique', 'carta corografica', 'outline map', 'Geländedarstellung', 'représentation du terrain', 'rappresentazione del terreno', 'terrain representation', 'Verkehrsnetz', 'réseau de transport', 'rete di trasporto', 'traffic network', 'Aufbewahrungs- und Archivierungsplanung AAP - Bund', ""Planification de la conservation et de l'archivage AAP - Conféderation"", 'Pianificazione della conservazione e dell’archiviazione AAP - Confederazione', 'Conservation and archiving planning AAP - Confederation', 'Topografische Karte', 'Carte topographique', 'carta topografica', 'Topographic map', 'Grenze', 'bordure', 'frontiera', 'border', 'Kartographie', 'cartographie', 'cartografia', 'cartography', 'Gewässer', 'eaux (géographie)', 'acque (geografia)', 'water (geographic)', 'Gewässer', 'eaux', 'acque', 'waters', 'FSDI Federal Spatial Data Infrastructure', 'BGDI Bundesgeodaten-Infrastruktur', 'IFDG Infrastruttura federale dei dati geografici', 'IFDG l’Infrastructure Fédérale de données géographiques']";no;['FR', 'IT', 'EN', 'RM', 'DE'];multiple;geocat;Topografie;topographie;topography;topografia
20;30421285-422d-4dd8-b16b-cada46c71b7f;"['Vektor', 'vecteur', 'vettore', 'vector', 'Grenze', 'bordure', 'frontiera', 'border', 'Gewässer', 'eaux (géographie)', 'acque (geografia)', 'water (geographic)', 'Vegetation', 'végétation', 'vegetazione', 'vegetation', 'Kartographie', 'cartographie', 'cartografia', 'cartography', 'Relief', 'relief', 'rilievo', 'relief (land)', 'Landeskarte', 'carte nationale', 'carta nazionale', 'national map', 'GIS (Geografisches Informationssystem)', ""SIG (Système d'Information Géographique)"", 'SIG (Sistema Informativo Geografico)', 'GIS (Geographic Information System)', 'Verkehrsnetz', 'réseau de transport', 'rete di trasporto', 'traffic network', 'Topografische Karte', 'Carte topographique', 'carta topografica', 'Topographic map', 'Geländedarstellung', 'représentation du terrain', 'rappresentazione del terreno', 'terrain representation', 'Geografische Bezeichnungen', 'Dénominations géographiques', 'Nomi geografici', 'Geographical names', 'FSDI Federal Spatial Data Infrastructure', 'BGDI Bundesgeodaten-Infrastruktur', 'IFDG Infrastruttura federale dei dati geografici', 'IFDG l’Infrastructure Fédérale de données géographiques']";no;['FR', 'IT', 'EN', 'RM', 'DE'];multiple;geocat;Topografie;topographie;topography;topografia
21;e22ebb0c-36f4-4e9d-9549-8e2c6f9e8ba1;"['Geographisches Informationssystem', ""système d'information géographique"", 'sistema informativo geografico', 'geographic information system', 'Vektor', 'vecteur', 'vettore', 'vector', 'Öffentlicher Verkehr', 'transport en commun', 'trasporto pubblico', 'public transport', 'Basiskarte', 'carte de base', 'carta di base', 'base map', 'Landschaftsmodell', 'modèle du territoire', 'modello del territorio', 'landscape model', 'GIS (Geografisches Informationssystem)', ""SIG (Système d'Information Géographique)"", 'SIG (Sistema Informativo Geografico)', 'GIS (Geographic Information System)', 'Verkehrsnetz', 'réseau de transport', 'rete di trasporto', 'traffic network', 'Topografische Karte', 'Carte topographique', 'carta topografica', 'Topographic map', 'Höhenkurve', 'courbe de niveau', 'curva di livello', 'contour line', 'Einzelobjekt', 'objet divers', 'oggetto singolo', 'single object', 'Geografische Bezeichnungen', 'Dénominations géographiques', 'Nomi geografici', 'Geographical names', 'Gewässernetz', 'Hydrographie', 'Idrografia', 'Hydrography', 'Bodenbedeckung', 'Occupation des terres', 'Copertura del suolo', 'Land cover', 'Bauwesen und gebaute Umwelt', 'bâtiment', 'edilizia', 'building', 'FSDI Federal Spatial Data Infrastructure', 'BGDI Bundesgeodaten-Infrastruktur', 'IFDG Infrastruttura federale dei dati geografici', 'IFDG l’Infrastructure Fédérale de données géographiques']";no;['FR', 'IT', 'EN', 'RM', 'DE'];multiple;geocat;Topografie;topographie;topography;topografia
22;5aaeb9b9-0134-42ae-b39d-f9790f725204;"['Landeskarte', 'carte nationale', 'carta nazionale', 'national map', 'GIS (Geografisches Informationssystem)', ""SIG (Système d'Information Géographique)"", 'SIG (Sistema Informativo Geografico)', 'GIS (Geographic Information System)', 'opendata.swiss', 'opendata.swiss', 'opendata.swiss', 'opendata.swiss', 'opendata.swiss', 'Geländedarstellung', 'représentation du terrain', 'rappresentazione del terreno', 'terrain representation', 'Topografische Karte', 'Carte topographique', 'carta topografica', 'Topographic map', 'Verkehrsnetz', 'réseau de transport', 'rete di trasporto', 'traffic network', 'Gewässer', 'eaux (géographie)', 'acque (geografia)', 'water (geographic)', 'Vegetation', 'végétation', 'vegetazione', 'vegetation', 'Kartographie', 'cartographie', 'cartografia', 'cartography', 'Relief', 'relief', 'rilievo', 'relief (land)', 'Grenze', 'bordure', 'frontiera', 'border', 'Vektor', 'vecteur', 'vettore', 'vector']";no;['FR', 'IT', 'EN', 'RM', 'DE'];multiple;geocat;Topografie;topographie;topography;topografia
23;d6b542d7-7e9a-42c9-82fa-b434db54bb72;"['Grenze', 'bordure', 'frontiera', 'border', 'Gewässer', 'eaux (géographie)', 'acque (geografia)', 'water (geographic)', 'Relief', 'relief', 'rilievo', 'relief (land)', 'Kartographie', 'cartographie', 'cartografia', 'cartography', 'Vegetation', 'végétation', 'vegetazione', 'vegetation', 'Vektor', 'vecteur', 'vettore', 'vector', 'Verkehrsnetz', 'réseau de transport', 'rete di trasporto', 'traffic network', 'Landeskarte', 'carte nationale', 'carta nazionale', 'national map', 'Topografische Karte', 'Carte topographique', 'carta topografica', 'Topographic map', 'GIS (Geografisches Informationssystem)', ""SIG (Système d'Information Géographique)"", 'SIG (Sistema Informativo Geografico)', 'GIS (Geographic Information System)', 'Geländedarstellung', 'représentation du terrain', 'rappresentazione del terreno', 'terrain representation', 'Geografische Bezeichnungen', 'Dénominations géographiques', 'Nomi geografici', 'Geographical names']";no;['FR', 'IT', 'EN', 'RM', 'DE'];multiple;geocat;Topografie;topographie;topography;topografia
24;b141d099-4f8f-475f-a58c-d488f04ae88d;"['GIS (Geografisches Informationssystem)', ""SIG (Système d'Information Géographique)"", 'SIG (Sistema Informativo Geografico)', 'GIS (Geographic Information System)', 'Topografische Karte', 'Carte topographique', 'carta topografica', 'Topographic map', 'Landeskarte', 'carte nationale', 'carta nazionale', 'national map', 'Verkehrsnetz', 'réseau de transport', 'rete di trasporto', 'traffic network', 'Geländedarstellung', 'représentation du terrain', 'rappresentazione del terreno', 'terrain representation', 'Vektor', 'vecteur', 'vettore', 'vector', 'Gewässer', 'eaux (géographie)', 'acque (geografia)', 'water (geographic)', 'Kartographie', 'cartographie', 'cartografia', 'cartography', 'Grenze', 'bordure', 'frontiera', 'border', 'Relief', 'relief', 'rilievo', 'relief (land)', 'Vegetation', 'végétation', 'vegetazione', 'vegetation']";no;['FR', 'IT', 'EN', 'RM', 'DE'];multiple;geocat;Topografie;topographie;topography;topografia
25;47d18af4-d747-4466-a01b-f1478f88004b;"['Topografische Karte', 'Carte topographique', 'carta topografica', 'Topographic map', 'Aufbewahrungs- und Archivierungsplanung AAP - Bund', ""Planification de la conservation et de l'archivage AAP - Conféderation"", 'Pianificazione della conservazione e dell’archiviazione AAP - Confederazione', 'Conservation and archiving planning AAP - Confederation', 'Übersichtskarte', 'carte synoptique', 'carta corografica', 'outline map', 'Ortsname', 'nom de lieu', 'nome del luogo', 'place name', 'Verkehrsnetz', 'réseau de transport', 'rete di trasporto', 'traffic network', 'Grenze', 'bordure', 'frontiera', 'border', 'Kartographie', 'cartographie', 'cartografia', 'cartography', 'Gewässer', 'eaux (géographie)', 'acque (geografia)', 'water (geographic)', 'Relief', 'relief', 'rilievo', 'relief (land)', 'Geografische Bezeichnungen', 'Dénominations géographiques', 'Nomi geografici', 'Geographical names', 'FSDI Federal Spatial Data Infrastructure', 'BGDI Bundesgeodaten-Infrastruktur', 'IFDG Infrastruttura federale dei dati geografici', 'IFDG l’Infrastructure Fédérale de données géographiques']";no;['FR', 'IT', 'EN', 'RM', 'DE'];multiple;geocat;Topografie;topographie;topography;topografia
26;b495f369-9262-4269-8532-27b06591e33a;['Grenze', 'bordure', 'frontiera', 'border', 'Vegetation', 'végétation', 'vegetazione', 'vegetation', 'Relief', 'relief', 'rilievo', 'relief (land)', 'Gewässer', 'eaux (géographie)', 'acque (geografia)', 'water (geographic)', 'Kartographie', 'cartographie', 'cartografia', 'cartography', 'Topografische Karte', 'Carte topographique', 'carta topografica', 'Topographic map', 'Landeskarte', 'carte nationale', 'carta nazionale', 'national map', 'Verkehrsnetz', 'réseau de transport', 'rete di trasporto', 'traffic network', 'Geländedarstellung', 'représentation du terrain', 'rappresentazione del terreno', 'terrain representation', 'Bodenbedeckung', 'Occupation des terres', 'Copertura del suolo', 'Land cover', 'Verkehrsnetze', 'Réseaux de transport', 'Reti di trasporto', 'Transport networks', 'Höhe', 'Altitude', 'Elevazione', 'Elevation', 'Gewässernetz', 'Hydrographie', 'Idrografia', 'Hydrography', 'Orthofotografie', 'Ortho-imagerie', 'Orto immagini', 'Orthoimagery', 'Gebäude', 'Bâtiments', 'Edifici', 'Buildings', 'FSDI Federal Spatial Data Infrastructure', 'BGDI Bundesgeodaten-Infrastruktur', 'IFDG Infrastruttura federale dei dati geografici', 'IFDG l’Infrastructure Fédérale de données géographiques'];no;['FR', 'IT', 'EN', 'RM', 'DE'];multiple;geocat;Topografie;topographie;topography;topografia
27;c6effda8-9297-45fb-b600-b32ad63e8419;['Kartographie', 'cartographie', 'cartografia', 'cartography', 'Skifahren', 'skier', 'sci', 'skiing', 'Schutzgebiet', 'espace protégé', 'area protetta', 'protected area', 'Landeskarte', 'carte nationale', 'carta nazionale', 'national map', 'Gebietsname', 'nom de territoire', 'nome di territorio', 'area name', 'Ortsname', 'nom de lieu', 'nome del luogo', 'place name', 'Hangneigung', 'déclivité', 'acclività', 'gradient', 'GPS (Global Positioning System)', 'GPS (Global Positioning System)', 'GPS (Global Positioning System)', 'GPS (Global Positioning System)', 'Schneeschuh', 'raquette à neige', 'racchetta da neve', 'snowshoe', 'Skitour', 'randonnée à ski', 'escursione con gli sci', 'ski tour', 'Topografische Karte', 'Carte topographique', 'carta topografica', 'Topographic map', 'Schneesport', 'sport de neige', 'sport della neve', 'snowsport', 'Gewässer', 'eaux (géographie)', 'acque (geografia)', 'water (geographic)', 'Nomenklatur', 'nomenclature', 'nomenclatura', 'nomenclature', 'Berg', 'montagne', 'montagna', 'mountain'];no;['FR', 'IT', 'EN', 'DE'];multiple;geocat;Topografie;topographie;topography;topografia
28;d523df4c-6d6e-402a-9385-72f809c88ee2;"['Geographisches Informationssystem', ""système d'information géographique"", 'sistema informativo geografico', 'geographic information system', 'Vektor', 'vecteur', 'vettore', 'vector', 'Öffentlicher Verkehr', 'transport en commun', 'trasporto pubblico', 'public transport', 'GIS (Geografisches Informationssystem)', ""SIG (Système d'Information Géographique)"", 'SIG (Sistema Informativo Geografico)', 'GIS (Geographic Information System)', 'Verkehrsnetz', 'réseau de transport', 'rete di trasporto', 'traffic network', 'Basiskarte', 'carte de base', 'carta di base', 'base map', 'Einzelobjekt', 'objet divers', 'oggetto singolo', 'single object', 'Topografische Karte', 'Carte topographique', 'carta topografica', 'Topographic map', 'Höhenkurve', 'courbe de niveau', 'curva di livello', 'contour line', 'Landschaftsmodell', 'modèle du territoire', 'modello del territorio', 'landscape model', 'Geografische Bezeichnungen', 'Dénominations géographiques', 'Nomi geografici', 'Geographical names', 'Bodenbedeckung', 'Occupation des terres', 'Copertura del suolo', 'Land cover', 'Gewässernetz', 'Hydrographie', 'Idrografia', 'Hydrography', 'FSDI Federal Spatial Data Infrastructure', 'BGDI Bundesgeodaten-Infrastruktur', 'IFDG Infrastruttura federale dei dati geografici', 'IFDG l’Infrastructure Fédérale de données géographiques']";no;['FR', 'IT', 'EN', 'RM', 'DE'];multiple;geocat;Topografie;topographie;topography;topografia
29;4ea228b8-7910-4339-8a31-d38d8d8592bd;"['Geländedarstellung', 'représentation du terrain', 'rappresentazione del terreno', 'terrain representation', 'Topografische Karte', 'Carte topographique', 'carta topografica', 'Topographic map', 'Landeskarte', 'carte nationale', 'carta nazionale', 'national map', 'Verkehrsnetz', 'réseau de transport', 'rete di trasporto', 'traffic network', 'Geobasisdaten', 'géodonnées de base', 'geodati di base', 'official geodata', 'Aufbewahrungs- und Archivierungsplanung AAP - Bund', ""Planification de la conservation et de l'archivage AAP - Conféderation"", 'Pianificazione della conservazione e dell’archiviazione AAP - Confederazione', 'Conservation and archiving planning AAP - Confederation', 'opendata.swiss', 'opendata.swiss', 'opendata.swiss', 'opendata.swiss', 'opendata.swiss', 'Generalkarte', 'carte générale', 'carta generale', 'general map', 'Relief', 'relief', 'rilievo', 'relief (land)', 'Gewässer', 'eaux (géographie)', 'acque (geografia)', 'water (geographic)', 'Grenze', 'bordure', 'frontiera', 'border', 'Kartographie', 'cartographie', 'cartografia', 'cartography', 'Geografische Bezeichnungen', 'Dénominations géographiques', 'Nomi geografici', 'Geographical names', 'FSDI Federal Spatial Data Infrastructure', 'BGDI Bundesgeodaten-Infrastruktur', 'IFDG Infrastruttura federale dei dati geografici', 'IFDG l’Infrastructure Fédérale de données géographiques']";no;['FR', 'IT', 'EN', 'RM', 'DE'];multiple;geocat;Topografie;topographie;topography;topografia
30;a3234855-bfd6-4247-9734-42e3b5451c91;"['GIS (Geografisches Informationssystem)', ""SIG (Système d'Information Géographique)"", 'SIG (Sistema Informativo Geografico)', 'GIS (Geographic Information System)', 'Landeskarte', 'carte nationale', 'carta nazionale', 'national map', 'Topografische Karte', 'Carte topographique', 'carta topografica', 'Topographic map', 'Verkehrsnetz', 'réseau de transport', 'rete di trasporto', 'traffic network', 'opendata.swiss', 'opendata.swiss', 'opendata.swiss', 'opendata.swiss', 'opendata.swiss', 'Geländedarstellung', 'représentation du terrain', 'rappresentazione del terreno', 'terrain representation', 'Vegetation', 'végétation', 'vegetazione', 'vegetation', 'Grenze', 'bordure', 'frontiera', 'border', 'Gewässer', 'eaux (géographie)', 'acque (geografia)', 'water (geographic)', 'Kartographie', 'cartographie', 'cartografia', 'cartography', 'Vektor', 'vecteur', 'vettore', 'vector', 'Relief', 'relief', 'rilievo', 'relief (land)', 'Geografische Bezeichnungen', 'Dénominations géographiques', 'Nomi geografici', 'Geographical names']";no;['FR', 'IT', 'EN', 'RM', 'DE'];multiple;geocat;Topografie;topographie;topography;topografia
31;1013f96e-1d7a-4085-a2a7-b8dae90f9a11;['Kartographie', 'cartographie', 'cartografia', 'cartography', 'Vegetation', 'végétation', 'vegetazione', 'vegetation', 'Gewässer', 'eaux (géographie)', 'acque (geografia)', 'water (geographic)', 'Relief', 'relief', 'rilievo', 'relief (land)', 'Grenze', 'bordure', 'frontiera', 'border', 'Landeskarte', 'carte nationale', 'carta nazionale', 'national map', 'Geländedarstellung', 'représentation du terrain', 'rappresentazione del terreno', 'terrain representation', 'Topografische Karte', 'Carte topographique', 'carta topografica', 'Topographic map', 'Verkehrsnetz', 'réseau de transport', 'rete di trasporto', 'traffic network', 'Gebäude', 'Bâtiments', 'Edifici', 'Buildings', 'Bodenbedeckung', 'Occupation des terres', 'Copertura del suolo', 'Land cover', 'Höhe', 'Altitude', 'Elevazione', 'Elevation', 'Verkehrsnetze', 'Réseaux de transport', 'Reti di trasporto', 'Transport networks', 'Orthofotografie', 'Ortho-imagerie', 'Orto immagini', 'Orthoimagery', 'Gewässernetz', 'Hydrographie', 'Idrografia', 'Hydrography'];no;['FR', 'IT', 'EN', 'RM', 'DE'];multiple;geocat;Topografie;topographie;topography;topografia
32;ea59f826-b408-4657-a393-6fec178b2e30;"['Öffentlicher Verkehr', 'transport en commun', 'trasporto pubblico', 'public transport', 'Vektor', 'vecteur', 'vettore', 'vector', 'Geographisches Informationssystem', ""système d'information géographique"", 'sistema informativo geografico', 'geographic information system', 'Höhenkurve', 'courbe de niveau', 'curva di livello', 'contour line', 'Einzelobjekt', 'objet divers', 'oggetto singolo', 'single object', 'Landschaftsmodell', 'modèle du territoire', 'modello del territorio', 'landscape model', 'Basiskarte', 'carte de base', 'carta di base', 'base map', 'Topografische Karte', 'Carte topographique', 'carta topografica', 'Topographic map', 'opendata.swiss', 'opendata.swiss', 'opendata.swiss', 'opendata.swiss', 'opendata.swiss', 'GIS (Geografisches Informationssystem)', ""SIG (Système d'Information Géographique)"", 'SIG (Sistema Informativo Geografico)', 'GIS (Geographic Information System)', 'Verkehrsnetz', 'réseau de transport', 'rete di trasporto', 'traffic network', 'Gewässernetz', 'Hydrographie', 'Idrografia', 'Hydrography', 'Bodenbedeckung', 'Occupation des terres', 'Copertura del suolo', 'Land cover', 'Geografische Bezeichnungen', 'Dénominations géographiques', 'Nomi geografici', 'Geographical names', 'FSDI Federal Spatial Data Infrastructure', 'BGDI Bundesgeodaten-Infrastruktur', 'IFDG Infrastruttura federale dei dati geografici', 'IFDG l’Infrastructure Fédérale de données géographiques']";no;['FR', 'IT', 'EN', 'RM', 'DE'];multiple;geocat;Topografie;topographie;topography;topografia
33;27866f0f-12d7-4364-bcce-9a0c17558173;['opendata.swiss', 'opendata.swiss', 'opendata.swiss', 'opendata.swiss', 'opendata.swiss', 'Geländedarstellung', 'représentation du terrain', 'rappresentazione del terreno', 'terrain representation', 'Skitour', 'randonnée à ski', 'escursione con gli sci', 'ski tour', 'Landeskarte', 'carte nationale', 'carta nazionale', 'national map', 'Topografische Karte', 'Carte topographique', 'carta topografica', 'Topographic map', 'Verkehrsnetz', 'réseau de transport', 'rete di trasporto', 'traffic network', 'Geobasisdienst', 'Géodonnées de base', 'Gewässer', 'eaux (géographie)', 'acque (geografia)', 'water (geographic)', 'Grenze', 'bordure', 'frontiera', 'border', 'Relief', 'relief', 'rilievo', 'relief (land)', 'Kartographie', 'cartographie', 'cartografia', 'cartography', 'Vegetation', 'végétation', 'vegetazione', 'vegetation', 'Geografische Bezeichnungen', 'Dénominations géographiques', 'Nomi geografici', 'Geographical names', 'FSDI Federal Spatial Data Infrastructure', 'BGDI Bundesgeodaten-Infrastruktur', 'IFDG Infrastruttura federale dei dati geografici', 'IFDG l’Infrastructure Fédérale de données géographiques'];no;['FR', 'IT', 'EN', 'RM', 'DE'];multiple;geocat;Topografie;topographie;topography;topografia
34;66b36053-e5c9-45b3-8049-22f037fbe8be;"['Kartographie', 'cartographie', 'cartografia', 'cartography', 'Relief', 'relief', 'rilievo', 'relief (land)', 'Gewässer', 'eaux (géographie)', 'acque (geografia)', 'water (geographic)', 'Grenze', 'bordure', 'frontiera', 'border', 'Vektor', 'vecteur', 'vettore', 'vector', 'Vegetation', 'végétation', 'vegetazione', 'vegetation', 'Verkehrsnetz', 'réseau de transport', 'rete di trasporto', 'traffic network', 'GIS (Geografisches Informationssystem)', ""SIG (Système d'Information Géographique)"", 'SIG (Sistema Informativo Geografico)', 'GIS (Geographic Information System)', 'Geländedarstellung', 'représentation du terrain', 'rappresentazione del terreno', 'terrain representation', 'Topografische Karte', 'Carte topographique', 'carta topografica', 'Topographic map', 'Landeskarte', 'carte nationale', 'carta nazionale', 'national map', 'INSPIRE', 'INSPIRE', 'INSPIRE', 'INSPIRE', 'Geografische Bezeichnungen', 'Dénominations géographiques', 'Nomi geografici', 'Geographical names']";no;['FR', 'IT', 'EN', 'RM', 'DE'];multiple;geocat;Topografie;topographie;topography;topografia
35;cb0f8401-c49a-4bdf-aff6-40a7015ba43a;['Relief', 'relief', 'rilievo', 'relief (land)', 'Grenze', 'bordure', 'frontiera', 'border', 'Kartographie', 'cartographie', 'cartografia', 'cartography', 'Gewässer', 'eaux (géographie)', 'acque (geografia)', 'water (geographic)', 'Vegetation', 'végétation', 'vegetazione', 'vegetation', 'Landeskarte', 'carte nationale', 'carta nazionale', 'national map', 'Verkehrsnetz', 'réseau de transport', 'rete di trasporto', 'traffic network', 'Geländedarstellung', 'représentation du terrain', 'rappresentazione del terreno', 'terrain representation', 'Topografische Karte', 'Carte topographique', 'carta topografica', 'Topographic map', 'opendata.swiss', 'opendata.swiss', 'opendata.swiss', 'opendata.swiss', 'opendata.swiss', 'Orthofotografie', 'Ortho-imagerie', 'Orto immagini', 'Orthoimagery', 'Gewässernetz', 'Hydrographie', 'Idrografia', 'Hydrography', 'Verkehrsnetze', 'Réseaux de transport', 'Reti di trasporto', 'Transport networks', 'Gebäude', 'Bâtiments', 'Edifici', 'Buildings', 'Bodenbedeckung', 'Occupation des terres', 'Copertura del suolo', 'Land cover', 'Höhe', 'Altitude', 'Elevazione', 'Elevation', 'FSDI Federal Spatial Data Infrastructure', 'BGDI Bundesgeodaten-Infrastruktur', 'IFDG Infrastruttura federale dei dati geografici', 'IFDG l’Infrastructure Fédérale de données géographiques'];no;['FR', 'IT', 'EN', 'RM', 'DE'];multiple;geocat;Topografie;topographie;topography;topografia
36;d12f970f-6a83-4c33-8cfe-7504b6a5dca9;"['Historische Karte', 'carte historique', 'carta storica', 'historic map', 'Topografische Karte', 'Carte topographique', 'carta topografica', 'Topographic map', 'Einzelsignatur', 'symbole individuel', 'simbolo individuale', 'individual Symbol', 'Geobasisdaten', 'géodonnées de base', 'geodati di base', 'official geodata', 'Geländedarstellung', 'représentation du terrain', 'rappresentazione del terreno', 'terrain representation', 'Landeskarte', 'carte nationale', 'carta nazionale', 'national map', 'Aufbewahrungs- und Archivierungsplanung AAP - Bund', ""Planification de la conservation et de l'archivage AAP - Conféderation"", 'Pianificazione della conservazione e dell’archiviazione AAP - Confederazione', 'Conservation and archiving planning AAP - Confederation', 'e-geo.ch', 'e-geo.ch', 'e-geo.ch', 'e-geo.ch', 'Ortsname', 'nom de lieu', 'nome del luogo', 'place name', 'Fels', 'roche', 'roccia', 'rock', 'Relief', 'relief', 'rilievo', 'relief (land)', 'Geschichte', 'histoire', 'storia', 'history', 'Gebiet', 'province', 'provincia', 'province', 'Nomenklatur', 'nomenclature', 'nomenclatura', 'nomenclature', 'Geografische Bezeichnungen', 'Dénominations géographiques', 'Nomi geografici', 'Geographical names', 'FSDI Federal Spatial Data Infrastructure', 'BGDI Bundesgeodaten-Infrastruktur', 'IFDG Infrastruttura federale dei dati geografici', 'IFDG l’Infrastructure Fédérale de données géographiques', 'Gewässer', 'eaux (géographie)', 'acque (geografia)', 'water (geographic)', 'Berg', 'montagne', 'montagna', 'mountain']";no;['FR', 'IT', 'EN', 'RM', 'DE'];multiple;geocat;Topografie;topographie;topography;topografia
37;74aef814-0c97-4261-a2c1-df4a948aca8e;['Geographie', 'géographie', 'geografia', 'geography', 'Grenze', 'bordure', 'frontiera', 'border', 'Vegetation', 'végétation', 'vegetazione', 'vegetation', 'Gewässer', 'eaux (géographie)', 'acque (geografia)', 'water (geographic)', 'Kartographie', 'cartographie', 'cartografia', 'cartography', 'Relief', 'relief', 'rilievo', 'relief (land)', 'Topografische Karte', 'Carte topographique', 'carta topografica', 'Topographic map', 'Verkehrsnetz', 'réseau de transport', 'rete di trasporto', 'traffic network', 'Landeskarte', 'carte nationale', 'carta nazionale', 'national map', 'Geländedarstellung', 'représentation du terrain', 'rappresentazione del terreno', 'terrain representation', 'Orthofotografie', 'Ortho-imagerie', 'Orto immagini', 'Orthoimagery', 'Verkehrsnetze', 'Réseaux de transport', 'Reti di trasporto', 'Transport networks', 'Bodenbedeckung', 'Occupation des terres', 'Copertura del suolo', 'Land cover', 'Höhe', 'Altitude', 'Elevazione', 'Elevation', 'Gewässernetz', 'Hydrographie', 'Idrografia', 'Hydrography', 'Gebäude', 'Bâtiments', 'Edifici', 'Buildings', 'FSDI Federal Spatial Data Infrastructure', 'BGDI Bundesgeodaten-Infrastruktur', 'IFDG Infrastruttura federale dei dati geografici', 'IFDG l’Infrastructure Fédérale de données géographiques'];no;['FR', 'IT', 'EN', 'RM', 'DE'];multiple;geocat;Topografie;topographie;topography;topografia
38;f9c31be1-887c-4203-8b11-57b40ecc039b;['Geographie', 'géographie', 'geografia', 'geography', 'Gewässer', 'eaux (géographie)', 'acque (geografia)', 'water (geographic)', 'Relief', 'relief', 'rilievo', 'relief (land)', 'Kartographie', 'cartographie', 'cartografia', 'cartography', 'Grenze', 'bordure', 'frontiera', 'border', 'Vegetation', 'végétation', 'vegetazione', 'vegetation', 'Verkehrsnetz', 'réseau de transport', 'rete di trasporto', 'traffic network', 'Topografische Karte', 'Carte topographique', 'carta topografica', 'Topographic map', 'Geländedarstellung', 'représentation du terrain', 'rappresentazione del terreno', 'terrain representation', 'Landeskarte', 'carte nationale', 'carta nazionale', 'national map', 'Bodenbedeckung', 'Occupation des terres', 'Copertura del suolo', 'Land cover', 'Höhe', 'Altitude', 'Elevazione', 'Elevation', 'Verkehrsnetze', 'Réseaux de transport', 'Reti di trasporto', 'Transport networks', 'Gebäude', 'Bâtiments', 'Edifici', 'Buildings', 'Orthofotografie', 'Ortho-imagerie', 'Orto immagini', 'Orthoimagery', 'Gewässernetz', 'Hydrographie', 'Idrografia', 'Hydrography', 'FSDI Federal Spatial Data Infrastructure', 'BGDI Bundesgeodaten-Infrastruktur', 'IFDG Infrastruttura federale dei dati geografici', 'IFDG l’Infrastructure Fédérale de données géographiques'];no;['FR', 'IT', 'EN', 'RM', 'DE'];multiple;geocat;Topografie;topographie;topography;topografia
39;d3b21424-70a4-4984-a693-aa7f11813c53;"['Weg', 'chemin', 'cammino', 'path', 'Landesgrenze', 'frontière nationale', 'confine nazionale', 'national border', 'Höhenkote', ""cote d'altitude"", 'quota altimetrica', 'spot height', 'Topografische Karte', 'Carte topographique', 'carta topografica', 'Topographic map', 'Landeskarte', 'carte nationale', 'carta nazionale', 'national map', 'Einzelsignatur', 'symbole individuel', 'simbolo individuale', 'individual Symbol', 'Fluss', 'rivière', 'fiume', 'river', 'Aufbewahrungs- und Archivierungsplanung AAP - Bund', ""Planification de la conservation et de l'archivage AAP - Conféderation"", 'Pianificazione della conservazione e dell’archiviazione AAP - Confederazione', 'Conservation and archiving planning AAP - Confederation', 'Historische Karte', 'carte historique', 'carta storica', 'historic map', 'e-geo.ch', 'e-geo.ch', 'e-geo.ch', 'e-geo.ch', 'GIS (Geografisches Informationssystem)', ""SIG (Système d'Information Géographique)"", 'SIG (Sistema Informativo Geografico)', 'GIS (Geographic Information System)', 'Geländedarstellung', 'représentation du terrain', 'rappresentazione del terreno', 'terrain representation', 'Geobasisdaten', 'géodonnées de base', 'geodati di base', 'official geodata', 'Höhenkurve', 'courbe de niveau', 'curva di livello', 'contour line', 'Geografische Bezeichnungen', 'Dénominations géographiques', 'Nomi geografici', 'Geographical names', 'Bodenbedeckung', 'Occupation des terres', 'Copertura del suolo', 'Land cover', 'Straße', 'route', 'strada', 'road', 'Fels', 'roche', 'roccia', 'rock', 'Gewässer', 'eaux (géographie)', 'acque (geografia)', 'water (geographic)', 'Kartographie', 'cartographie', 'cartografia', 'cartography', 'Bach', 'ruisseau', 'ruscello', 'brook', 'Gebiet', 'province', 'provincia', 'province', 'Nomenklatur', 'nomenclature', 'nomenclatura', 'nomenclature', 'FSDI Federal Spatial Data Infrastructure', 'BGDI Bundesgeodaten-Infrastruktur', 'IFDG Infrastruttura federale dei dati geografici', 'IFDG l’Infrastructure Fédérale de données géographiques', 'Berg', 'montagne', 'montagna', 'mountain']";no;['FR', 'IT', 'EN', 'RM', 'DE'];multiple;geocat;Topografie;topographie;topography;topografia
40;0704a55f-8e5e-4c1a-975a-8cc225360d3e;['cartographie', 'Kartographie', 'cartografia', 'cartography', 'Carte topographique', 'Topografische Karte', 'carta topografica', 'Topographic map', 'représentation du terrain', 'Geländedarstellung', 'rappresentazione del terreno', 'terrain representation', 'carte nationale', 'Landeskarte', 'carta nazionale', 'national map'];no;['DE', 'IT', 'EN', 'RM', 'FR'];multiple;geocat;Topografie;topographie;topography;topografia
41;aeb2991f-6cf7-4d33-9e73-5a8a53418f3c;['cartographie', 'Kartographie', 'cartografia', 'cartography', 'carte nationale', 'Landeskarte', 'carta nazionale', 'national map', 'Carte topographique', 'Topografische Karte', 'carta topografica', 'Topographic map', 'représentation du terrain', 'Geländedarstellung', 'rappresentazione del terreno', 'terrain representation'];no;['DE', 'IT', 'EN', 'RM', 'FR'];multiple;geocat;Topografie;topographie;topography;topografia
42;4075bbda-ce2d-4d10-8ecb-f0538b6daaa0;['cartographie', 'Kartographie', 'cartografia', 'cartography', 'Carte topographique', 'Topografische Karte', 'carta topografica', 'Topographic map', 'représentation du terrain', 'Geländedarstellung', 'rappresentazione del terreno', 'terrain representation', 'carte nationale', 'Landeskarte', 'carta nazionale', 'national map'];no;['DE', 'IT', 'EN', 'RM', 'FR'];multiple;geocat;Topografie;topographie;topography;topografia
43;0e808468-6ce7-4b92-a328-0749ad8e9f8f;['cartographie', 'Kartographie', 'cartografia', 'cartography', 'Carte topographique', 'Topografische Karte', 'carta topografica', 'Topographic map', 'carte nationale', 'Landeskarte', 'carta nazionale', 'national map', 'représentation du terrain', 'Geländedarstellung', 'rappresentazione del terreno', 'terrain representation'];no;['DE', 'IT', 'EN', 'RM', 'FR'];multiple;geocat;Topografie;topographie;topography;topografia
44;e1983de4-6db0-45fb-a7f6-5742fd8d5629;['cartographie', 'Kartographie', 'cartografia', 'cartography', 'carte nationale', 'Landeskarte', 'carta nazionale', 'national map', 'Carte topographique', 'Topografische Karte', 'carta topografica', 'Topographic map', 'représentation du terrain', 'Geländedarstellung', 'rappresentazione del terreno', 'terrain representation'];no;['DE', 'IT', 'EN', 'RM', 'FR'];multiple;geocat;Topografie;topographie;topography;topografia
45;9721c97d-ba3d-4fb2-8c8d-fac8de33c644;['cartographie', 'Kartographie', 'cartografia', 'cartography', 'Carte topographique', 'Topografische Karte', 'carta topografica', 'Topographic map', 'carte nationale', 'Landeskarte', 'carta nazionale', 'national map', 'représentation du terrain', 'Geländedarstellung', 'rappresentazione del terreno', 'terrain representation'];no;['DE', 'IT', 'EN', 'RM', 'FR'];multiple;geocat;Topografie;topographie;topography;topografia
46;6e9013f0-a9d2-4fc0-aaf6-08133c94d7f7;['cartographie', 'Kartographie', 'cartografia', 'cartography', 'Carte topographique', 'Topografische Karte', 'carta topografica', 'Topographic map', 'représentation du terrain', 'Geländedarstellung', 'rappresentazione del terreno', 'terrain representation', 'carte nationale', 'Landeskarte', 'carta nazionale', 'national map'];no;['DE', 'IT', 'EN', 'RM', 'FR'];multiple;geocat;Topografie;topographie;topography;topografia
47;81fcdd5d-21ab-4e63-b837-e72581192078;['cartographie', 'Kartographie', 'cartografia', 'cartography', 'représentation du terrain', 'Geländedarstellung', 'rappresentazione del terreno', 'terrain representation', 'Carte topographique', 'Topografische Karte', 'carta topografica', 'Topographic map', 'carte nationale', 'Landeskarte', 'carta nazionale', 'national map'];no;['DE', 'IT', 'EN', 'RM', 'FR'];multiple;geocat;Topografie;topographie;topography;topografia
48;54e2352c-bef7-494d-a78c-81e7c081b974;['cartographie', 'Kartographie', 'cartografia', 'cartography', 'carte nationale', 'Landeskarte', 'carta nazionale', 'national map', 'Carte topographique', 'Topografische Karte', 'carta topografica', 'Topographic map', 'représentation du terrain', 'Geländedarstellung', 'rappresentazione del terreno', 'terrain representation'];no;['DE', 'IT', 'EN', 'RM', 'FR'];multiple;geocat;Topografie;topographie;topography;topografia
49;01ad8220-38ef-4789-bc43-62f3c4095f9b;['cartographie', 'Kartographie', 'cartografia', 'cartography', 'représentation du terrain', 'Geländedarstellung', 'rappresentazione del terreno', 'terrain representation', 'carte nationale', 'Landeskarte', 'carta nazionale', 'national map', 'Carte topographique', 'Topografische Karte', 'carta topografica', 'Topographic map'];no;['DE', 'IT', 'EN', 'RM', 'FR'];multiple;geocat;Topografie;topographie;topography;topografia
50;1f0bd44e-6d9a-493e-9fbc-0453dcf5cf95;['cartographie', 'Kartographie', 'cartografia', 'cartography', 'représentation du terrain', 'Geländedarstellung', 'rappresentazione del terreno', 'terrain representation', 'Carte topographique', 'Topografische Karte', 'carta topografica', 'Topographic map', 'carte historique', 'Historische Karte', 'carta storica', 'historic map', 'carte nationale', 'Landeskarte', 'carta nazionale', 'national map'];no;['DE', 'IT', 'EN', 'RM', 'FR'];multiple;geocat;Topografie;topographie;topography;topografia
51;03665b9a-2479-47ab-8cbb-0ecdefc95a38;['cartographie', 'Kartographie', 'cartografia', 'cartography', 'carte nationale', 'Landeskarte', 'carta nazionale', 'national map', 'représentation du terrain', 'Geländedarstellung', 'rappresentazione del terreno', 'terrain representation', 'Carte topographique', 'Topografische Karte', 'carta topografica', 'Topographic map', 'carte historique', 'Historische Karte', 'carta storica', 'historic map'];no;['DE', 'IT', 'EN', 'RM', 'FR'];multiple;geocat;Topografie;topographie;topography;topografia
52;876b807a-e4f1-430f-a18e-390b049d7501;['cartographie', 'Kartographie', 'cartografia', 'cartography', 'relief', 'Relief', 'rilievo', 'relief (land)', 'vecteur', 'Vektor', 'vettore', 'vector', 'représentation du terrain', 'Geländedarstellung', 'rappresentazione del terreno', 'terrain representation', 'carte nationale', 'Landeskarte', 'carta nazionale', 'national map', 'Carte topographique', 'Topografische Karte', 'carta topografica', 'Topographic map'];no;['DE', 'IT', 'EN', 'RM', 'FR'];multiple;geocat;Topografie;topographie;topography;topografia
