﻿;uuid;keywords;new_kw_present;languages;multiple_languages;type;new_kw_de;new_kw_fr;new_kw_en;new_kw_it
0;b2f1f4c2-2ee4-4b3b-b064-7baf0bd57136;['Zuständigkeit', 'responsabilité', 'responsabilità', 'responsibility', 'Wanderwegnetz', 'Réseau de chemins de randonnée', 'Rete dei sentieri', 'Hiking trail network'];no;['FR', 'IT', 'EN', 'RM', 'DE'];multiple;gemet;Wanderweg;sentier de randonnée;hiking trail;sentiero escursionistico
1;0af3d897-0a47-4951-8b84-7b1d7f4fe56c;['Vektor', 'vecteur', 'vettore', 'vector', 'Wanderrouten', 'Randonnées pédestres', 'Percorsi a piedi', 'Walking routes', 'Wanderwegnetz', 'Réseau de chemins de randonnée', 'Rete dei sentieri', 'Hiking trail network', 'Verkehrsnetze', 'Réseaux de transport', 'Reti di trasporto', 'Transport networks'];no;['FR', 'IT', 'EN', 'DE'];multiple;gemet;Wanderweg;sentier de randonnée;hiking trail;sentiero escursionistico
2;e5ae7391-4299-4e78-aff2-ab4284cc6bd4;['Wandern', 'Wegweiser', 'Wanderwegnetz', 'Wanderweg'];yes;['ger'];ger;gemet;Wanderweg;sentier de randonnée;hiking trail;sentiero escursionistico
3;03eb997b-1821-4643-b28b-70bf536b6dd6;['Wegweiser', 'Wanderwegnetz', 'Wandern', 'Wanderweg'];yes;['ger'];ger;gemet;Wanderweg;sentier de randonnée;hiking trail;sentiero escursionistico
4;b6b08894-aa0c-4b1a-a991-48a738744e8c;['Wegweiser', 'Wanderwegnetz', 'Wandern', 'Wegnetz', 'Wanderweg'];yes;['ger'];ger;gemet;Wanderweg;sentier de randonnée;hiking trail;sentiero escursionistico
5;0d74bf84-e8a5-43b6-8a0a-b6c78f8f9f87;['Wandern', 'Wegweiser', 'Wanderwegnetz', 'Wegnetz', 'Wanderweg'];yes;['ger'];ger;gemet;Wanderweg;sentier de randonnée;hiking trail;sentiero escursionistico
6;81c15162-3658-4db2-8456-9f44aad5266a;['Wanderwegnetz', 'Wegnetz', 'Wandern', 'Wegweiser', 'Wanderweg'];yes;['ger'];ger;gemet;Wanderweg;sentier de randonnée;hiking trail;sentiero escursionistico
7;311b062e-c689-454f-89c6-6b32c34750cc;['Wandern', 'Wegnetz', 'Wanderwegnetz', 'Wegweiser', 'Wanderweg'];yes;['ger'];ger;gemet;Wanderweg;sentier de randonnée;hiking trail;sentiero escursionistico
8;8c8243dc-107d-441b-af27-0cfedf546ad8;['Wegweiser', 'poteau indicateur', 'cartello indicatore', 'fingerpost', 'Wanderrouten', 'Randonnées pédestres', 'Percorsi a piedi', 'Walking routes', 'Wanderwegnetz', 'Réseau de chemins de randonnée', 'Rete dei sentieri', 'Hiking trail network', 'Freizeit', 'temps libre', 'tempo libero', 'leisure time', 'Erholung', 'récréation', 'ricreazione', 'recreation'];no;['FR', 'IT', 'EN', 'DE'];multiple;gemet;Wanderweg;sentier de randonnée;hiking trail;sentiero escursionistico
9;e678360a-17b6-4471-b00a-9fc4010ee394;"['Geodaten', 'géodonnées', 'geodati', 'geodata', 'Geobasisdaten', 'géodonnées de base', 'geodati di base', 'official geodata', 'Langsamverkehr', 'trafic non motorisé', 'traffico lento', 'human-powered mobility', 'Fussgänger', 'piéton', 'pedone', 'pedestrian', 'Verkehrsnetz', 'réseau de transport', 'rete di trasporto', 'traffic network', 'Wanderwegnetz', 'Réseau de chemins de randonnée', 'Rete dei sentieri', 'Hiking trail network', 'Aufbewahrungs- und Archivierungsplanung AAP - Bund', ""Planification de la conservation et de l'archivage AAP - Conféderation"", 'Pianificazione della conservazione e dell’archiviazione AAP - Confederazione', 'Conservation and archiving planning AAP - Confederation']";no;['FR', 'IT', 'EN', 'RM', 'DE'];multiple;gemet;Wanderweg;sentier de randonnée;hiking trail;sentiero escursionistico
10;fc9af127-4cf9-4843-928d-a0729a6663c6;"['Weg', 'chemin', 'cammino', 'path', 'BGDI Bundesgeodaten-Infrastruktur', 'IFDG l’Infrastructure Fédérale de données géographiques', 'IFDG Infrastruttura federale dei dati geografici', 'FSDI Federal Spatial Data Infrastructure', 'Langsamverkehr', 'trafic non motorisé', 'traffico lento', 'human-powered mobility', 'Wandern', 'Randonnée', 'A piedi', 'Walk', 'Wanderwegnetz', 'Réseau de chemins de randonnée', 'Rete dei sentieri', 'Hiking trail network', 'Tourismus und Freizeit', 'tourisme', 'turismo', 'tourism', 'Raumplanung', ""planification de l'espace physique"", 'pianificazione dello spazio fisico', 'physical planning']";no;['FR', 'IT', 'EN', 'RM', 'DE'];multiple;gemet;Wanderweg;sentier de randonnée;hiking trail;sentiero escursionistico
11;c184e7d7-567c-48c1-8ed3-6a21c8ceb16f;['Wandern', 'Randonnée', 'A piedi', 'Walk', 'Wegnetz', 'réseau de chemin', 'rete di cammino', 'path netwok', 'Wanderwegnetz', 'Réseau de chemins de randonnée', 'Rete dei sentieri', 'Hiking trail network', 'Fussgänger', 'piéton', 'pedone', 'pedestrian', 'Mobilität', 'mobilité', 'mobilità', 'mobility', 'opendata.swiss', 'opendata.swiss', 'opendata.swiss', 'opendata.swiss'];no;['FR', 'IT', 'EN', 'DE'];multiple;gemet;Wanderweg;sentier de randonnée;hiking trail;sentiero escursionistico
12;b440815a-07e5-48db-959d-cb2ca4458f3a;"['Wanderwegnetz', 'Réseau de chemins de randonnée', 'Rete dei sentieri', 'Hiking trail network', 'opendata.swiss', 'opendata.swiss', 'opendata.swiss', 'opendata.swiss', 'opendata.swiss', 'Wandern', 'Randonnée', 'A piedi', 'Walk', 'opendata.swiss', 'opendata.swiss', 'opendata.swiss', 'opendata.swiss', 'opendata.swiss', 'Langsamverkehr', 'trafic non motorisé', 'traffico lento', 'human-powered mobility', 'opendata.swiss', 'opendata.swiss', 'opendata.swiss', 'opendata.swiss', 'opendata.swiss', 'opendata.swiss', 'opendata.swiss', 'opendata.swiss', 'opendata.swiss', 'opendata.swiss', 'BGDI Bundesgeodaten-Infrastruktur', 'IFDG l’Infrastructure Fédérale de données géographiques', 'IFDG Infrastruttura federale dei dati geografici', 'FSDI Federal Spatial Data Infrastructure', 'Pfad', 'sentier', 'sentiero', 'path', 'opendata.swiss', 'opendata.swiss', 'opendata.swiss', 'opendata.swiss', 'opendata.swiss', 'Weg', 'chemin', 'cammino', 'path', 'Fremdenverkehr', 'tourisme', 'turismo', 'tourism', 'Tourismus und Freizeit', 'tourisme', 'turismo', 'tourism', 'Raumplanung', ""planification de l'espace physique"", 'pianificazione dello spazio fisico', 'physical planning']";no;['FR', 'IT', 'EN', 'RM', 'DE'];multiple;gemet;Wanderweg;sentier de randonnée;hiking trail;sentiero escursionistico
13;ee683219-f240-46d1-a7df-91501445f7ff;['itinéraire', 'aménagement du territoire', 'sentier de randonnée', 'chemin', 'Réseau de chemins de randonnée'];yes;['fre'];fre;gemet;Wanderweg;sentier de randonnée;hiking trail;sentiero escursionistico
