﻿;uuid;keywords;new_kw_present;languages;multiple_languages;type;new_kw_de;new_kw_fr;new_kw_en;new_kw_it
0;03eb997b-1821-4643-b28b-70bf536b6dd6;['Wegweiser', 'Wanderwegnetz', 'Wandern', 'Wanderweg'];yes;['ger'];ger;gemet;Wanderweg;sentier de randonnée;hiking trail;sentiero escursionistico
1;e5ae7391-4299-4e78-aff2-ab4284cc6bd4;['Wandern', 'Wegweiser', 'Wanderwegnetz', 'Wanderweg'];yes;['ger'];ger;gemet;Wanderweg;sentier de randonnée;hiking trail;sentiero escursionistico
2;95638869-ef86-4e95-ae60-20e84e8dca8c;"['Wandern', 'Randonnée', 'A piedi', 'Walk', 'Langsamverkehr', 'trafic non motorisé', 'traffico lento', 'human-powered mobility', 'Tourismus und Freizeit', 'tourisme', 'turismo', 'tourism', 'Raumplanung', ""planification de l'espace physique"", 'pianificazione dello spazio fisico', 'physical planning', 'FSDI Federal Spatial Data Infrastructure', 'BGDI Bundesgeodaten-Infrastruktur', 'IFDG Infrastruttura federale dei dati geografici', 'IFDG l’Infrastructure Fédérale de données géographiques']";no;['FR', 'IT', 'EN', 'RM', 'DE'];multiple;gemet;Wanderweg;sentier de randonnée;hiking trail;sentiero escursionistico
3;b6b08894-aa0c-4b1a-a991-48a738744e8c;['Wegweiser', 'Wanderwegnetz', 'Wandern', 'Wegnetz', 'Wanderweg'];yes;['ger'];ger;gemet;Wanderweg;sentier de randonnée;hiking trail;sentiero escursionistico
4;81c15162-3658-4db2-8456-9f44aad5266a;['Wanderwegnetz', 'Wegnetz', 'Wandern', 'Wegweiser', 'Wanderweg'];yes;['ger'];ger;gemet;Wanderweg;sentier de randonnée;hiking trail;sentiero escursionistico
5;0d74bf84-e8a5-43b6-8a0a-b6c78f8f9f87;['Wandern', 'Wegweiser', 'Wanderwegnetz', 'Wegnetz', 'Wanderweg'];yes;['ger'];ger;gemet;Wanderweg;sentier de randonnée;hiking trail;sentiero escursionistico
6;311b062e-c689-454f-89c6-6b32c34750cc;['Wandern', 'Wegnetz', 'Wanderwegnetz', 'Wegweiser', 'Wanderweg'];yes;['ger'];ger;gemet;Wanderweg;sentier de randonnée;hiking trail;sentiero escursionistico
7;fc9af127-4cf9-4843-928d-a0729a6663c6;"['Weg', 'chemin', 'cammino', 'path', 'BGDI Bundesgeodaten-Infrastruktur', 'IFDG l’Infrastructure Fédérale de données géographiques', 'IFDG Infrastruttura federale dei dati geografici', 'FSDI Federal Spatial Data Infrastructure', 'Langsamverkehr', 'trafic non motorisé', 'traffico lento', 'human-powered mobility', 'Wandern', 'Randonnée', 'A piedi', 'Walk', 'Wanderwegnetz', 'Réseau de chemins de randonnée', 'Rete dei sentieri', 'Hiking trail network', 'Tourismus und Freizeit', 'tourisme', 'turismo', 'tourism', 'Raumplanung', ""planification de l'espace physique"", 'pianificazione dello spazio fisico', 'physical planning']";no;['FR', 'IT', 'EN', 'RM', 'DE'];multiple;gemet;Wanderweg;sentier de randonnée;hiking trail;sentiero escursionistico
8;c184e7d7-567c-48c1-8ed3-6a21c8ceb16f;['Wandern', 'Randonnée', 'A piedi', 'Walk', 'Wegnetz', 'réseau de chemin', 'rete di cammino', 'path netwok', 'Wanderwegnetz', 'Réseau de chemins de randonnée', 'Rete dei sentieri', 'Hiking trail network', 'Fussgänger', 'piéton', 'pedone', 'pedestrian', 'Mobilität', 'mobilité', 'mobilità', 'mobility', 'opendata.swiss', 'opendata.swiss', 'opendata.swiss', 'opendata.swiss'];no;['FR', 'IT', 'EN', 'DE'];multiple;gemet;Wanderweg;sentier de randonnée;hiking trail;sentiero escursionistico
9;b440815a-07e5-48db-959d-cb2ca4458f3a;"['Wanderwegnetz', 'Réseau de chemins de randonnée', 'Rete dei sentieri', 'Hiking trail network', 'opendata.swiss', 'opendata.swiss', 'opendata.swiss', 'opendata.swiss', 'opendata.swiss', 'Wandern', 'Randonnée', 'A piedi', 'Walk', 'opendata.swiss', 'opendata.swiss', 'opendata.swiss', 'opendata.swiss', 'opendata.swiss', 'Langsamverkehr', 'trafic non motorisé', 'traffico lento', 'human-powered mobility', 'opendata.swiss', 'opendata.swiss', 'opendata.swiss', 'opendata.swiss', 'opendata.swiss', 'opendata.swiss', 'opendata.swiss', 'opendata.swiss', 'opendata.swiss', 'opendata.swiss', 'BGDI Bundesgeodaten-Infrastruktur', 'IFDG l’Infrastructure Fédérale de données géographiques', 'IFDG Infrastruttura federale dei dati geografici', 'FSDI Federal Spatial Data Infrastructure', 'Pfad', 'sentier', 'sentiero', 'path', 'opendata.swiss', 'opendata.swiss', 'opendata.swiss', 'opendata.swiss', 'opendata.swiss', 'Weg', 'chemin', 'cammino', 'path', 'Fremdenverkehr', 'tourisme', 'turismo', 'tourism', 'Tourismus und Freizeit', 'tourisme', 'turismo', 'tourism', 'Raumplanung', ""planification de l'espace physique"", 'pianificazione dello spazio fisico', 'physical planning']";no;['FR', 'IT', 'EN', 'RM', 'DE'];multiple;gemet;Wanderweg;sentier de randonnée;hiking trail;sentiero escursionistico
10;b695c4bd-c564-41ab-bf51-062ca2e125b2;"['Randonnée', 'Wandern', 'A piedi', 'Walk', 'chemin', 'Weg', 'cammino', 'path', 'itinéraire', 'Route', 'itinerario', 'route', ""planification de l'espace physique"", 'Raumplanung', 'pianificazione dello spazio fisico', 'physical planning', 'aménagement du territoire', 'Raumordnung und -planung', 'sfruttamento razionale del territorio', 'land management and planning']";no;['DE', 'IT', 'EN', 'FR'];multiple;gemet;Wanderweg;sentier de randonnée;hiking trail;sentiero escursionistico
11;7db71d22-c9d0-4a9f-a3f7-b0439188b4e6;"['Randonnée', 'Wandern', 'A piedi', 'Walk', 'chemin', 'Weg', 'cammino', 'path', ""planification de l'espace physique"", 'Raumplanung', 'pianificazione dello spazio fisico', 'physical planning', 'itinéraire', 'Fahrweg (Streckenführung)', 'percorso', 'route', 'aménagement du territoire', 'Raumordnung und -planung', 'sfruttamento razionale del territorio', 'land management and planning', 'sentier', 'Pfad', 'sentiero', 'path']";no;['DE', 'IT', 'EN', 'FR'];multiple;gemet;Wanderweg;sentier de randonnée;hiking trail;sentiero escursionistico
12;dc7360fd-91d6-400d-bbb6-2fdd5f0999d9;"['vélo tout-terrain VTT', 'Mountainbike', 'mountain bike', 'mountain bike', 'chemin', 'Weg', 'cammino', 'path', 'Randonnée', 'Wandern', 'A piedi', 'Walk', 'sentier', 'Pfad', 'sentiero', 'path', ""planification de l'espace physique"", 'Raumplanung', 'pianificazione dello spazio fisico', 'physical planning', 'aménagement du territoire', 'Raumordnung und -planung', 'sfruttamento razionale del territorio', 'land management and planning', 'itinéraire', 'Fahrweg (Streckenführung)', 'percorso', 'route']";no;['DE', 'IT', 'EN', 'FR'];multiple;gemet;Wanderweg;sentier de randonnée;hiking trail;sentiero escursionistico
13;dddba72b-7ddb-48ad-b557-a7f4454a5fd6;"['vélo tout-terrain VTT', 'Mountainbike', 'mountain bike', 'mountain bike', 'Randonnée', 'Wandern', 'A piedi', 'Walk', 'chemin', 'Weg', 'cammino', 'path', 'sentier', 'Pfad', 'sentiero', 'path', ""planification de l'espace physique"", 'Raumplanung', 'pianificazione dello spazio fisico', 'physical planning', 'aménagement du territoire', 'Flächenstruktur', 'assetto del territorio', 'land setup', 'itinéraire', 'Fahrweg (Streckenführung)', 'percorso', 'route']";no;['DE', 'IT', 'EN', 'FR'];multiple;gemet;Wanderweg;sentier de randonnée;hiking trail;sentiero escursionistico
14;1f521cfd-f145-4f4e-a063-bd2801e6710f;['économie', 'Wirtschaft, Ökonomie und Finanzen', 'economia', 'economics', 'bâtiment', 'Bauwesen und gebaute Umwelt', 'edilizia', 'building', 'commerce, services', 'Handel, Dienstleistungen', 'commercio, servizi', 'trade, services', 'montagne', 'Berg', 'montagna', 'mountain', 'refuge de montagne', 'Bergrückzugsgebiet', 'rifugio di montagna', 'mountain refuge', 'randonnée à ski', 'Skitour', 'escursione con gli sci', 'ski tour', 'Randonnée', 'Wandern', 'A piedi', 'Walk'];no;['DE', 'IT', 'EN', 'RM', 'FR'];multiple;gemet;Wanderweg;sentier de randonnée;hiking trail;sentiero escursionistico
15;637eab19-de01-46d6-afa3-8e9703ee5a8d;"['chemin', 'Weg', 'cammino', 'path', 'Randonnée', 'Wandern', 'A piedi', 'Walk', 'vélo tout-terrain VTT', 'Mountainbike', 'mountain bike', 'mountain bike', 'interdiction', 'Verbot', 'divieto', 'prohibition', 'aménagement du territoire', 'Raumordnung und -planung', 'sfruttamento razionale del territorio', 'land management and planning', ""planification de l'espace physique"", 'Raumplanung', 'pianificazione dello spazio fisico', 'physical planning', 'sentier', 'Pfad', 'sentiero', 'path', 'itinéraire', 'Fahrweg (Streckenführung)', 'percorso', 'route']";no;['DE', 'IT', 'EN', 'FR'];multiple;gemet;Wanderweg;sentier de randonnée;hiking trail;sentiero escursionistico
