﻿;uuid;keywords;new_kw_present;languages;multiple_languages;type;new_kw_de;new_kw_fr;new_kw_en;new_kw_it
0;783835eb-ce1f-4c1e-88c6-747397dfa2f0;"['Wasserleitungsnetz', ""Réseau de distribution d'eau"", 'Rete di distribuzione idrica', 'Water-supply system', 'Wasserleitung', ""conduite d'eau"", ""condotta d'acqua"", 'water pipe', 'Wasserbau', ""aménagement des cours d'eau"", ""sistemazione dei corsi d'acqua"", 'river management', 'Wasserbewirtschaftung', 'gestion des ressources en eau', 'gestione delle risorse idriche', 'water resources management']";no;['FR', 'IT', 'EN', 'DE'];multiple;gemet;Wasserverteilungssystem;réseau de distribution d'eau;water distribution system;sistema di distribuzione dell'acqua
1;2b8d465d-56e6-4f22-b48f-069dd4e02f00;"['Wasserleitung', ""conduite d'eau"", ""condotta d'acqua"", 'water pipe', 'Wasserleitungsnetz', ""Réseau de distribution d'eau"", 'Rete di distribuzione idrica', 'Water-supply system', 'Leitungskataster', 'cadastre des conduites', 'catasto delle condotte', 'pipeline cadastre', 'Wasser', 'eau (substance)', 'acqua (sostanza)', 'water (substance)']";no;['FR', 'IT', 'EN', 'DE'];multiple;gemet;Wasserverteilungssystem;réseau de distribution d'eau;water distribution system;sistema di distribuzione dell'acqua
2;41b85f0a-afa1-486a-854b-f08c6293d99a;"['Leitungskataster', 'cadastre des conduites', 'catasto delle condotte', 'pipeline cadastre', 'Wasserleitungsnetz', ""Réseau de distribution d'eau"", 'Rete di distribuzione idrica', 'Water-supply system', 'Trinkwasserversorgung', 'approvisionnement en eau potable', 'approvvigionamento di acqua potabile', 'drinking water supply', 'Wasserversorgung', 'alimentation en eau', 'approvvigionamento idrico', 'water supply']";no;['FR', 'IT', 'EN', 'DE'];multiple;gemet;Wasserverteilungssystem;réseau de distribution d'eau;water distribution system;sistema di distribuzione dell'acqua
3;d79ce726-136b-4c42-9f8e-14790c165949;"['Wasser', 'acqua (sostanza)', 'water (substance)', 'eau (substance)', 'Leitungskataster', 'catasto delle condotte', 'pipeline cadastre', 'cadastre des conduites', 'Wasserleitung', ""condotta d'acqua"", 'water pipe', ""conduite d'eau"", 'Wasserleitungsnetz', 'Rete di distribuzione idrica', 'Water-supply system', ""Réseau de distribution d'eau""]";no;['IT', 'EN', 'FR', 'DE'];multiple;gemet;Wasserverteilungssystem;réseau de distribution d'eau;water distribution system;sistema di distribuzione dell'acqua
4;7abf1567-ecaa-4e06-b744-ecb57c8a960a;"['Leitungskataster', 'cadastre des conduites', 'catasto delle condotte', 'pipeline cadastre', 'Wasserleitungsnetz', ""Réseau de distribution d'eau"", 'Rete di distribuzione idrica', 'Water-supply system', 'Wasser', 'eau (substance)', 'acqua (sostanza)', 'water (substance)', 'Wasserversorgung', 'alimentation en eau', 'approvvigionamento idrico', 'water supply']";no;['FR', 'IT', 'EN', 'DE'];multiple;gemet;Wasserverteilungssystem;réseau de distribution d'eau;water distribution system;sistema di distribuzione dell'acqua
5;7789728d-ef70-4691-aa0a-df6d6d568a2f;"['Leitungskataster', 'cadastre des conduites', 'catasto delle condotte', 'pipeline cadastre', 'Wasserleitung', ""conduite d'eau"", ""condotta d'acqua"", 'water pipe', 'Wasserleitungsnetz', ""Réseau de distribution d'eau"", 'Rete di distribuzione idrica', 'Water-supply system', 'Wasserversorgung', 'alimentation en eau', 'approvvigionamento idrico', 'water supply']";no;['FR', 'IT', 'EN', 'DE'];multiple;gemet;Wasserverteilungssystem;réseau de distribution d'eau;water distribution system;sistema di distribuzione dell'acqua
6;f100b4c9-591c-478e-99e3-56a30343c676;"['Leitungskataster', 'cadastre des conduites', 'catasto delle condotte', 'pipeline cadastre', 'Wasserleitungsnetz', ""Réseau de distribution d'eau"", 'Rete di distribuzione idrica', 'Water-supply system', 'Trinkwasserversorgung', 'approvisionnement en eau potable', 'approvvigionamento di acqua potabile', 'drinking water supply', 'Wasserversorgung', 'alimentation en eau', 'approvvigionamento idrico', 'water supply']";no;['FR', 'IT', 'EN', 'DE'];multiple;gemet;Wasserverteilungssystem;réseau de distribution d'eau;water distribution system;sistema di distribuzione dell'acqua
7;5c31548b-121c-41d1-86a8-3b39bd53a223;"['Wasser', 'eau (substance)', 'acqua (sostanza)', 'water (substance)', 'Wasserversorgung', 'alimentation en eau', 'approvvigionamento idrico', 'water supply', 'Wasserleitungsnetz', ""Réseau de distribution d'eau"", 'Rete di distribuzione idrica', 'Water-supply system', 'Wasserleitung', ""conduite d'eau"", ""condotta d'acqua"", 'water pipe', 'Wasserbau', ""aménagement des cours d'eau"", ""sistemazione dei corsi d'acqua"", 'river management']";no;['FR', 'IT', 'EN', 'DE'];multiple;gemet;Wasserverteilungssystem;réseau de distribution d'eau;water distribution system;sistema di distribuzione dell'acqua
8;104cfe1f-2bbd-4e16-8813-e984628c6c59;['Leitungskataster', 'Wasserleitungsnetz', 'Wasserleitung', 'Wasser', 'Wasserversorgung'];no;['ger'];ger;gemet;Wasserverteilungssystem;réseau de distribution d'eau;water distribution system;sistema di distribuzione dell'acqua
9;b255550e-6233-4edd-9597-b096def2d9b3;['Leitungskataster', 'Wasserleitungsnetz', 'Wasserleitung', 'Wasser', 'Wasserversorgung'];no;['ger'];ger;gemet;Wasserverteilungssystem;réseau de distribution d'eau;water distribution system;sistema di distribuzione dell'acqua
10;b8e8c80b-c260-4d44-a33c-3f3a38f9b8c6;['Leitungskataster', 'Wasserleitungsnetz', 'Wasserleitung', 'Wasser', 'Wasserversorgung'];no;['ger'];ger;gemet;Wasserverteilungssystem;réseau de distribution d'eau;water distribution system;sistema di distribuzione dell'acqua
11;7a5f2e55-a026-4d3b-8ae8-ed7408228edb;['Leitungskataster', 'Wasserleitungsnetz', 'Wasserleitung', 'Wasser', 'Wasserversorgung'];no;['ger'];ger;gemet;Wasserverteilungssystem;réseau de distribution d'eau;water distribution system;sistema di distribuzione dell'acqua
12;c0ecd250-caee-4035-a704-07e06ab3be39;"['Leitungskataster', 'cadastre des conduites', 'catasto delle condotte', 'pipeline cadastre', 'Wasserleitungsnetz', ""Réseau de distribution d'eau"", 'Rete di distribuzione idrica', 'Water-supply system', 'Wasser', 'eau (substance)', 'acqua (sostanza)', 'water (substance)', 'Wasserversorgung', 'alimentation en eau', 'approvvigionamento idrico', 'water supply', 'Abwasserentsorgung', 'évacuation des eaux usées', 'smaltimento delle acque di rifiuto', 'waste water disposal', 'Abwasser', 'eau usée', 'acqua di rifiuto', 'waste water']";no;['FR', 'IT', 'EN', 'DE'];multiple;gemet;Wasserverteilungssystem;réseau de distribution d'eau;water distribution system;sistema di distribuzione dell'acqua
13;ad8bcec6-8857-4bcd-90b1-a7954d996695;"['Leitungskataster', 'cadastre des conduites', 'catasto delle condotte', 'pipeline cadastre', 'Wasserleitung', ""conduite d'eau"", ""condotta d'acqua"", 'water pipe', 'Wasserleitungsnetz', ""Réseau de distribution d'eau"", 'Rete di distribuzione idrica', 'Water-supply system', 'Abwassereinleitung', ""rejet d'eaux usées"", 'scarico delle acque di rifiuto', 'waste water discharge', 'Abwasserentsorgung', 'évacuation des eaux usées', 'smaltimento delle acque di rifiuto', 'waste water disposal', 'Abwasser', 'eau usée', 'acqua di rifiuto', 'waste water', 'Wasserversorgung', 'alimentation en eau', 'approvvigionamento idrico', 'water supply']";no;['FR', 'IT', 'EN', 'DE'];multiple;gemet;Wasserverteilungssystem;réseau de distribution d'eau;water distribution system;sistema di distribuzione dell'acqua
14;570d81e4-4245-4faa-b8ae-cf117be61fa3;"['Leitungskataster', 'cadastre des conduites', 'catasto delle condotte', 'pipeline cadastre', 'Wasserleitungsnetz', ""Réseau de distribution d'eau"", 'Rete di distribuzione idrica', 'Water-supply system', 'Wasserleitung', ""conduite d'eau"", ""condotta d'acqua"", 'water pipe', 'Abwasser', 'eau usée', 'acqua di rifiuto', 'waste water', 'Fernwärme', 'chauffage urbain', 'riscaldamento urbano', 'district heating', 'Abwasserentsorgung', 'évacuation des eaux usées', 'smaltimento delle acque di rifiuto', 'waste water disposal']";no;['FR', 'IT', 'EN', 'DE'];multiple;gemet;Wasserverteilungssystem;réseau de distribution d'eau;water distribution system;sistema di distribuzione dell'acqua
15;35322d08-89d8-452f-94eb-e273ef24defc;"['Leitungskataster', 'cadastre des conduites', 'catasto delle condotte', 'pipeline cadastre', 'Wasserleitungsnetz', ""Réseau de distribution d'eau"", 'Rete di distribuzione idrica', 'Water-supply system', 'Trinkwasserversorgung', 'approvisionnement en eau potable', 'approvvigionamento di acqua potabile', 'drinking water supply', 'Wasserversorgung', 'alimentation en eau', 'approvvigionamento idrico', 'water supply', 'Abwasser', 'eau usée', 'acqua di rifiuto', 'waste water', 'Kanalisation', ""réseau d'égouts"", 'rete fognaria', 'sewerage system']";no;['FR', 'IT', 'EN', 'DE'];multiple;gemet;Wasserverteilungssystem;réseau de distribution d'eau;water distribution system;sistema di distribuzione dell'acqua
16;d48721fe-334d-4bab-815c-757167edb12a;"['Abwassereinleitung', 'scarico delle acque di rifiuto', 'waste water discharge', ""rejet d'eaux usées"", 'Abwasser', 'acqua di rifiuto', 'waste water', 'eau usée', 'Kanalisation', 'rete fognaria', 'sewerage system', ""réseau d'égouts"", 'Wasser', 'acqua (sostanza)', 'water (substance)', 'eau (substance)', 'Leitungskataster', 'catasto delle condotte', 'pipeline cadastre', 'cadastre des conduites', 'Wasserleitungsnetz', 'Rete di distribuzione idrica', 'Water-supply system', ""Réseau de distribution d'eau"", 'Wasserleitung', ""condotta d'acqua"", 'water pipe', ""conduite d'eau""]";no;['IT', 'EN', 'FR', 'DE'];multiple;gemet;Wasserverteilungssystem;réseau de distribution d'eau;water distribution system;sistema di distribuzione dell'acqua
17;772a662c-fcf6-4469-b89d-e6ecba941ed1;"['Wasser', 'acqua (sostanza)', 'water (substance)', 'eau (substance)', 'Abwassereinleitung', 'scarico delle acque di rifiuto', 'waste water discharge', ""rejet d'eaux usées"", 'Kanalisation', 'rete fognaria', 'sewerage system', ""réseau d'égouts"", 'Abwasser', 'acqua di rifiuto', 'waste water', 'eau usée', 'Wasserleitungsnetz', 'Rete di distribuzione idrica', 'Water-supply system', ""Réseau de distribution d'eau"", 'Leitungskataster', 'catasto delle condotte', 'pipeline cadastre', 'cadastre des conduites', 'Wasserleitung', ""condotta d'acqua"", 'water pipe', ""conduite d'eau""]";no;['IT', 'EN', 'FR', 'DE'];multiple;gemet;Wasserverteilungssystem;réseau de distribution d'eau;water distribution system;sistema di distribuzione dell'acqua
18;16c0c173-727e-4be6-afec-d2293fe142ed;"['Wasser', 'acqua (sostanza)', 'water (substance)', 'eau (substance)', 'Kanalisation', 'rete fognaria', 'sewerage system', ""réseau d'égouts"", 'Abwasser', 'acqua di rifiuto', 'waste water', 'eau usée', 'Abwassereinleitung', 'scarico delle acque di rifiuto', 'waste water discharge', ""rejet d'eaux usées"", 'Leitungskataster', 'catasto delle condotte', 'pipeline cadastre', 'cadastre des conduites', 'Wasserleitungsnetz', 'Rete di distribuzione idrica', 'Water-supply system', ""Réseau de distribution d'eau"", 'Wasserleitung', ""condotta d'acqua"", 'water pipe', ""conduite d'eau""]";no;['IT', 'EN', 'FR', 'DE'];multiple;gemet;Wasserverteilungssystem;réseau de distribution d'eau;water distribution system;sistema di distribuzione dell'acqua
19;cd98bd30-1368-4347-908e-8a6aacf87fff;['Leitungskataster', 'Wasserleitung', 'Wasserleitungsnetz', 'Gewässer', 'Hydrologie', 'Wasserversorgung', 'Wasser'];no;['ger'];ger;gemet;Wasserverteilungssystem;réseau de distribution d'eau;water distribution system;sistema di distribuzione dell'acqua
20;429d888f-e162-47bd-851f-208b4bdcdcec;['Wasserleitungsnetz', 'Leitungskataster', 'Wasserleitung', 'Gewässer', 'Wasserversorgung', 'Wasser', 'Hydrologie'];no;['ger'];ger;gemet;Wasserverteilungssystem;réseau de distribution d'eau;water distribution system;sistema di distribuzione dell'acqua
21;f23c77fd-3b0a-468f-a061-982a08f1c494;['Gewässer', 'Leitungskataster', 'Wasserleitungsnetz', 'Wasserleitung', 'Hydrologie', 'Wasserversorgung', 'Wasser'];no;['ger'];ger;gemet;Wasserverteilungssystem;réseau de distribution d'eau;water distribution system;sistema di distribuzione dell'acqua
22;44ca925f-9376-494f-89bb-147d8d23baef;['Leitungskataster', 'Gewässer', 'Wasserleitungsnetz', 'Wasserleitung', 'Wasserversorgung', 'Hydrologie', 'Wasser'];no;['ger'];ger;gemet;Wasserverteilungssystem;réseau de distribution d'eau;water distribution system;sistema di distribuzione dell'acqua
23;89fb9377-d970-4d3f-8625-24639a595979;['Gewässer', 'Leitungskataster', 'Wasserleitung', 'Wasserleitungsnetz', 'Hydrologie', 'Wasser', 'Wasserversorgung'];no;['ger'];ger;gemet;Wasserverteilungssystem;réseau de distribution d'eau;water distribution system;sistema di distribuzione dell'acqua
24;e510ca6e-b573-48ca-9b7f-79fe29e7674e;['Gewässer', 'Wasserleitung', 'Wasserleitungsnetz', 'Leitungskataster', 'Hydrologie', 'Wasser', 'Wasserversorgung'];no;['ger'];ger;gemet;Wasserverteilungssystem;réseau de distribution d'eau;water distribution system;sistema di distribuzione dell'acqua
25;71547f87-2667-423a-a171-96331aad3467;['Wasserleitungsnetz', 'Leitungskataster', 'Wasserleitung', 'Gewässer', 'Wasserversorgung', 'Hydrologie', 'Wasser'];no;['ger'];ger;gemet;Wasserverteilungssystem;réseau de distribution d'eau;water distribution system;sistema di distribuzione dell'acqua
26;f687f631-7ca7-4b26-9084-49186aba43b1;['Wasserleitung', 'Gewässer', 'Wasserleitungsnetz', 'Leitungskataster', 'Wasser', 'Hydrologie', 'Wasserversorgung'];no;['ger'];ger;gemet;Wasserverteilungssystem;réseau de distribution d'eau;water distribution system;sistema di distribuzione dell'acqua
27;6d706ad5-0d3d-4f41-9f0c-f796a266cbd7;['Wasserleitung', 'Gewässer', 'Leitungskataster', 'Wasserleitungsnetz', 'Hydrologie', 'Wasser', 'Wasserversorgung'];no;['ger'];ger;gemet;Wasserverteilungssystem;réseau de distribution d'eau;water distribution system;sistema di distribuzione dell'acqua
28;60a45fbb-3028-41ff-b416-2eb6ed55f3bb;['Gewässer', 'Wasserleitung', 'Leitungskataster', 'Wasserleitungsnetz', 'Wasserversorgung', 'Wasser', 'Hydrologie'];no;['ger'];ger;gemet;Wasserverteilungssystem;réseau de distribution d'eau;water distribution system;sistema di distribuzione dell'acqua
29;9e2d044a-919a-4aab-848b-cac427b9abb9;['Wasserleitungsnetz', 'Gewässer', 'Wasserleitung', 'Leitungskataster', 'Hydrologie', 'Wasserversorgung', 'Wasser'];no;['ger'];ger;gemet;Wasserverteilungssystem;réseau de distribution d'eau;water distribution system;sistema di distribuzione dell'acqua
30;f0fd8385-f592-43c7-a94e-f9f9ddffc52a;['Wasserleitungsnetz', 'Leitungskataster', 'Gewässer', 'Wasserleitung', 'Wasser', 'Wasserversorgung', 'Hydrologie'];no;['ger'];ger;gemet;Wasserverteilungssystem;réseau de distribution d'eau;water distribution system;sistema di distribuzione dell'acqua
31;46ef2158-ddba-47c2-8f9c-d8d0fe649165;['Wasserleitungsnetz', 'Gewässer', 'Wasserleitung', 'Leitungskataster', 'Hydrologie', 'Wasser', 'Wasserversorgung'];no;['ger'];ger;gemet;Wasserverteilungssystem;réseau de distribution d'eau;water distribution system;sistema di distribuzione dell'acqua
32;85e28714-9063-4088-b134-1b49fd83505e;"['Elektrizität', 'elettricità', 'electricity', 'électricité', 'Telekommunikation', 'telecomunicazione', 'telecommunication', 'télécommunication', 'Wasser', 'acqua (sostanza)', 'water (substance)', 'eau (substance)', 'Fernwärme', 'riscaldamento urbano', 'district heating', 'chauffage urbain', 'Wasserleitungsnetz', 'Rete di distribuzione idrica', 'Water-supply system', ""Réseau de distribution d'eau"", 'Wasserleitung', ""condotta d'acqua"", 'water pipe', ""conduite d'eau"", 'Leitungskataster', 'catasto delle condotte', 'pipeline cadastre', 'cadastre des conduites', 'Stromnetz', 'rete elettrica', 'power grid', 'réseau électrique', 'Strom', 'corrente', 'current', 'courant']";no;['IT', 'EN', 'FR', 'DE'];multiple;gemet;Wasserverteilungssystem;réseau de distribution d'eau;water distribution system;sistema di distribuzione dell'acqua
33;d3869c52-bda4-4b12-8c1f-8849ce3bb364;"['Wasserleitung', ""conduite d'eau"", ""condotta d'acqua"", 'water pipe', 'Wasserleitungsnetz', ""Réseau de distribution d'eau"", 'Rete di distribuzione idrica', 'Water-supply system', 'Leitungskataster', 'cadastre des conduites', 'catasto delle condotte', 'pipeline cadastre', 'Abwassereinleitung', ""rejet d'eaux usées"", 'scarico delle acque di rifiuto', 'waste water discharge', 'Wasserversorgung', 'alimentation en eau', 'approvvigionamento idrico', 'water supply', 'Abwasserentsorgung', 'évacuation des eaux usées', 'smaltimento delle acque di rifiuto', 'waste water disposal', 'Wasser', 'eau (substance)', 'acqua (sostanza)', 'water (substance)', 'Benutztes Wasser', 'eau usée', 'acqua usata', 'used water']";no;['FR', 'IT', 'EN', 'DE'];multiple;gemet;Wasserverteilungssystem;réseau de distribution d'eau;water distribution system;sistema di distribuzione dell'acqua
34;7d93cf8f-f37b-4f3a-9695-70db76c524a0;"['Leitungskataster', 'cadastre des conduites', 'catasto delle condotte', 'pipeline cadastre', 'Strom', 'courant', 'corrente', 'current', 'Stromnetz', 'réseau électrique', 'rete elettrica', 'power grid', 'Wasserleitung', ""conduite d'eau"", ""condotta d'acqua"", 'water pipe', 'Wasserleitungsnetz', ""Réseau de distribution d'eau"", 'Rete di distribuzione idrica', 'Water-supply system', 'Elektrizitätsgesellschaft', ""compagnie d'électricité"", ""ente per l'energia elettrica"", 'electricity company', 'Elektrizität', 'électricité', 'elettricità', 'electricity', 'Abwasser', 'eau usée', 'acqua di rifiuto', 'waste water', 'Abwasserentsorgung', 'évacuation des eaux usées', 'smaltimento delle acque di rifiuto', 'waste water disposal']";no;['FR', 'IT', 'EN', 'DE'];multiple;gemet;Wasserverteilungssystem;réseau de distribution d'eau;water distribution system;sistema di distribuzione dell'acqua
35;5aea8264-304d-4fdc-9834-cd517d68cec9;"['Elektrizität', 'elettricità', 'electricity', 'électricité', 'Wasser', 'acqua (sostanza)', 'water (substance)', 'eau (substance)', 'Stromnetz', 'rete elettrica', 'power grid', 'réseau électrique', 'Strom', 'corrente', 'current', 'courant', 'Wasserleitung', ""condotta d'acqua"", 'water pipe', ""conduite d'eau"", 'Wasserleitungsnetz', 'Rete di distribuzione idrica', 'Water-supply system', ""Réseau de distribution d'eau"", 'Leitungskataster', 'catasto delle condotte', 'pipeline cadastre', 'cadastre des conduites']";no;['IT', 'EN', 'FR', 'DE'];multiple;gemet;Wasserverteilungssystem;réseau de distribution d'eau;water distribution system;sistema di distribuzione dell'acqua
36;14edfa7e-d707-4b8b-bce4-1b878dce507a;"['Wasser', 'acqua (sostanza)', 'water (substance)', 'eau (substance)', 'Fernwärme', 'riscaldamento urbano', 'district heating', 'chauffage urbain', 'Kanalisation', 'rete fognaria', 'sewerage system', ""réseau d'égouts"", 'Abwasser', 'acqua di rifiuto', 'waste water', 'eau usée', 'Abwasserentsorgung', 'smaltimento delle acque di rifiuto', 'waste water disposal', 'évacuation des eaux usées', 'Leitungskataster', 'catasto delle condotte', 'pipeline cadastre', 'cadastre des conduites', 'Wasserleitung', ""condotta d'acqua"", 'water pipe', ""conduite d'eau"", 'Wasserleitungsnetz', 'Rete di distribuzione idrica', 'Water-supply system', ""Réseau de distribution d'eau""]";no;['IT', 'EN', 'FR', 'DE'];multiple;gemet;Wasserverteilungssystem;réseau de distribution d'eau;water distribution system;sistema di distribuzione dell'acqua
37;9093cfc4-3ff9-46be-8364-65f7610604cc;"['Wasser', 'acqua (sostanza)', 'water (substance)', 'eau (substance)', 'Elektrizität', 'elettricità', 'electricity', 'électricité', 'Leitungskataster', 'catasto delle condotte', 'pipeline cadastre', 'cadastre des conduites', 'Stromnetz', 'rete elettrica', 'power grid', 'réseau électrique', 'Wasserleitung', ""condotta d'acqua"", 'water pipe', ""conduite d'eau"", 'Wasserleitungsnetz', 'Rete di distribuzione idrica', 'Water-supply system', ""Réseau de distribution d'eau"", 'Strom', 'corrente', 'current', 'courant']";no;['IT', 'EN', 'FR', 'DE'];multiple;gemet;Wasserverteilungssystem;réseau de distribution d'eau;water distribution system;sistema di distribuzione dell'acqua
38;0fcea30e-43c1-4a6a-b983-b73f61507458;"['Leitungskataster', 'cadastre des conduites', 'catasto delle condotte', 'pipeline cadastre', 'Wasserleitungsnetz', ""Réseau de distribution d'eau"", 'Rete di distribuzione idrica', 'Water-supply system', 'Kanalisation', ""réseau d'égouts"", 'rete fognaria', 'sewerage system', 'Wasserversorgung', 'alimentation en eau', 'approvvigionamento idrico', 'water supply', 'Abwasser', 'eau usée', 'acqua di rifiuto', 'waste water', 'Trinkwasserversorgung', 'approvisionnement en eau potable', 'approvvigionamento di acqua potabile', 'drinking water supply', 'Wärme', 'chaleur', 'calore', 'heat (physics)', 'Fernwärme', 'chauffage urbain', 'riscaldamento urbano', 'district heating']";no;['FR', 'IT', 'EN', 'DE'];multiple;gemet;Wasserverteilungssystem;réseau de distribution d'eau;water distribution system;sistema di distribuzione dell'acqua
39;99c89738-226c-4677-b40a-615f622f18a8;"['Leitungskataster', 'cadastre des conduites', 'catasto delle condotte', 'pipeline cadastre', 'Wasserleitung', ""conduite d'eau"", ""condotta d'acqua"", 'water pipe', 'Wasserleitungsnetz', ""Réseau de distribution d'eau"", 'Rete di distribuzione idrica', 'Water-supply system', 'Wasser', 'eau (substance)', 'acqua (sostanza)', 'water (substance)', 'Wasserversorgung', 'alimentation en eau', 'approvvigionamento idrico', 'water supply', 'Abwasser', 'eau usée', 'acqua di rifiuto', 'waste water', 'Abwassereinleitung', ""rejet d'eaux usées"", 'scarico delle acque di rifiuto', 'waste water discharge', 'Abwasserentsorgung', 'évacuation des eaux usées', 'smaltimento delle acque di rifiuto', 'waste water disposal', 'Kanalisation', ""réseau d'égouts"", 'rete fognaria', 'sewerage system']";no;['FR', 'IT', 'EN', 'DE'];multiple;gemet;Wasserverteilungssystem;réseau de distribution d'eau;water distribution system;sistema di distribuzione dell'acqua
40;0090e498-6c3a-4ce9-a6f8-4b06455ca387;"['Leitungskataster', 'cadastre des conduites', 'catasto delle condotte', 'pipeline cadastre', 'Wasserleitungsnetz', ""Réseau de distribution d'eau"", 'Rete di distribuzione idrica', 'Water-supply system', 'Wasser', 'eau (substance)', 'acqua (sostanza)', 'water (substance)', 'Wasserversorgung', 'alimentation en eau', 'approvvigionamento idrico', 'water supply', 'Rohrleitung', 'pipeline', 'condotta', 'pipeline', 'Fernwärme', 'chauffage urbain', 'riscaldamento urbano', 'district heating', 'Abwasser', 'eau usée', 'acqua di rifiuto', 'waste water', 'Abwasserentsorgung', 'évacuation des eaux usées', 'smaltimento delle acque di rifiuto', 'waste water disposal']";no;['FR', 'IT', 'EN', 'DE'];multiple;gemet;Wasserverteilungssystem;réseau de distribution d'eau;water distribution system;sistema di distribuzione dell'acqua
41;2b2da987-3c4f-4cbf-807d-546b80eb63c8;"['Leitungskataster', 'cadastre des conduites', 'catasto delle condotte', 'pipeline cadastre', 'Strom', 'courant', 'corrente', 'current', 'Stromnetz', 'réseau électrique', 'rete elettrica', 'power grid', 'Wasserleitung', ""conduite d'eau"", ""condotta d'acqua"", 'water pipe', 'Wasserleitungsnetz', ""Réseau de distribution d'eau"", 'Rete di distribuzione idrica', 'Water-supply system', 'Erdgasleitung', 'conduite de gaz naturel', 'metandotto', 'natural gas pipeline', 'Elektrizitätsgesellschaft', ""compagnie d'électricité"", ""ente per l'energia elettrica"", 'electricity company', 'Elektrizität', 'électricité', 'elettricità', 'electricity', 'Erdgas', 'gaz naturel', 'gas naturale', 'natural gas']";no;['FR', 'IT', 'EN', 'DE'];multiple;gemet;Wasserverteilungssystem;réseau de distribution d'eau;water distribution system;sistema di distribuzione dell'acqua
42;5b872cff-d95e-477d-921d-de0096767668;"['Leitungskataster', 'cadastre des conduites', 'catasto delle condotte', 'pipeline cadastre', 'Strom', 'courant', 'corrente', 'current', 'Stromnetz', 'réseau électrique', 'rete elettrica', 'power grid', 'Wasserleitung', ""conduite d'eau"", ""condotta d'acqua"", 'water pipe', 'Wasserleitungsnetz', ""Réseau de distribution d'eau"", 'Rete di distribuzione idrica', 'Water-supply system', 'Elektrizitätsgesellschaft', ""compagnie d'électricité"", ""ente per l'energia elettrica"", 'electricity company', 'Elektrizität', 'électricité', 'elettricità', 'electricity']";no;['FR', 'IT', 'EN', 'DE'];multiple;gemet;Wasserverteilungssystem;réseau de distribution d'eau;water distribution system;sistema di distribuzione dell'acqua
43;4310e8c1-ef16-4005-a859-b18b822fd2c5;['Hydrologie', 'Wasser', 'Brauchwasser (Industrie)', 'Wasserversorgung', 'Landwirtschaftliches Brauchwasser', 'Trinkwasser', 'Wasserleitungsnetz', 'Wasserleitung', 'Gewässer', 'Leitungskataster'];no;['ger'];ger;gemet;Wasserverteilungssystem;réseau de distribution d'eau;water distribution system;sistema di distribuzione dell'acqua
44;dd6fa723-ea05-4446-9909-62d04e45b986;['Trinkwasser', 'Landwirtschaftliches Brauchwasser', 'Brauchwasser (Industrie)', 'Wasserversorgung', 'Hydrologie', 'Wasser', 'Leitungskataster', 'Wasserleitungsnetz', 'Wasserleitung', 'Gewässer'];no;['ger'];ger;gemet;Wasserverteilungssystem;réseau de distribution d'eau;water distribution system;sistema di distribuzione dell'acqua
45;dada08f5-89a8-4b2d-acbc-ba3498e6734b;['Hydrologie', 'Trinkwasser', 'Landwirtschaftliches Brauchwasser', 'Brauchwasser (Industrie)', 'Wasserversorgung', 'Wasser', 'Leitungskataster', 'Gewässer', 'Wasserleitung', 'Wasserleitungsnetz'];no;['ger'];ger;gemet;Wasserverteilungssystem;réseau de distribution d'eau;water distribution system;sistema di distribuzione dell'acqua
46;85ad3ad6-d252-4acf-a23e-496054a2cc39;['Wasser', 'Trinkwasser', 'Wasserversorgung', 'Brauchwasser (Industrie)', 'Hydrologie', 'Landwirtschaftliches Brauchwasser', 'Gewässer', 'Wasserleitung', 'Leitungskataster', 'Wasserleitungsnetz'];no;['ger'];ger;gemet;Wasserverteilungssystem;réseau de distribution d'eau;water distribution system;sistema di distribuzione dell'acqua
47;d2598f23-9b8a-4510-9c4c-d39a7dd48fb8;['Hydrologie', 'Wasserversorgung', 'Trinkwasser', 'Brauchwasser (Industrie)', 'Landwirtschaftliches Brauchwasser', 'Wasser', 'Wasserleitungsnetz', 'Gewässer', 'Wasserleitung', 'Leitungskataster'];no;['ger'];ger;gemet;Wasserverteilungssystem;réseau de distribution d'eau;water distribution system;sistema di distribuzione dell'acqua
48;4666835f-af85-4277-b274-8b3c0e8a48b3;['Brauchwasser (Industrie)', 'Trinkwasser', 'Hydrologie', 'Wasserversorgung', 'Landwirtschaftliches Brauchwasser', 'Wasser', 'Gewässer', 'Leitungskataster', 'Wasserleitungsnetz', 'Wasserleitung'];no;['ger'];ger;gemet;Wasserverteilungssystem;réseau de distribution d'eau;water distribution system;sistema di distribuzione dell'acqua
49;3de2dc9f-429b-4e71-bf0a-9dbc7d9a8f6e;['Wasserversorgung', 'Brauchwasser (Industrie)', 'Landwirtschaftliches Brauchwasser', 'Wasser', 'Hydrologie', 'Trinkwasser', 'Wasserleitungsnetz', 'Gewässer', 'Wasserleitung', 'Leitungskataster'];no;['ger'];ger;gemet;Wasserverteilungssystem;réseau de distribution d'eau;water distribution system;sistema di distribuzione dell'acqua
50;cdfef48f-74c0-4d10-bd7b-2353ba522294;['Landwirtschaftliches Brauchwasser', 'Wasserversorgung', 'Trinkwasser', 'Brauchwasser (Industrie)', 'Hydrologie', 'Wasser', 'Leitungskataster', 'Wasserleitungsnetz', 'Gewässer', 'Wasserleitung'];no;['ger'];ger;gemet;Wasserverteilungssystem;réseau de distribution d'eau;water distribution system;sistema di distribuzione dell'acqua
51;ed462edc-93d8-408e-b4e6-9166c9c54db4;['Wasserversorgung', 'Landwirtschaftliches Brauchwasser', 'Trinkwasser', 'Hydrologie', 'Brauchwasser (Industrie)', 'Wasser', 'Wasserleitungsnetz', 'Leitungskataster', 'Gewässer', 'Wasserleitung'];no;['ger'];ger;gemet;Wasserverteilungssystem;réseau de distribution d'eau;water distribution system;sistema di distribuzione dell'acqua
52;6563fc3b-03a8-4911-96ee-4b3d11f38191;['Hydrologie', 'Wasserversorgung', 'Brauchwasser (Industrie)', 'Landwirtschaftliches Brauchwasser', 'Wasser', 'Trinkwasser', 'Leitungskataster', 'Wasserleitungsnetz', 'Wasserleitung', 'Gewässer'];no;['ger'];ger;gemet;Wasserverteilungssystem;réseau de distribution d'eau;water distribution system;sistema di distribuzione dell'acqua
53;0aaba99d-9c97-448b-93aa-4064f18e7242;['Trinkwasser', 'Wasser', 'Brauchwasser (Industrie)', 'Landwirtschaftliches Brauchwasser', 'Wasserversorgung', 'Hydrologie', 'Gewässer', 'Wasserleitungsnetz', 'Leitungskataster', 'Wasserleitung'];no;['ger'];ger;gemet;Wasserverteilungssystem;réseau de distribution d'eau;water distribution system;sistema di distribuzione dell'acqua
54;9636ff21-ec5e-429e-a52e-8052a4a6e099;['Hydrologie', 'Brauchwasser (Industrie)', 'Trinkwasser', 'Landwirtschaftliches Brauchwasser', 'Wasser', 'Wasserversorgung', 'Wasserleitung', 'Wasserleitungsnetz', 'Gewässer', 'Leitungskataster'];no;['ger'];ger;gemet;Wasserverteilungssystem;réseau de distribution d'eau;water distribution system;sistema di distribuzione dell'acqua
55;6c9029ed-ee75-4fb9-8301-c67cdec078da;['Wasserversorgung', 'Wasser', 'Trinkwasser', 'Hydrologie', 'Brauchwasser (Industrie)', 'Landwirtschaftliches Brauchwasser', 'Wasserleitung', 'Gewässer', 'Leitungskataster', 'Wasserleitungsnetz'];no;['ger'];ger;gemet;Wasserverteilungssystem;réseau de distribution d'eau;water distribution system;sistema di distribuzione dell'acqua
56;cdcade82-b533-4daa-9f3b-000c8ed3243e;['Wasserversorgung', 'Wasser', 'Hydrologie', 'Trinkwasser', 'Landwirtschaftliches Brauchwasser', 'Brauchwasser (Industrie)', 'Wasserleitungsnetz', 'Gewässer', 'Leitungskataster', 'Wasserleitung'];no;['ger'];ger;gemet;Wasserverteilungssystem;réseau de distribution d'eau;water distribution system;sistema di distribuzione dell'acqua
57;43f1399a-6872-4777-bd29-46fa6761a39d;['Wasser', 'Landwirtschaftliches Brauchwasser', 'Hydrologie', 'Brauchwasser (Industrie)', 'Wasserversorgung', 'Trinkwasser', 'Gewässer', 'Leitungskataster', 'Wasserleitungsnetz', 'Wasserleitung'];no;['ger'];ger;gemet;Wasserverteilungssystem;réseau de distribution d'eau;water distribution system;sistema di distribuzione dell'acqua
58;58230492-02c4-424b-b9f7-4099800766b0;"['Wasser', 'eau', 'acqua', 'water', 'Gasnetz', 'réseau gazier', 'rete di distribuzione del gas', 'gas network', 'Gasversorgung', 'alimentation en gaz', 'fornitura di gas', 'gas supply', 'Elektrizität', 'électricité', 'elettricità', 'electricity', 'Fernwärme', 'chauffage urbain', 'riscaldamento urbano', 'district heating', 'Abwasser', 'eau usée', 'acqua di rifiuto', 'waste water', 'Wasserleitungsnetz', ""Réseau de distribution d'eau"", 'Rete di distribuzione idrica', 'Water-supply system', 'Wasserleitung', ""conduite d'eau"", ""condotta d'acqua"", 'water pipe']";no;['FR', 'IT', 'EN', 'DE'];multiple;gemet;Wasserverteilungssystem;réseau de distribution d'eau;water distribution system;sistema di distribuzione dell'acqua
59;50219eff-4129-4df7-bb7b-1ff7fe9153d8;"['Abwasser', 'acqua di rifiuto', 'waste water', 'eau usée', 'Abwassereinleitung', 'scarico delle acque di rifiuto', 'waste water discharge', ""rejet d'eaux usées"", 'Wasser', 'acqua (sostanza)', 'water (substance)', 'eau (substance)', 'Elektrizität', 'elettricità', 'electricity', 'électricité', 'Kanalisation', 'rete fognaria', 'sewerage system', ""réseau d'égouts"", 'Wasserleitungsnetz', 'Rete di distribuzione idrica', 'Water-supply system', ""Réseau de distribution d'eau"", 'Wasserleitung', ""condotta d'acqua"", 'water pipe', ""conduite d'eau"", 'Stromnetz', 'rete elettrica', 'power grid', 'réseau électrique', 'Leitungskataster', 'catasto delle condotte', 'pipeline cadastre', 'cadastre des conduites', 'Strom', 'corrente', 'current', 'courant']";no;['IT', 'EN', 'FR', 'DE'];multiple;gemet;Wasserverteilungssystem;réseau de distribution d'eau;water distribution system;sistema di distribuzione dell'acqua
60;260a7c0f-a071-4b75-9e31-77764379d449;"['Leitungskataster', 'cadastre des conduites', 'catasto delle condotte', 'pipeline cadastre', 'Strom', 'courant', 'corrente', 'current', 'Stromnetz', 'réseau électrique', 'rete elettrica', 'power grid', 'Wasserleitung', ""conduite d'eau"", ""condotta d'acqua"", 'water pipe', 'Wasserleitungsnetz', ""Réseau de distribution d'eau"", 'Rete di distribuzione idrica', 'Water-supply system', 'Erdgasleitung', 'conduite de gaz naturel', 'metandotto', 'natural gas pipeline', 'Gasleitung', 'conduite de gaz', 'condotta di gas', 'gas pipeline', 'Rohrleitung', 'conduite', 'condotta', 'pipeline', 'Erdgas', 'gaz naturel', 'gas naturale', 'natural gas', 'Elektrizität', 'électricité', 'elettricità', 'electricity', 'Wasser', 'eau', 'acqua', 'water', 'Elektrizitätsgesellschaft', ""compagnie d'électricité"", ""ente per l'energia elettrica"", 'electricity company', 'Fernwärme', 'chauffage urbain', 'riscaldamento urbano', 'district heating']";no;['FR', 'IT', 'EN', 'DE'];multiple;gemet;Wasserverteilungssystem;réseau de distribution d'eau;water distribution system;sistema di distribuzione dell'acqua
61;78ca6d92-1dfc-4a81-9642-3d93e3909cd0;"['Leitungskataster', 'cadastre des conduites', 'catasto delle condotte', 'pipeline cadastre', 'Wasserleitungsnetz', ""Réseau de distribution d'eau"", 'Rete di distribuzione idrica', 'Water-supply system', 'Erdgasleitung', 'conduite de gaz naturel', 'metandotto', 'natural gas pipeline', 'Stromnetz', 'réseau électrique', 'rete elettrica', 'power grid', 'Strom', 'courant', 'corrente', 'current', 'Wasserversorgung', 'alimentation en eau', 'approvvigionamento idrico', 'water supply', 'Erdgas', 'gaz naturel', 'gas naturale', 'natural gas', 'Energieversorgung', 'approvisionnement en énergie', 'fornitura di energia', 'energy supply', 'Wärme', 'chaleur', 'calore', 'heat (physics)', 'Elektrizität', 'électricité', 'elettricità', 'electricity', 'Elektrizitätswerk', 'centrale électrique', 'impianto di produzione di energia elettrica', 'electric power plant', 'Elektrizitätsversorgung', 'approvisionnement en électricité', 'fornitura di energia elettrica', 'electric power supply', 'Kommunikation', 'communication', 'comunicazione', 'communication']";no;['FR', 'IT', 'EN', 'DE'];multiple;gemet;Wasserverteilungssystem;réseau de distribution d'eau;water distribution system;sistema di distribuzione dell'acqua
62;9a518b95-71cb-4cc1-8a19-dbb17723a486;"['Kanalisation', 'rete fognaria', 'sewerage system', ""réseau d'égouts"", 'Abwasser', 'acqua di rifiuto', 'waste water', 'eau usée', 'Wasser', 'acqua (sostanza)', 'water (substance)', 'eau (substance)', 'Abwassereinleitung', 'scarico delle acque di rifiuto', 'waste water discharge', ""rejet d'eaux usées"", 'Telekommunikation', 'telecomunicazione', 'telecommunication', 'télécommunication', 'Elektrizität', 'elettricità', 'electricity', 'électricité', 'Wasserleitung', ""condotta d'acqua"", 'water pipe', ""conduite d'eau"", 'Stromnetz', 'rete elettrica', 'power grid', 'réseau électrique', 'Strom', 'corrente', 'current', 'courant', 'Wasserleitungsnetz', 'Rete di distribuzione idrica', 'Water-supply system', ""Réseau de distribution d'eau"", 'Leitungskataster', 'catasto delle condotte', 'pipeline cadastre', 'cadastre des conduites']";no;['IT', 'EN', 'FR', 'DE'];multiple;gemet;Wasserverteilungssystem;réseau de distribution d'eau;water distribution system;sistema di distribuzione dell'acqua
63;2b2ba826-1462-4640-b92e-935c03091e28;['Wasserversorgung', 'Brauchwasser (Industrie)', 'Brauchwasser (Industrie)', 'Hydrologie', 'Abwasser', 'Kommunikation', 'Trinkwasser', 'Wasser', 'Landwirtschaftliches Brauchwasser', 'Landwirtschaftliches Brauchwasser', 'Gewässer', 'Wasserleitung', 'Kabelkommunikation', 'Leitungskataster', 'Wasserleitungsnetz'];no;['ger'];ger;gemet;Wasserverteilungssystem;réseau de distribution d'eau;water distribution system;sistema di distribuzione dell'acqua
64;b21b6aa2-e126-4c45-a0a1-69b45c59eb87;"['source', 'Quelle', 'sorgente (idrologia, territorio)', 'spring (hydrology, land)', ""réseau de distribution d'eau"", 'Wasserverteilungssystem', ""sistema di distribuzione dell'acqua"", 'water distribution system', ""Réseau de distribution d'eau"", 'Wasserleitungsnetz', 'Rete di distribuzione idrica', 'Water-supply system', 'captage', 'Auffangbecken', 'captazione (struttura)', 'catchment', ""réservoir d'eau"", 'Wasserbehälter', ""riserva d'acqua"", 'water reservoir', 'eau potable', 'Trinkwasser', 'acqua potabile', 'drinking water', 'conduite', 'Rohrleitung', 'condotta', 'pipeline']";yes;['DE', 'IT', 'EN', 'FR'];multiple;gemet;Wasserverteilungssystem;réseau de distribution d'eau;water distribution system;sistema di distribuzione dell'acqua
