;uuid;missing keywords
0;13da788b-2db8-4e95-87cb-63fc160ee304;1
1;314af92a-3d2d-47e4-8d9e-fcc258dae3d5;1
2;b054025c-6f79-44ce-9f48-ceb3231cb296;1
3;c2b41e2b-3081-49e1-99c2-ed2fc96f5116;1
4;9826694f-e234-485b-80e2-70c409c22669;1
5;db61ae9a-fa8f-4bc6-8900-99ccf0a87a3c;1
6;c77736e7-d685-40d5-9749-0dffdef0d43f;1
7;bcc76bdc-a77b-4e8d-a654-bbfc3455072d;1
8;81bfb1aa-aadd-4bf9-a2b7-8265dfb5bc6d;1
9;f1b63eda-b6b2-4c1c-9a4e-92858d2c43f8;1
10;9585a345-191d-49a5-8f85-e37e068f08b9;1
11;02a0e24c-4269-48a4-9501-564d66be075c;1
12;abafbe80-c429-48b8-a5d1-20ed1f1f4eeb;1
13;8d934c9d-b7fa-4309-acb6-3a3ded36dec2;1
14;9a74f535-0650-4b8b-b422-992588e3dd25;1
15;a60bca37-aeaf-47f4-acd7-edd90f568c8e;1
16;969fe520-795b-4f57-a39d-cc4fd8d4e149;1
17;b94bea50-5a05-491c-812e-06498f4328de;1
18;7e57c80e-cf05-4227-88e4-b1367c0dff46;1
19;70d2c98a-8cb9-441d-8ed0-26519be09704;1
20;4450d81e-230f-4977-b3fe-7498eb630315;1
21;cf0a29a4-8af9-440b-bce4-b5f7793cb191;1
22;b29035b6-7797-47f3-9442-38ac10f16a62;1
23;7984e932-808b-4674-97ad-45e561509497;1
24;4fb67f18-0a2e-4d7b-ab12-901292b5e588;1
25;13c8d6a0-0e83-4971-a976-4be0865d873c;1
26;ad4aae8c-cb9e-4001-af22-6a6df395feff;1
27;65988ab5-a6ac-43bd-9113-9a7c1fadaccd;1
28;ef48d093-70da-46e2-a3e0-1cea9022b918;1
29;11432978-d1fc-4c04-92e9-c6dead94f7e6;1
30;945c18f9-35e6-41e4-b3ba-4fe33c2959aa;1
31;9b611df6-03bc-4587-9e81-8474704aa863;1
32;0abba544-d6b5-4e07-a6dc-43221e8cba40;1
33;1d82c566-dc52-48b4-b3f4-3aaec93e1e8f;1
34;aaa205ce-f485-4b85-8cde-f5dc4d8d77fc;1
35;e35677dd-6b47-4d40-8502-9512c43b6cda;1
36;a92fef98-1492-4a69-b9cb-d3dc5bc7900b;1
37;e30b004a-3f60-4172-9714-4727ba0d3e93;1
38;9ed41476-2231-402d-99ab-889e50af7a04;1
39;5104e791-5bb0-4aef-9a0f-0c8132c7a5ea;1
40;42d0f120-52b0-4ea6-97aa-db7bc02359dc;1
41;9943b21d-521e-4cf1-b663-0c3f2575f6c1;1
42;77dd4825-be0a-4b2d-9b2b-a9c9bc6a8462;1
43;3f893330-4cd9-4421-a749-ce119e4d63ae;1
44;34413a83-86e1-4c4f-8fa8-03c39577cfac;1
45;33bfc323-263b-4de6-98d9-e962a0b80247;1
46;60f3252e-a77b-4531-8d67-6ad57de80518;1
47;88bfb181-93e3-41c9-acd7-def242ed7f3f;1
48;38d5d657-8acf-4967-8c9b-181cabaa477c;1
49;f3d6485e-c825-4870-bd62-46840a04cf60;1
50;5e7f2cc9-12a4-4d2e-bfde-762c57ece81b;1
51;919feb3f-c7cf-4709-a4a3-4994a34d42a5;1
52;c8f3043a-b7b0-468d-9470-274be47371e5;1
53;70e3d319-3b88-4518-8bc8-4abb8524fcdb;1
54;0aaea519-7258-4b43-be66-9a8f9d5eb0d4;1
55;f2f61e3c-b24a-4a3b-81a8-8447b57c7693;1
56;e3959e7d-b331-4749-8585-e64d9a334792;1
57;5694c6b0-69aa-460e-be3d-e3985d968cce;1
58;e2fc95a2-5bc0-4fbf-8275-e6a9f735653d;1
